1.0297,23.951,0.32575,7.5471,0.14063,0.26928,0.053591
4.0184,15.173,0.046943,6.5148,0.36619,0.14503,0.10327
3.5209,15.262,-1.0618,5.8225,0.25661,-0.10853,-0.026428
3.5248,22.038,-0.21918,6.1383,0.028387,0.061649,0.09058
1.2018,25.475,0.94973,5.7921,-0.017002,0.54552,0.10902
-2.5383,21.055,-0.20673,6.0316,-0.0014885,0.43807,-0.019615
-3.5553,18.436,-1.1095,6.5784,0.053655,0.045253,-0.10662
-0.77727,19.722,-0.92813,6.2208,-0.33574,0.2388,-0.060235
4.1355,24.658,0.31646,5.7219,-0.35784,0.22776,-0.0030305
5.4218,23.635,0.43402,4.6963,-0.34044,0.075822,-0.11764
2.3593,19.385,-0.41706,4.6489,-0.10153,-0.070224,-0.11653
3.1193,18.143,-2.0151,6.1488,0.17684,0.2363,-0.02149
4.239,22.342,-0.82944,6.7702,0.11933,0.28095,-0.039899
1.5135,23.84,0.28224,5.9431,0.018853,-0.14154,-0.11121
-3.6343,18.193,0.3114,4.4123,0.10805,-0.1661,-0.072585
-3.6989,16.065,-1.4262,4.6127,0.37208,0.1717,0.12308
-1.2277,20.379,-1.5587,5.7134,0.3617,0.08387,0.09356
2.0453,22.051,-0.61594,6.2137,0.29568,0.0090629,-0.026561
4.166,18.89,0.5163,6.16,0.11412,0.025538,0.12576
3.4354,13.703,-0.34616,5.7762,-0.21646,0.32282,0.11089
3.7893,15.685,-1.954,5.2766,-0.26784,0.058743,0.055168
3.3739,19.217,-1.6228,5.7665,0.026287,-0.17651,-0.024417
-0.51251,19.097,0.17728,5.5554,-0.079734,-0.018555,0.11767
-4.8586,13.284,0.7132,5.8104,-0.34692,0.17786,0.090534
-2.9235,11.991,-0.85827,6.8204,-0.27813,0.096509,-0.10996
-2.1955,15.853,-1.4183,6.5935,-0.26944,0.21013,-0.11732
0.087909,17.716,-0.58703,5.2119,-0.081767,0.47216,0.013406
1.9312,13.671,0.71436,4.8744,0.19269,0.35033,-0.11429
3.0761,11.161,0.076028,5.5453,0.23669,-0.016862,-0.11439
2.1905,13.609,-1.5936,6.9103,0.16257,-0.01769,-0.09806
1.2123,17.762,-1.5705,7.1168,0.2831,0.31929,0.032095
-2.6316,15.386,0.065441,5.6526,0.40528,0.078376,-0.12632
-4.8289,11.966,0.91277,4.793,0.39462,0.04684,-0.12337
-2.6344,13.813,-0.28479,5.5188,0.3421,0.25823,0.067136
-2.3492,19.237,-1.9941,5.9046,-0.07761,0.51256,0.11683
-1.0939,18.836,-0.25345,6.4219,-0.29839,0.10883,0.027891
0.5264,15.552,0.84459,6.2289,-0.23326,0.10302,0.065724
1.2145,14.83,0.22667,6.517,-0.11257,0.41004,0.11345
1.889,20.547,-1.8805,5.9469,-0.084355,0.51053,0.11175
0.98932,23.182,-0.43024,5.7337,-0.43335,0.18591,-0.011808
-3.1995,19.189,0.3369,5.663,-0.34771,0.22565,0.094442
-5.4164,18.485,1.1088,6.9102,-0.094788,0.46961,0.10944
-3.5616,20.826,-0.14411,7.4333,0.14899,0.44028,-0.021404
-2.7137,24.611,-0.80338,6.8535,0.35466,0.10624,-0.10719
-0.95441,22.867,0.57279,5.238,0.30171,0.26323,-0.064727
0.69473,19.808,1.7778,5.3093,0.04734,0.53856,0.0031712
1.9407,20.264,0.86525,7.2577,0.19768,0.39083,-0.11395
2.6221,24.783,-0.96452,7.5694,0.35713,0.17592,-0.12038
2.2949,23.875,-0.00015506,6.4592,0.32775,0.28211,-0.027823
-0.24522,20.651,1.2612,5.7124,0.096025,0.35192,-0.023788
-4.7361,17.711,1.6599,5.7087,-0.37407,0.13671,-0.11244
-5.0425,22.336,0.74429,6.5222,-0.31448,0.19712,-0.080681
-2.1838,23.624,-0.34006,7.0463,-0.14017,0.42125,0.1209
0.45983,20.496,-0.0032847,6.3492,-0.079843,0.41988,0.10658
3.6195,14.749,1.8534,6.155,-0.33552,0.031435,-0.020524
4.2252,18.398,1.6826,6.382,-0.30759,0.23285,0.12721
3.2086,21.152,-0.19551,5.4295,-0.18264,0.32842,0.11265
2.3792,19.356,-0.41046,5.2307,-0.072677,0.13257,0.073337
1.3595,13.148,0.87849,6.3147,0.28836,-0.070113,-0.020385
-2.3678,15.093,1.8598,7.0355,0.34026,0.20087,0.12034
-4.2941,17.008,0.92338,6.9116,0.25342,0.19475,0.10287
-2.9592,18.888,-0.11044,5.5687,0.23555,-0.11792,-0.10634
0.68424,13.337,-0.14482,4.9293,0.19418,-0.13709,-0.12427
4.1907,11.207,1.8223,5.4714,0.44939,0.20379,-0.0037968
3.9399,15.042,1.4248,6.8246,0.37443,0.12128,-0.12162
3.4191,17.7,0.17272,7.0521,-0.011114,-0.21379,-0.11656
2.8192,14.106,-0.1732,6.1562,-0.23169,0.086074,-0.10458
2.2828,10.285,0.77505,5.1376,-0.24652,0.28068,0.026003
-0.86684,13.379,1.7287,5.5697,-0.28867,0.10642,-0.12902
-3.2144,18.183,1.1577,6.1965,-0.027577,-0.15014,-0.11489
-2.5603,16.344,-0.38161,5.9273,-0.15412,0.074856,0.077847
1.3238,13.052,-0.10053,6.3165,-0.29529,0.23676,0.11523
4.7841,13.185,1.8357,6.3596,-0.24024,0.058841,0.032279
3.3909,18.894,1.9915,5.6689,0.15918,-0.15424,0.051003
3.1441,19.721,-0.22589,5.3799,0.38414,0.23402,0.11187
2.7447,17.042,-0.72226,5.1578,0.34833,0.17227,0.11496
2.43,15.696,0.48697,6.5539,0.27488,-0.087363,-0.012266
-0.59971,19.691,2.0637,7.112,0.085335,-0.014852,0.071526
-3.6481,23.325,0.19121,6.1138,0.31347,0.33767,0.11048
-3.1751,19.444,-0.6368,4.7248,0.36883,0.085998,-0.00086386
0.36791,18.48,-0.76464,5.3609,0.25123,-0.042063,-0.1045
4.0942,20.782,0.88879,6.241,-0.1637,0.15511,-0.083023
4.0316,25.003,1.2638,7.1822,-0.262,0.35477,-0.0054952
2.7895,23.609,-0.53589,6.6129,-0.27758,0.15849,-0.11415
3.6702,19.803,-1.946,5.8329,-0.12199,0.04277,-0.12017
3.4449,20.269,-0.38209,5.6257,-0.090123,0.45258,-0.037931
-0.87402,24.662,1.2708,5.8868,-0.017229,0.52838,-0.018475
-4.0627,25.168,-0.36317,5.8451,-0.27931,0.23753,-0.11489
-3.1617,21.125,-1.6246,6.3482,-0.16718,0.19373,-0.079533
-0.57711,18.153,-1.1387,6.7592,0.19912,0.53668,0.12525
2.5337,21.76,-0.14108,7.0023,0.38046,0.23054,0.11095
3.659,24.068,0.68975,5.897,0.3228,0.077724,-0.013848
3.2732,21.049,-0.91287,5.1909,0.24489,0.25931,0.12749
2.6414,15.892,-1.9477,6.2753,-0.028764,0.57555,0.11027
1.4476,19.341,-0.84296,7.5318,0.15363,0.42122,0.075484
-3.3347,20.696,0.66761,7.1924,0.3591,0.11167,-0.026704
-4.2974,18.603,-0.20186,6.1069,0.11408,0.32855,0.11941
-2.7213,13.969,-0.98183,5.3725,-0.15198,0.43869,0.1102
-1.7072,13.743,-0.75861,6.1782,-0.31644,0.11554,-0.11172
-0.033003,17.941,-0.11334,7.7308,-0.28482,0.19958,-0.12948
1.7066,17.989,0.61414,7.0447,-0.055891,0.47382,-0.0099514
2.2653,14.668,-0.50581,6.4404,0.017108,0.47741,-0.11192
2.1223,10.098,-1.3154,6.5287,-0.1311,0.057498,-0.11461
0.27587,14.815,-0.45338,6.3281,-0.15259,0.14256,-0.11367
-4.0436,18.147,0.32227,6.0439,0.026053,0.55258,0.026155
-4.0092,15.197,-0.23161,6.5077,0.38626,0.1797,-0.11975
-3.3377,11.051,-1.1568,7.0271,0.37248,0.10645,-0.11959
-2.6467,11.997,-0.94952,6.838,0.30029,0.17064,0.052028
-1.0658,18.394,-0.38814,6.1167,0.11603,0.40136,0.11808
0.44831,16.803,0.45105,5.312,-0.019694,0.067235,0.046587
1.3524,14.28,-0.60434,5.1474,0.079891,-0.23815,0.054002
1.842,13.556,-1.6844,6.5465,0.14341,0.06198,0.11113
0.42754,19.768,-1.4463,7.3105,-0.15513,0.22411,0.12343
-3.9365,20.208,0.15401,6.5904,-0.24695,0.089372,0.0041589
-5.1232,16.538,-0.083778,4.724,-0.26412,0.14571,0.077056
-3.5507,15.951,-1.0233,5.0866,-0.26001,0.35697,0.11071
-2.3833,21.357,-1.4276,6.0003,0.025086,0.2712,0.0027004
-0.18867,23.874,0.24862,6.3701,0.069254,-0.17519,-0.10414
1.8836,20.28,0.75963,6.0099,-0.022882,-0.050898,-0.086999
2.472,18.491,0.095077,5.4249,-0.10454,0.31228,-0.0018342
2.5723,19.764,-1.0835,4.9984,0.29349,0.13638,-0.1117
2.5254,25.285,-0.47731,5.6276,0.34256,0.14079,-0.11991
-1.4609,24.043,1.1577,5.3925,0.34891,0.23893,-0.038833
-5.2508,20.039,1.5521,5.3839,0.22128,0.24219,-0.0023142
-4.1905,18.908,0.097399,6.6168,-0.043753,-0.056101,-0.11446
-1.0812,24.231,-0.25642,6.4611,0.015817,0.011305,-0.094464
2.4568,25.134,0.77927,5.0348,0.059334,0.44676,0.12334
4.2371,21.158,1.9232,4.686,0.0066906,0.46683,0.11834
3.7949,18.418,1.1949,5.5884,-0.36022,0.14457,-0.012513
2.6867,21.214,-0.11683,7.2725,-0.33315,0.28507,0.12888
2.9112,23.925,-0.38955,7.1575,-0.19199,0.43115,0.11152
0.93462,21.474,1.1655,5.7891,-0.11487,0.33677,0.085542
-3.1194,15.549,1.9173,4.9165,0.24929,0.048862,-0.031869
-4.0618,17.011,0.80134,5.516,0.3015,0.33684,0.12091
-1.774,21.464,-0.45128,6.1094,0.025605,0.59606,0.11355
2.355,20.269,0.42959,6.5822,0.080368,0.36124,-0.10185
4.5253,14.652,2.3104,6.5114,0.38637,0.15579,-0.13244
3.8141,12.656,1.139,6.5299,0.43114,0.25332,-0.023835
2.6029,16.89,-0.056557,6.1528,0.32054,0.23071,-0.11881
3.6085,18.475,-0.45363,5.5129,0.20812,-0.045358,-0.1125
2.4102,14.677,1.2278,5.8263,-0.18608,0.048117,-0.11111
-0.69402,10.928,1.6875,6.8245,-0.16381,0.43208,0.025418
-3.3201,13.784,0.52261,7.4134,-0.039801,0.39093,-0.11796
-1.8819,16.767,-0.57537,6.8004,-0.13252,0.0049255,-0.11624
2.7154,15.784,0.4518,5.4483,-0.37712,0.27839,0.05972
4.8358,11.863,2.3846,5.2386,-0.30006,0.31683,0.11702
3.5037,13.03,0.97373,7.2588,-0.23897,0.11098,0.051226
2.704,17.152,-0.23577,7.5143,0.13161,-0.10568,0.041546
2.9734,17.904,-0.19422,6.9917,0.35444,0.18448,0.11372
2.1968,14.125,1.2833,6.1928,0.34127,0.13324,0.12882
-1.8412,14.768,2.1962,5.9473,0.19571,-0.081526,0.0091274
-4.105,19.649,1.2729,6.4763,0.19116,-0.089177,0.058535
-1.8862,21.181,-0.31274,7.1901,0.38247,0.20001,0.10783
1.7078,18.112,0.1799,6.6525,0.33657,0.084194,0.037183
4.2461,16.069,2.3964,6.3032,0.16463,-0.097567,-0.10794
3.6558,19.603,1.6104,6.2368,-0.11553,-0.068746,-0.085503
3.2371,24.196,-0.40247,5.334,-0.31913,0.22012,0.0087309
3.8296,20.877,-0.70966,4.9123,-0.28299,0.057915,-0.11611
2.3081,19.049,0.95072,5.6808,0.015082,-0.15793,-0.11603
-2.6164,18.926,1.3917,6.4677,-0.14248,-0.029376,-0.03046
-4.5836,24.432,-0.13421,6.3176,-0.29354,0.19247,0.023834
-2.1242,24.009,-1.01,4.7435,-0.29862,0.078118,-0.12021
0.53225,20.381,-0.57191,4.088,-0.10318,0.00081326,-0.090968
2.9708,18.45,0.45625,5.1637,0.30304,0.28988,0.12059
3.1866,22.435,-0.028557,6.2696,0.3538,0.13151,0.11779
2.3497,25.62,-1.4435,6.387,0.25142,-0.025455,-0.0070867
2.5764,20.739,-1.6363,5.1397,0.1214,-0.022574,0.12751
0.38898,16.512,-0.58222,4.5232,0.26782,0.36792,0.11153
-4.3284,19.816,-0.050985,5.4394,0.48258,0.10421,0.065473
-4.4834,24.358,-0.38178,5.8446,0.374,0.067415,-0.0548
-2.0427,21.803,-1.4697,5.5937,0.24833,0.28408,0.11613
-0.50236,15.725,-1.3794,5.9783,-0.1039,0.45211,0.11101
1.0405,16.224,0.22275,6.2563,-0.34148,0.16743,-0.1038
1.6374,19.546,0.085931,5.6089,-0.24843,0.20258,-0.11992
2.7816,20.545,-1.1513,5.1904,-0.14153,0.50157,-0.0013779
2.9144,15.728,-2.1252,5.224,-0.10336,0.54197,-0.079804
-0.10051,12.225,-0.27535,6.5151,-0.36785,0.15713,-0.1111
-4.5582,15.813,0.1474,7.2818,-0.284,0.27071,-0.10075
-3.8907,18.512,-0.13369,6.312,0.034277,0.60867,0.043742
-3.1964,14.674,-1.1179,4.8052,0.21919,0.34439,-0.086732
-2.3884,10.655,-1.0446,4.8204,0.3036,0.12576,-0.11589
-1.0184,13.163,0.088217,5.7924,0.31808,0.30748,0.032814
0.73493,16.941,1.0109,6.9136,0.079599,0.61698,0.11702
1.7522,16.447,-0.82655,6.484,0.11294,0.35921,0.063093
2.144,10.786,-1.8684,5.9485,0.35411,0.12524,0.042612
0.043662,12.285,-0.24933,5.6338,0.29546,0.36223,0.11562
-5.237,16.866,1.0029,5.7121,-0.13691,0.51745,0.12156
-4.3949,19.033,-0.012605,5.9046,-0.41336,0.17226,0.0013667
-3.8302,14.923,-1.1167,6.4466,-0.3342,0.21149,0.035992
-1.9789,14.801,-1.3822,6.8969,-0.17711,0.45088,0.11044
0.88618,17.474,0.32158,7.0571,-0.0087517,0.43666,0.033622
2.899,23.302,0.34802,6.1792,-0.19158,0.018879,-0.10682
2.8605,18.331,-0.64077,5.3157,-0.35604,0.23576,-0.068138
2.8082,17.066,-1.9654,6.518,-0.14732,0.40521,0.031245
1.8109,20.764,-0.20362,7.6374,0.29182,0.18517,-0.11615
-2.1694,24.293,1.0576,6.9784,0.33404,0.07373,-0.11647
-5.1703,21.867,0.20005,6.0119,0.30022,0.19155,-0.033475
-3.5076,19.152,-1.1637,4.9066,0.20034,0.21511,0.034611
-0.51238,20.872,-0.50842,5.7796,0.16339,-0.12174,-0.11828
3.2893,24.296,0.62175,7.1589,0.032676,-0.16096,-0.10331
4.4935,25.021,1.5221,6.8762,0.34502,0.13247,0.1224
3.2246,20.484,0.088798,5.6003,0.2445,0.078938,0.10652
2.3368,17.705,-0.74248,5.7316,-0.08219,-0.28742,-0.019338
2.782,21.724,0.80506,5.4954,-0.30007,0.093127,0.11708
-0.084643,25.35,1.9864,5.1598,-0.27537,0.28035,0.10839
-3.952,21.645,1.1002,5.3321,-0.26029,0.083802,0.074845
-3.4919,16.359,0.090174,6.3249,0.063258,-0.21258,-0.058511
-0.44978,18.407,0.45932,6.4011,-0.098995,-0.047786,0.11666
4.5108,21.477,1.7872,5.4739,-0.31687,0.25295,0.10995
4.9421,21.252,1.9642,4.6401,-0.20499,-0.010552,-0.095301
2.3935,15.268,1.1648,4.9538,0.1929,-0.053044,-0.11208
2.7925,14.826,0.011534,6.2738,0.30286,0.2594,-0.0069508
3.1115,19.029,0.67505,7.2627,0.33507,0.20374,-0.080563
1.2055,20.054,1.8841,6.3798,0.16206,-0.036081,-0.11183
-2.9215,13.81,2.2455,4.6728,0.045115,-0.13883,-0.10351
-2.9562,11.698,0.58086,5.1467,0.14811,0.35083,0.034535
-0.081962,15.793,0.28645,6.1579,0.23085,0.35791,-0.086902
4.0219,18.133,1.1932,6.3283,0.13358,-0.046136,-0.11235
4.4392,14.988,1.9913,6.2641,-0.32704,0.21353,0.035493
2.8126,10.486,1.1517,5.7707,-0.25737,0.34399,0.11513
2.6056,12.491,-0.34943,5.3508,-0.25454,0.22418,0.04879
3.5099,16.933,-0.32872,5.5504,-0.10591,0.04218,0.013572
0.95585,17.133,1.2812,5.5572,0.084961,0.40649,0.11195
-3.0379,11.689,1.8196,5.6804,-0.018098,0.55319,0.10929
-3.3411,12.326,0.39294,6.9055,-0.15736,0.32576,-0.011037
-1.432,16.526,-0.6615,6.8338,0.062953,0.21604,7.8951e-06
2.4064,19.538,0.54451,5.4911,0.37998,0.35426,0.11063
4.3364,14.832,1.4225,4.6297,0.33803,0.19024,0.039157
3.2632,14.796,0.95264,5.3881,0.26656,0.035305,-0.10737
3.5892,17.489,-0.71392,7.1536,0.080788,0.14675,-0.085832
3.4037,22.582,-0.46471,7.1666,-0.0079494,0.53946,0.021613
0.53962,19.449,0.81866,6.0893,0.0286,0.44046,-0.11904
-4.5726,16.417,1.4883,5.0071,0.13043,0.050115,-0.11314
-3.6282,19.439,-0.22689,5.7546,-0.1419,0.31234,-0.041385
-1.6383,24.484,-1.0636,6.6296,-0.23314,0.33475,0.042033
0.75757,24.097,-0.12196,7.0141,-0.26561,0.09893,-0.12651
2.5232,19.491,1.3955,6.3485,-0.17003,0.078936,-0.10213
3.2104,19.269,0.099852,6.6569,0.062505,0.40601,0.11994
2.4721,23.576,-1.7972,6.3387,0.1062,0.3811,0.10345
1.7599,26.422,-1.1859,5.9207,0.12441,-0.076231,-0.015418
-1.9509,21.421,0.20187,6.1401,0.065077,-0.15584,0.1226
-4.9089,19.436,0.40482,6.8914,0.39416,0.15498,0.11375
-3.5096,21.126,-1.1784,6.8614,0.38069,0.047496,0.076755
-1.3153,23.515,-2.2827,6.5038,0.32469,0.057351,-0.059787
0.23824,22.494,-0.91191,5.0373,0.23457,0.15933,0.11749
1.5293,17.497,0.42062,5.2254,-0.089213,0.46109,0.11178
2.0643,18.058,-0.64091,6.912,-0.24442,0.070977,-0.097784
2.5977,21.837,-2.2085,7.4147,0.011976,-0.16858,-0.11001
2.2014,20.426,-1.9313,6.3389,0.02253,0.011487,-0.012856
-1.3853,15.801,-0.56999,5.6953,-0.3606,0.18462,-0.066841
-5.7681,14.294,-0.163,5.5782,-0.2691,0.053142,-0.1122
-3.9278,18.26,-1.0727,6.1413,-0.34575,0.24696,-0.10332
-2.605,18.202,-2.3496,6.7336,-0.13877,0.50199,0.041768
-1.2661,15.009,-1.8321,6.7264,0.15319,0.30331,-0.057895
0.43749,11.038,0.21283,6.555,0.2596,0.062126,-0.11567
1.6023,14.442,-0.1438,6.4112,0.30138,0.08905,0.016691
2.3885,17.403,-1.8888,5.4418,0.19449,0.3677,0.11308
2.2114,15.822,-1.5351,5.4266,0.45719,0.12789,0.059675
-0.74459,10.876,-0.31733,6.0846,0.41182,0.063312,0.01319
-4.466,11.962,0.41983,7.0929,0.35131,0.2512,0.11261
-4.8751,15.722,-0.42333,7.0221,0.0019714,0.45632,0.11085
-3.5468,18.011,-1.1483,5.4834,-0.27007,0.17613,0.0035423
-1.2232,12.479,-0.58722,4.9233,-0.21896,0.17894,-0.00020168
1.5115,12.015,0.64681,5.6914,-0.075321,0.55037,0.10965
3.3888,16.665,0.79911,6.6811,-0.099943,0.56475,0.047785
3.1618,20.752,-0.82262,7.0221,-0.41026,0.20576,-0.10882
2.2975,16.173,-0.82872,5.6877,-0.34439,0.24798,-0.084131
1.2885,14.025,-0.21544,4.883,-0.1219,0.42555,0.024143
-3.2851,17.042,1.1132,5.6046,0.14188,0.4221,-0.11521
-4.6191,23.533,0.16263,6.1145,0.35763,0.15403,-0.10926
-2.993,20.449,-0.64966,5.7346,0.39584,0.27468,-0.046751
0.12688,17.404,-0.76287,6.0925,0.11769,0.42756,0.047127
4.31,18.315,1.2231,6.4618,0.21535,0.25114,-0.1252
4.1342,23.923,1.6757,5.6106,0.34912,0.16929,-0.11285
2.9233,24.024,-0.23471,5.4135,0.37781,0.31717,0.12204
2.8665,20.495,-1.0257,4.9411,0.23819,0.25807,0.11529
3.0718,19.791,0.40566,6.5739,-0.10991,-0.02848,-0.0052359
0.36894,22.697,1.9057,7.3729,-0.31013,0.23534,0.1187
-3.1603,25.803,1.1087,6.5343,-0.20527,0.39979,0.11396
-2.7142,22.225,-0.22233,4.8208,-0.16021,0.33158,0.094137
0.97492,18.837,-0.25241,4.9791,-0.19374,-0.0028717,-0.053448
5.1944,21.722,1.4708,6.3062,-0.37847,0.23304,0.11036
4.2246,24.67,2.5578,7.356,-0.19482,0.35765,0.11245
2.3278,22.498,0.50277,6.7334,-0.15495,0.099914,-0.085918
3.0248,17.73,-0.92292,6.3811,0.17271,-0.15121,-0.11436
3.4834,17.907,0.67156,6.2967,0.36757,0.22125,-0.031111
0.64562,21.638,2.2357,6.3047,0.33021,0.20161,-0.074419
-2.7333,21.547,1.3927,6.6155,0.19771,-0.073198,-0.11117
-3.087,17.21,-0.23947,6.9964,0.14234,-0.16159,-0.10563
0.234,13.473,0.30436,6.7199,0.38619,0.19662,0.03193
4.8884,17.048,1.9156,7.0971,0.32773,0.11543,-0.05693
4.1455,18.87,2.8403,6.1199,0.054249,-0.15984,-0.11282
2.2802,15.904,0.56416,5.334,-0.20403,0.060544,0.012621
2.6848,11.131,-0.30334,6.6405,-0.25209,0.27752,0.11727
3.5078,14.188,0.80295,7.4833,-0.27408,0.11223,0.063412
0.19202,16.468,2.6398,7.3364,-0.01078,-0.12869,0.0040513
-3.6415,15.051,1.0513,6.3711,-0.085456,0.024286,0.11148
-3.4698,11.864,0.18787,5.431,-0.36494,0.23599,0.10894
-0.93904,11.753,0.080768,5.9566,-0.29869,0.10244,0.0084147
2.4327,15.248,1.6264,7.2785,0.053171,-0.022771,-0.015121
4.3602,17.461,1.633,7.3301,0.3115,0.24299,0.11043
2.8347,14.062,0.072669,6.4206,0.31233,0.15686,0.065257
3.0781,11.545,-0.60991,6.1571,0.28499,-0.032808,-0.10694
2.5657,15.392,0.40479,5.7578,0.13977,0.059242,-0.099205
-2.1065,20.682,1.2122,5.7634,0.17589,0.45078,0.014504
-4.5472,17.261,-0.14572,5.7222,0.30337,0.1741,-0.12194
-3.2734,15.195,-0.65214,6.6598,0.25194,0.025612,-0.11489
-1.4739,16.649,-0.59173,6.7292,-0.018796,0.25101,-0.061276
0.91298,23.104,0.35872,5.6182,-0.24269,0.36809,0.048764
2.5096,20.756,0.37241,4.9362,-0.27544,0.13808,-0.12703
2.179,18.805,-0.45103,5.0169,-0.18539,0.13886,-0.11287
2.0071,17.977,-1.6042,6.1569,-0.10171,0.55624,0.1178
0.82961,23.346,-1.3118,7.0435,-0.062099,0.52271,0.1098
-3.3426,24.963,0.041094,6.007,-0.31454,0.21138,-0.00082126
-5.0963,19.908,-0.53988,4.2906,-0.1882,0.2046,0.11948
-2.8083,18.28,-1.2059,4.9324,0.066431,0.63336,0.11326
-1.7256,22.755,-1.4042,6.0021,0.33807,0.26762,0.089569
-0.15753,26.435,-0.62727,6.2317,0.31649,0.081071,-0.057003
1.001,22.228,-0.20966,5.8225,0.28575,0.24457,0.10461
1.3601,18.003,-0.57861,5.3466,-0.053018,0.50881,0.11229
1.9796,19.953,-2.2259,5.2895,0.076298,0.32776,-0.087356
0.99195,24.339,-1.9628,5.8254,0.33453,0.093724,-0.10902
-3.7619,23.972,-0.11372,5.5069,0.21131,0.31173,-0.033152
-5.5027,17.557,0.42613,5.7396,-0.18369,0.42625,-0.057248
-2.9936,16.938,-1.1881,6.777,-0.29945,0.10947,-0.11334
-2.7685,20.625,-1.5645,7.0932,-0.29194,0.22655,-0.1137
-0.66379,21.865,-0.80875,5.4057,-0.10373,0.51544,0.028561
1.0886,17.464,0.71888,4.8185,0.032579,0.45787,-0.034764
2.4173,13.399,-0.037597,5.6537,-0.0042622,-0.0073978,-0.10752
2.5709,16.586,-1.5782,7.2599,-0.074194,0.03215,-0.0019233
2.1457,19.114,-1.8783,7.1437,0.0065067,0.43142,0.11565
-1.1956,16.372,-0.0045269,6.2264,0.38283,0.14915,0.075531
-4.761,11.599,0.59934,5.3019,0.3555,0.098974,0.0052688
-4.2975,12.706,-0.60005,5.6113,0.36888,0.19996,0.11564
-2.5836,16.79,-2.1578,6.6312,0.18091,0.38089,0.11027
0.21202,17.052,-0.34514,7.0905,-0.013065,-0.020753,0.010727
3.1681,12.588,1.0147,6.5364,0.039519,-0.15906,-0.03076
3.9597,10.466,0.30253,6.5874,0.20839,0.083766,0.11552
3.1236,16.062,-1.6725,6.3839,0.079828,0.24686,0.062267
2.1539,18.444,-1.0758,5.864,-0.28103,0.016503,-0.11312
0.11047,14.794,0.44837,6.2804,-0.30303,0.14491,-0.10612
-3.3868,13.072,1.0539,7.2932,-0.22738,0.36429,0.0057898
-4.2942,15.135,-0.3064,7.1536,0.016484,0.23283,-0.12048
-2.3527,20.05,-1.1455,6.936,0.099251,-0.12388,-0.11465
1.9346,18.608,0.3182,5.3452,0.0037811,-0.0091502,-0.062589
4.4079,15.83,1.5841,5.2341,-0.085839,0.38486,0.053279
3.5622,16.409,0.65177,7.0746,0.15879,0.20873,-0.13098
3.3751,21.769,-1.0848,7.4104,0.33621,0.1514,-0.11858
2.737,21.84,-0.10465,6.6127,0.32429,0.2496,0.11789
2.0663,18.671,0.97743,5.5013,0.28266,0.18762,0.11692
-1.5842,17.332,1.8067,4.9723,0.068375,-0.11834,0.006468
-4.2212,21.658,0.65637,5.4378,-0.020581,-0.01307,0.11255
-2.0382,24.952,0.096051,5.6934,-0.061707,0.46576,0.11039
2.3574,20.918,0.73802,5.7664,-0.040197,0.46917,0.095281
5.1901,17.395,2.4284,6.0018,-0.30646,0.12148,-0.061669
3.5338,20.209,1.6853,5.6433,-0.314,0.28739,0.085283
2.508,24.892,0.034027,4.7625,-0.23364,0.35185,0.11281
2.9709,22.859,0.41984,4.7647,-0.23306,0.1736,-0.072384
2.6391,18.239,1.4975,5.2854,0.087879,-0.10868,-0.11293
-0.45266,17.905,2.244,6.5019,0.31625,0.25503,-0.041783
-3.6848,22.293,1.2541,6.415,0.098331,0.45564,-0.054409
-2.7059,23.242,0.31881,4.8709,0.087002,0.24032,-0.11197
1.1581,18.13,0.026025,4.6063,0.41971,0.095675,-0.11562
4.5833,15.9,2.1958,5.2759,0.392,0.29299,0.01586
3.7317,19.585,1.7057,6.4488,0.33046,0.17241,-0.034673
2.5814,21.688,0.20141,6.6402,0.15746,-0.064588,-0.10875
4.1916,17.502,-0.66914,5.4117,-0.16706,0.087466,-0.0057336
3.4044,12.174,0.8873,4.6976,-0.21872,0.33989,0.11327
-1.0077,15.907,1.8801,5.6793,-0.19918,0.28906,0.080709
-4.3349,19.126,1.5406,6.1087,-0.099042,0.01073,0.0031391
-2.3438,16.927,-0.057268,5.7976,-0.39834,0.23156,0.11422
-0.14583,11.743,-0.14017,6.3807,-0.29481,0.30499,0.11386
3.3301,11.821,1.6296,6.5719,-0.25052,0.07269,0.008286
3.532,16.09,2.0192,5.7687,0.041773,-0.02974,-0.048098
3.5881,16.656,0.20622,5.0086,0.40409,0.21752,0.1146
3.443,13.208,-0.86518,4.8301,0.33594,0.17802,0.075433
1.5636,11.085,0.64535,6.4844,0.17306,-0.040464,-0.10718
-3.2246,14.879,1.9322,6.998,0.12456,-0.063821,-0.10304
-3.7953,17.586,0.5543,6.5863,0.38227,0.22026,0.012056
-3.0552,15.262,-0.20469,4.9947,0.3596,0.087196,-0.11906
-1.4655,13.051,-0.46128,5.2087,0.2778,-0.01819,-0.10843
0.43044,15.121,1.1928,6.5434,0.010289,0.078435,-0.073852
2.1883,20.387,1.5708,7.5329,-0.30749,0.29246,0.058172
2.0273,19.271,-0.33548,6.8655,-0.35297,0.1047,-0.12756
1.8874,16.34,-1.4193,6.2145,-0.073755,-0.042753,-0.11404
-0.26928,17.19,-0.09996,6.299,-0.12214,0.19455,0.11326
-5.0906,22.542,1.2272,6.3148,-0.24596,0.28305,0.11561
-3.6545,23.323,-0.50793,6.6544,-0.24349,0.08212,0.014054
-3.0819,20.198,-1.2223,6.6237,-0.21153,0.1159,0.1114
-1.5461,18.624,-1.2328,6.6317,0.072208,0.45371,0.11294
0.013477,21.014,0.25816,6.711,0.33814,0.20223,0.08405
0.98149,25.527,0.094174,5.7586,0.27625,0.045694,-0.068436
1.6207,22.092,-1.3194,4.9197,0.27693,0.11939,0.070631
1.7285,19.184,-2.4184,6.0047,0.18779,0.40946,0.1089
-0.23123,20.534,-0.92003,7.013,0.44893,0.17559,-0.075305
-5.0069,23.71,0.51235,6.435,0.37106,0.058601,-0.10866
-4.5478,22.759,-0.93546,5.3055,0.27549,0.26819,-0.041133
-3.2174,18.848,-2.0587,4.4158,-0.10128,0.48511,-0.037606
-2.1788,17.973,-1.5923,5.1104,-0.35534,0.16509,-0.11055
-0.15021,21.592,-0.48366,6.4442,-0.24532,0.18112,-0.11798
1.7228,22.438,0.20174,6.5437,-0.10443,0.42846,0.017921
2.3222,18.795,-0.96581,6.0605,-0.043282,0.46086,-0.0079836
2.5276,14.335,-1.8908,5.6958,-0.32138,0.17074,-0.11125
1.8865,19.152,-1.032,5.584,-0.26402,0.26714,-0.027149
-2.4323,20.743,0.44602,5.3312,-0.0054801,0.53088,0.11292
-5.2771,17.569,0.18369,5.3995,0.21242,0.34715,0.091061
-3.8331,11.959,-1.0547,6.3318,0.30189,0.094649,0.0046457
-1.7986,14.511,-0.73082,6.7551,0.30387,0.25814,0.11371
1.8182,17.339,0.025486,5.5161,0.084257,0.51056,0.11107
4.2172,17.611,0.62962,5.1339,0.07446,0.28252,0.01292
3.4389,12.72,-0.17701,5.3917,0.35818,0.11709,-0.058771
2.6915,11.126,-1.3247,6.3314,0.3155,0.28089,0.12121
2.6808,15.914,-0.72735,7.2297,0.023472,0.38343,0.073435
0.074266,18.195,0.49069,6.4087,-0.35992,0.10062,-0.11418
-3.9785,13.117,0.33671,4.7004,-0.311,0.20291,-0.10433
-3.6967,10.459,-0.68928,5.1624,-0.19037,0.40773,0.0074243
-1.5335,15.649,-1.2267,5.9576,-0.041029,0.356,-0.12101
2.8449,19.796,-0.23923,6.3922,-0.079666,-0.11635,-0.1095
4.4454,15.459,0.89974,6.2203,-0.21516,0.069201,-0.06793
3.3623,13.433,0.15767,5.9748,-0.2056,0.2982,0.068304
3.1553,15.198,-1.2909,5.4142,0.067181,0.077614,-0.12199
3.5334,21.4,-1.1266,5.8172,0.30919,0.078125,-0.11586
1.5904,20.687,0.64946,5.3251,0.33736,0.2552,0.11791
-1.8401,16.678,1.0354,5.891,0.28312,0.20673,0.11696
-3.6549,16.772,-0.13507,6.9264,0.16079,-0.14716,0.010575
-1.209,21.671,-1.3697,7.0477,0.061799,-0.15388,0.094437
3.9375,24.284,0.57063,5.648,0.31827,0.17134,0.11062
6.1231,19.844,1.4756,4.6783,0.29572,0.11547,0.089028
2.5597,18.586,0.93825,5.8885,-0.025925,-0.24708,-0.073291
2.11,21.562,-0.49013,7.42,-0.26307,0.13076,0.044481
3.0764,25.69,0.053272,7.3948,-0.24963,0.31582,0.11139
1.7267,22.611,1.2919,6.5151,-0.3182,0.096383,-0.057469
-2.5402,19.072,2.4137,5.6345,0.024503,-0.17867,-0.10757
-4.0392,20.53,0.78677,6.2416,0.035261,0.011314,-0.045056
-1.2375,24.695,-0.43398,7.3514,-0.25001,0.3727,-0.029552
2.6003,25.152,0.77809,7.271,-0.27468,0.065646,-0.11298
4.3345,19.102,2.7373,6.2007,0.19912,-0.11429,-0.11256
3.3316,16.829,1.5454,6.3065,0.36843,0.25801,0.013455
3.2996,22.081,0.14654,6.2411,0.42925,0.20632,0.00082293
3.7182,23.215,0.13483,5.6276,0.22493,-0.011248,-0.11162
1.3624,19.304,1.7927,6.0991,0.03464,-0.04098,-0.021395
-3.0858,14.695,1.9094,6.8225,0.0072809,0.45944,0.11398
-4.3092,17.375,0.51804,7.0971,0.15509,0.39852,0.081245
-1.2994,19.528,-0.57497,6.6354,0.18818,0.059622,-0.010612
1.1526,18.776,0.61834,5.1022,-0.2881,0.2628,0.11845
3.5372,12.997,2.022,5.245,-0.2789,0.30336,0.10764
3.3588,13.834,1.1247,6.9622,-0.26522,0.15984,0.015246
2.7059,16.768,-0.32664,7.6101,-0.1257,0.06386,-0.069021
2.8522,17.561,-0.12277,6.7543,0.09579,0.43666,0.12267
-0.27784,13.349,1.4133,5.7008,-0.005352,0.55234,0.084137
-3.931,10.924,1.1667,5.2895,-0.11869,0.28637,-0.10972
-3.9414,14.671,0.36352,5.9867,-0.025468,0.24622,-0.10133
-2.6061,18.274,-0.4651,6.0779,0.27953,0.45359,0.012492
-1.348,14.353,0.32105,6.3334,0.39321,0.13478,-0.11926
0.5285,11.09,1.7028,6.5583,0.31224,0.066,-0.11231
1.5695,14.248,1.0215,5.9057,0.23395,0.17932,-0.079288
2.3031,19.612,-0.27222,5.4558,-0.017449,0.56506,0.070569
1.9749,17.189,-0.50485,5.4748,-0.02579,0.37191,-0.10862
-1.5818,15.026,1.1199,5.6984,0.097355,-0.040078,-0.11412
-4.7701,15.861,1.7502,6.8337,-0.041666,0.17142,0.10781
-3.4321,21.28,0.66527,6.7213,-0.28499,0.26734,0.11676
-3.0819,20.438,-0.57901,5.1644,-0.28905,0.069489,0.022961
-1.9019,17.698,-0.28588,4.6885,-0.23112,0.13579,0.097728
-0.5025,17.2,1.1612,5.7108,-0.037709,0.46105,0.11335
0.47392,22.969,0.8181,6.7097,0.1272,0.37026,0.093081
1.3005,24.879,-1.0488,6.8819,0.14223,-0.10116,-0.061959
1.4439,20.539,-0.95786,5.5886,0.091961,-0.14405,0.044916
-1.0998,18.238,-0.13652,5.0113,0.30379,0.18878,0.10903
-6.186,21.826,0.39573,5.5178,0.34482,0.063251,-0.059196
-4.6108,27.03,-0.28026,6.091,0.34479,0.10077,-0.10757
-2.7612,23.05,-1.3049,5.9501,0.2952,0.14882,-0.044618
-1.2653,19.308,-1.536,6.3444,0.012324,0.39568,-0.013416
1.0948,19.633,-0.070192,6.6921,-0.3132,0.050318,-0.11124
2.1843,24.523,0.21031,6.0488,-0.053134,-0.01104,-0.11575
3.1501,24.689,-1.3366,5.2624,-0.045777,0.21145,0.012866
2.9983,20.113,-2.5028,5.133,-0.22365,0.30564,0.022959
1.4265,17.681,-0.82648,6.9018,-0.25763,0.12261,-0.10931
-2.9878,21.096,-0.088697,7.4035,-0.28484,0.23747,-0.041539
-5.4281,22.857,-0.60915,6.7993,-0.11538,0.43683,0.115
-2.7723,19.986,-1.8203,5.326,0.23114,0.33631,0.087712
0.091266,15.174,-1.3857,5.3783,0.30357,0.070611,-0.0094462
3.4033,17.06,-0.15629,7.0365,0.34426,0.23153,0.1179
4.1329,19.999,0.74064,7.695,0.12657,0.47095,0.10538
3.2375,19.249,-1.0044,6.7947,0.40611,0.24562,0.030403
2.8616,13.034,-2.2913,6.2668,0.42224,0.060094,-0.07066
2.3657,13.038,-0.16542,6.4333,0.3612,0.28067,0.12181
-1.1839,16.379,0.91423,6.4258,0.10618,0.40904,0.088496
-3.5679,17.914,-0.060148,6.8804,-0.31762,0.15958,-0.11293
-3.0617,14.289,-1.6357,7.0117,-0.29408,0.21277,-0.1008
-0.061613,10.699,-1.0356,6.9239,-0.13505,0.51978,0.0071639
4.4082,13.748,0.5892,7.0931,0.0025612,0.48282,-0.12179
4.4953,17.856,0.7843,6.0695,-0.31755,0.20397,-0.11387
2.8727,15.28,-0.53114,5.4556,-0.30099,0.31255,-0.072224
4.015,12.149,-2.1635,6.3835,-0.14078,0.42104,0.077849
2.7682,14.403,-0.085023,7.5995,0.0416,0.34999,-0.10474
0.45054,18.705,0.97582,7.1284,0.38317,0.097713,-0.11226
-3.2301,17.738,0.051646,5.8921,0.39575,0.27791,0.10935
-2.903,14.626,-1.2318,4.7176,0.12968,0.33223,0.11314
0.56999,16.415,-1.097,5.5074,0.19281,0.14443,0.014095
4.7223,21.015,0.24176,6.4118,0.36156,0.11992,0.071613
4.292,21.418,0.82193,6.7886,0.37327,0.25901,0.11271
2.963,18.023,-0.26804,5.8599,0.34452,0.11836,0.10014
2.7102,17.855,-1.6912,5.1494,0.043194,-0.1602,-0.062492
3.2297,21.834,-0.92652,5.1702,-0.26687,0.099909,0.018592
0.19128,24.752,1.2083,5.4557,-0.2399,0.32484,0.11322
-3.8047,21.261,0.83304,5.0684,-0.2339,0.17917,-0.035309
-3.3752,18.782,-0.51935,5.9699,-0.069383,-0.10196,-0.10801
-0.68089,20.225,0.083176,6.3074,-0.30882,0.091346,-0.060565
3.4915,25.896,1.1936,5.1246,-0.31262,0.21768,-0.021194
4.4528,23.584,1.8244,4.6835,-0.2205,0.0024199,-0.11283
2.6429,19.917,0.71058,5.0328,0.15998,-0.21509,-0.11031
2.8079,19.131,-0.31696,6.1538,0.38847,0.20074,0.0068312
3.2262,23.604,0.78532,7.1208,0.38631,0.17243,0.031524
-0.32988,25.373,1.9499,6.2426,0.12423,-0.1012,-0.11719
-5.491,18.987,1.816,4.5787,0.11106,-0.17989,-0.039191
-3.3897,16.2,0.56093,4.9991,0.39194,0.16608,0.11719
-0.66508,21.533,0.48981,6.0814,0.4019,0.14358,0.087226
1.7378,23.045,1.1298,6.4876,0.15647,-0.071324,-0.013319
3.2455,18.957,2.3663,6.5361,-0.20247,0.036868,0.11833
2.9051,13.955,1.2392,6.2659,-0.29658,0.23476,0.10495
2.7316,16.215,-0.057794,5.906,-0.27633,0.10613,0.029621
2.0308,19.45,-0.025479,5.6366,-0.087737,-0.08263,-0.077055
-2.6171,18.96,1.408,5.2789,-0.051964,0.15957,0.12121
-4.5144,12.673,2.1119,5.9777,-0.26769,0.31183,0.090448
-3.0506,12.55,0.65195,6.7742,-0.31169,0.10412,-0.10962
-1.5366,15.455,0.029378,7.1595,-0.17845,-0.0018885,-0.10071
0.066986,18.515,0.6735,5.707,0.3442,0.30936,0.0070668
1.4118,13.19,1.6678,4.9181,0.36197,0.16424,-0.11737
2.4577,10.967,0.96561,6.0394,0.34386,-0.0098074,-0.10802
2.3805,14.155,-0.32165,7.4385,0.25969,0.14831,-0.090163
1.1381,18.092,-0.41788,7.1243,0.12738,0.51988,0.075989
-2.8635,15.037,0.93753,6.4826,0.22259,0.3099,-0.084288
-4.4915,11.933,1.7828,5.7031,0.34522,0.066472,-0.11258
-3.4314,13.835,0.37808,6.1461,0.16924,0.40637,0.097327
-2.5824,18.86,-0.95716,7.2489,-0.12069,0.53189,0.11301
-0.99399,19.665,0.05497,7.4357,-0.33418,0.19012,0.032934
0.69712,14.562,1.3527,6.364,-0.23912,0.15235,0.081822
1.6282,14.811,0.53433,6.7078,-0.087311,0.52339,0.11401
2.2885,19.744,-1.3337,6.2151,0.0094556,0.58667,0.10438
1.9025,23.218,-0.65066,5.975,-0.20516,0.27071,-0.051127
-1.6874,18.391,0.58315,5.9811,-0.28983,0.23641,0.017716
-5.2087,17.73,1.1393,6.7945,0.0068344,0.63524,0.11182
-4.2272,20.044,-0.82112,6.7501,0.27946,0.24212,-0.039901
-3.037,24.978,-1.4297,6.115,0.32257,0.038566,-0.10578
-0.32029,21.35,-0.54902,4.4084,0.28046,0.20698,-0.062906
2.0888,18.799,0.89443,4.4109,0.0097341,0.47605,-0.0098426
3.5145,19.554,-0.71712,5.9018,-0.0039583,0.26867,-0.11252
2.8346,23.061,-2.3639,6.5304,0.20331,-0.070272,-0.1092
2.0251,23.859,-1.8498,5.8273,0.26718,0.21682,0.0043643
0.27268,20.116,-0.26347,4.4064,-0.15803,0.38873,0.046426
-4.0779,17.212,-0.087857,4.3905,-0.37096,0.024755,-0.11978
-4.9825,21.763,-1.7142,5.3322,-0.36235,0.17476,-0.056378
-2.466,23.914,-2.391,5.4208,-0.20872,0.4027,0.118
1.0046,19.864,-1.4909,5.4597,0.0069393,0.30759,0.10213
4.3143,15.076,0.149,5.8027,0.032061,-0.19786,-0.0040661
4.1504,19.285,-0.33522,5.4246,-0.023234,-0.070197,0.12324
2.5775,21.436,-2.2589,5.2377,-0.097017,0.28045,0.1023
3.1387,19.653,-2.4261,5.291,0.31367,0.039072,0.049635
2.763,14.661,-0.51545,5.7251,0.35007,0.099446,-0.076839
-0.87241,14.949,0.40172,6.9605,0.33848,0.20132,0.11852
-3.9929,18.326,-0.90003,6.8576,0.26967,0.29416,0.10237
-2.3498,18.594,-1.7984,5.2883,0.059037,-0.12402,-0.1107
1.9764,12.947,-1.408,4.7803,0.053424,-0.16968,-0.10792
4.9779,11.881,0.40117,5.5343,0.20395,0.13741,-0.0082422
3.5822,15.156,0.29378,6.699,0.15997,0.20822,-0.11964
2.7735,18.064,-1.091,6.7821,-0.16037,-0.14973,-0.10885
3.2487,13.785,-1.6861,5.947,-0.36194,0.16858,-0.091938
3.5193,9.9678,-0.29355,5.0342,-0.26451,0.29589,0.070965
0.25082,13.384,0.85709,5.4214,-0.077677,0.1713,-0.083484
-2.5269,18.357,0.38705,5.4965,0.107,-0.15393,-0.10885
-2.0662,15.94,-0.84883,5.8919,0.11491,0.086847,0.10047
1.5237,12.442,-1.0671,6.1614,0.010269,0.46231,0.11325
5.2057,13.013,0.93805,6.6365,0.097386,0.26543,0.040489
3.6293,18.419,1.4457,6.1727,0.39155,0.13528,0.068334
2.6417,19.839,-0.47766,5.4366,0.43475,0.28241,0.11319
2.7963,15.795,-1.0963,5.2029,0.37327,0.16573,0.11013
2.8176,15.942,0.31066,7.0946,0.16249,-0.085668,-0.049024
-0.46839,19.016,2.0079,7.4258,-0.065118,0.013857,-0.0060894
-3.7396,23.175,0.59638,6.9079,-0.10896,0.47863,0.11076
-2.948,20.079,-0.42765,5.2957,-0.030877,0.51142,-0.010651
-0.13628,18.279,-0.70493,5.2938,-0.15405,0.20975,-0.10598
3.4342,19.796,1.3214,6.9664,-0.30983,0.35486,-0.076803
4.0021,25.086,1.953,7.4748,-0.20444,0.40005,-0.015001
3.1725,22.963,0.27605,6.6745,-0.27319,0.20113,-0.11605
3.4848,19.011,-1.0092,5.8836,-0.011702,-0.058688,-0.11158
2.7489,19.742,0.95086,5.937,0.33623,0.26181,-0.011925
-2.2775,24.05,2.8118,5.9671,0.18047,0.35864,0.0462
-4.647,24.54,1.1086,6.2887,0.15921,0.09385,-0.1263
-2.5892,20.757,-0.32028,6.2923,0.25165,0.025795,-0.053898
-0.6916,17.983,0.50849,6.2192,0.36836,0.20108,0.11631
1.8819,20.988,1.9105,6.223,0.34681,0.10643,0.10782
3.2614,23.366,2.5588,5.1237,0.24266,-0.06742,0.0033382
2.3392,20.569,0.73127,4.5266,-0.13902,-0.024305,0.12429
1.7652,15.394,-0.11449,5.51,-0.32189,0.22279,0.10731
0.42892,17.895,1.0928,6.9227,-0.29821,0.078424,0.05331
-4.1501,20.411,2.5768,6.929,-0.076016,-0.14639,-0.080846
-4.1246,18.084,1.5496,5.3971,-0.29164,0.044346,0.1227
-2.3716,13.747,0.55502,4.6915,-0.31181,0.20486,0.1081
-1.8845,14.527,0.42536,5.3996,-0.25871,0.039688,-0.11142
-0.27607,17.541,1.7151,6.2699,-0.055437,-0.0017198,-0.11212
0.97951,16.888,2.4876,6.6219,0.37163,0.20434,-0.014993
1.6728,13.193,1.4998,6.0956,0.37507,0.099225,-0.1159
2.2236,11.131,-0.17072,5.3463,0.21153,-0.1169,-0.11273
0.49763,14.658,0.60243,5.6792,0.069829,-0.10547,-0.10725
-5.2357,17.341,2.1252,5.7797,0.37462,0.20154,0.066897
-4.5039,13.552,1.4623,5.5578,0.33962,0.061848,-0.062704
-3.2296,10.424,0.43322,6.4741,0.31565,0.024452,-0.11037
-2.8156,12.929,-0.10653,6.8783,0.19937,0.1773,0.0836
-0.9217,17.56,1.1259,5.5647,-0.20368,0.38048,0.10828
0.8204,16.66,0.91153,5.0959,-0.30574,0.10216,0.058094
2.2354,13.571,0.56702,5.221,-0.11484,0.027964,0.076404
2.8238,13.007,-0.69317,6.3343,-0.13984,0.31074,0.11129
1.6415,18.237,-0.7623,7.2662,-0.20494,0.35485,0.11717
-2.4428,21.034,0.64027,6.5983,-0.27522,0.087577,-0.032514
-5.604,16.121,-0.066504,4.7205,-0.34391,0.18903,-0.0065384
-4.1284,14.926,-0.52787,5.199,0.01236,0.52529,0.10818
-1.7028,20.003,-1.4827,5.8312,0.34453,0.30575,-0.014311
1.2094,24.328,-0.36103,6.738,0.28772,0.063853,-0.105
3.9538,20.238,0.22513,6.3786,0.32073,0.23093,-0.083476
3.3543,18.093,-0.011391,6.2101,0.096269,0.45712,-0.012206
2.9756,19.94,-1.7124,6.0454,0.35513,0.31662,-0.11362
2.5114,25.759,-1.8435,5.9134,0.3625,0.10688,-0.11446
-0.20946,24.217,0.012772,5.5289,0.24003,0.31635,-0.015364
-4.4756,19.853,0.40343,6.1809,-0.086562,0.49676,0.053919
-4.2091,19.799,-1.5135,6.8674,-0.39856,0.16902,-0.12701
-1.7085,23.189,-2.449,7.1114,-0.35832,0.24871,-0.065931
2.9989,25.866,-0.97054,5.9105,-0.06795,0.54866,0.11687
5.0264,21.236,0.32451,4.9913,-0.034899,0.49781,0.12044
3.434,18.048,-0.82109,6.3013,-0.30551,0.24621,0.0099836
2.5731,21.544,-2.3364,7.5498,-0.28676,0.3219,0.12317
3.2036,23.908,-2.196,7.0473,-0.038515,0.52022,0.10638
1.8662,20.996,-0.33437,6.0759,0.20323,0.33871,0.06616
-2.0984,15.952,0.19521,5.5329,0.35313,0.10161,-0.084977
-3.703,17.433,-1.3232,6.0775,0.31773,0.27001,0.10518
-1.4783,20.782,-2.37,7.1902,0.12733,0.41425,0.10389
3.2113,20.412,-0.90221,6.9492,0.10772,0.14107,-0.10997
5.0101,14.681,0.63216,6.6075,0.24126,-0.025904,-0.11745
3.036,12.339,-0.15558,6.3885,0.33586,0.19543,-0.026882
2.5152,17.208,-1.9056,5.9949,0.22727,0.23476,-0.12069
3.3618,18.204,-1.6916,5.6308,-0.20082,-0.095548,-0.11185
1.9888,15.123,0.16596,5.8073,-0.33526,0.18126,-0.11008
-1.5869,10.345,0.6723,6.9461,-0.25654,0.32333,0.060945
-3.8691,13.797,-0.50653,7.1894,-0.17099,0.15837,-0.060317
-1.5954,16.962,-1.9169,6.5493,0.016948,-0.18745,-0.10884
2.767,15.103,0.090461,4.9956,-0.10506,-0.061056,0.088082
4.8766,11.743,1.1073,5.2829,-0.33376,0.2449,0.10577
2.8187,12.264,0.32549,6.4063,-0.10136,-0.045057,0.064102
3.3422,16.563,-1.6018,7.2543,0.15489,-0.094098,0.065569
3.5127,17.826,-0.66818,6.6879,0.33447,0.21699,0.11297
2.1332,14.418,0.65343,5.1014,0.31711,0.14352,0.11434
-2.3743,12.774,1.3241,5.1327,0.10168,-0.14431,-0.039334
-4.1198,17.589,0.22167,5.9982,0.087864,-0.15256,-0.033707
-2.2245,21.701,-0.23974,5.9938,0.31775,0.14804,0.10958
0.5809,17.808,0.22027,5.8429,0.37895,0.072196,0.0059962
3.6193,15.476,1.9938,6.0388,0.00068475,-0.19658,-0.10442
3.8721,18.107,1.4551,5.4832,-0.28655,0.13835,-0.10099
3.2739,24.78,-0.11933,5.448,-0.27978,0.31019,-0.020617
3.2977,21.419,-0.034727,5.2242,-0.30556,0.10585,-0.11133
0.84311,19.6,1.1348,5.4367,-0.036186,-0.17037,-0.11503
-3.6134,18.807,2.1052,6.9046,0.081301,0.074617,-0.034479
-4.6284,24.995,1.5072,6.8813,-0.1034,0.46801,0.057827
-1.4922,24.693,0.41186,5.1743,-0.32143,0.14994,-0.12901
-0.049873,20.319,0.54779,4.4396,0.057535,-0.021701,-0.063638
1.7304,19.134,2.0964,5.4013,0.34692,0.30988,0.11459
2.9598,23.128,2.0931,7.0197,0.35494,0.24065,0.12133
2.2406,26,0.52371,7.1008,0.28917,0.069281,0.013286
2.0103,21.541,-0.0062698,6.1248,0.12043,0.06945,0.12366
-0.71292,17.281,1.1054,5.3076,0.041134,0.56924,0.10648
-4.9771,20.19,1.969,5.7368,0.10553,0.47401,0.069286
-4.0378,24.493,1.6937,5.9974,0.23063,0.1555,-0.086615
-1.6587,21.534,0.19356,6.2969,-0.14861,0.40015,0.10223
-0.66278,16.181,0.13651,6.6481,-0.20799,0.35381,0.10973
1.0803,16.039,1.8921,6.8524,-0.29069,0.14387,-0.11192
1.7786,20.177,1.8054,6.6377,-0.20594,0.16722,-0.11728
2.137,20.629,0.25577,5.5781,0.054231,0.59548,-0.03465
2.0419,15.988,-1.0735,5.6438,0.039693,0.53692,-0.11246
-0.54702,12.737,0.84145,7.131,-0.034487,0.22837,-0.10953
-4.4394,16.447,1.4838,7.4663,-0.0359,0.19686,-0.12315
-4.2551,17.63,1.075,6.9462,0.20928,0.50902,0.059106
-3.6202,15.818,-0.1802,5.5626,0.39449,0.1576,-0.036019
-2.4806,11.107,0.012591,5.5426,0.33827,0.12829,-0.10782
-0.43123,13.08,1.3574,7.1198,0.22836,0.23047,0.071274
1.5657,17.235,1.8794,7.6372,-0.074602,0.57052,0.11119
2.3147,15.907,0.087742,6.8636,-0.15022,0.23155,0.070083
2.6583,12.004,-1.1813,6.5095,-0.011536,-0.13991,0.060212
1.1457,11.961,0.38764,6.2488,-0.016926,0.12625,0.11169
-3.7733,16.839,1.897,6.1198,-0.32655,0.28136,0.1165
-4.5852,17.872,0.091985,6.3942,-0.30548,0.079638,-0.025661
-3.8179,15.367,-0.85964,6.9217,-0.30948,0.17484,-0.031971
-1.4732,13.643,-0.83155,6.9687,-0.13469,0.40654,0.11286
1.9257,16.209,0.91626,6.7878,0.17393,0.34608,0.0029024
4.3681,21.172,0.58045,5.5045,0.26778,-0.021236,-0.10442
2.9959,18.231,-0.84738,4.9005,0.14583,-0.068684,-0.10655
2.7783,16.764,-2.4507,5.3911,0.22912,0.24518,-0.021628
2.1882,17.957,-0.88419,6.9417,0.3436,0.055326,-0.11383
-1.1466,23.001,0.37104,6.7299,0.37513,0.084709,-0.11342
-4.5598,21.925,-1.1364,4.9494,0.32914,0.14134,-0.022054
-3.8056,18.853,-2.1533,4.0779,0.11679,0.34113,0.079332
-0.48064,19.215,-1.8179,5.3913,-0.28665,0.031029,-0.12473
3.7383,23.139,-0.63907,6.0377,-0.16692,0.035917,-0.076963
4.544,25.362,-0.57632,6.085,-0.19462,0.25872,0.11565
3.0564,20.707,-1.5892,5.202,-0.19424,0.232,0.12945
2.6393,17.903,-2.3316,4.6322,-0.28412,0.09242,0.017929
2.4645,21.544,-1.39,5.3735,-0.30442,0.23012,0.12492
0.27193,26.134,-0.027374,5.5575,-0.16126,0.43088,0.10321
-3.1887,22.955,-0.75133,5.3172,0.15831,0.33787,0.082108
-3.5681,17.091,-1.854,6.1623,0.31944,0.10294,-0.084042
-0.53704,19.32,-1.4472,6.6772,0.33144,0.27516,0.08501
4.517,22.9,-0.331,5.7128,0.10061,0.50475,0.10387
4.8205,22.019,0.021528,5.1012,0.24571,0.29989,-0.10746
2.5271,16.91,-0.53392,5.2273,0.37237,0.1146,-0.11302
2.5804,15.775,-1.6694,6.4567,0.38077,0.28209,-0.023733
2.8799,20.228,-0.95396,7.599,0.25468,0.34011,-0.095524
1.0571,20.52,0.28334,6.6431,-0.13083,0.059733,-0.10951
-3.0053,15.723,0.93035,5.0166,-0.30657,0.20778,-0.1122
-3.2997,11.626,-0.71499,4.8863,-0.10455,0.48108,0.062126
-1.2811,15.947,-0.75293,5.8408,-0.028295,0.53493,-0.019884
2.7808,18.845,-0.59175,6.7411,-0.22887,0.21701,-0.10699
4.4072,15.685,0.8457,6.4827,-0.25758,0.31726,0.07635
3.1285,10.13,0.18936,6.2627,-0.18314,0.40197,0.11239
3.3717,12.133,-0.9269,6.2472,-0.072088,0.23311,0.051315
4.0208,17.673,-1.345,5.9368,0.33969,0.033649,0.025104
0.79378,16.453,0.53763,5.616,0.3852,0.29675,0.11159
-3.7881,12.356,1.2203,6.459,0.25282,0.29914,0.11509
-3.4727,11.913,-0.32552,7.0768,0.24828,0.0093715,-0.041359
-1.3338,16.291,-1.2506,7.0616,0.25644,0.039523,-0.048769
1.6372,19.611,0.26005,6.0348,0.38533,0.31149,0.11201
3.7664,15.302,0.92317,5.1108,0.30944,0.17314,0.020679
3.1329,13.685,0.79449,6.4302,0.0074832,-0.10536,-0.10724
3.2409,16.989,-0.80452,7.5996,-0.25412,0.15812,-0.083765
3.1767,21.623,-0.17752,7.2076,-0.24721,0.29536,0.0057343
-0.66188,19.007,1.0641,6.4477,-0.30696,0.079244,-0.12197
-5.2588,16.327,1.8783,5.5141,-0.055084,-0.14795,-0.11563
-3.2979,17.504,0.67995,5.9084,-0.18621,0.071397,-0.028473
-1.526,23.07,-0.37408,6.8321,-0.26851,0.22102,0.081254
-0.02732,23.26,0.93897,7.0343,-0.20407,0.018977,-0.11185
1.5939,19.044,2.1131,5.9714,0.1113,-0.2411,-0.072967
2.4574,17.302,1.5881,6.0065,0.35777,0.15145,0.12092
2.6538,22.184,-0.13816,5.3289,0.33413,0.11687,0.1062
1.7458,25.139,0.52628,4.923,0.16765,-0.053203,0.00060711
-2.6454,20.77,1.8339,4.8304,0.0581,-0.17042,0.12303
-5.3119,17.921,2.2924,6.0626,0.28355,0.14272,0.10858
-2.9806,20.368,1.3459,6.4278,0.34934,0.044608,0.058735
-1.7277,23.586,0.15217,5.5636,0.18625,-0.077968,-0.087716
-0.65009,22.076,0.94561,4.2237,-0.20241,-0.008589,0.077522
0.54781,17.098,2.5783,4.6537,-0.31573,0.23979,0.10526
1.3771,18.248,1.36,5.9573,-0.31889,0.092123,-0.10832
2.0446,21.395,0.065669,7.02,-0.17922,-0.0041033,-0.11289
1.7449,21.67,0.1705,6.1484,-0.1196,0.27979,-0.020837
-1.6664,17.099,1.5914,4.8156,-0.16665,0.38935,-0.076907
-5.4234,14.269,1.1762,5.0165,-0.32314,0.10296,-0.10848
-4.4556,18.597,0.3587,6.0773,-0.25487,0.20219,-0.11478
-3.1538,20.142,-0.70519,5.7534,0.10046,0.55623,0.068877
-1.6111,17.04,-0.022005,5.8181,0.37134,0.19702,0.0053037
0.76674,10.303,1.2356,6.0915,0.33824,0.050932,-0.12182
2.1976,15.242,0.7413,5.732,0.30512,0.24076,0.055618
2.9456,17.911,-0.41574,5.3661,0.061651,0.61302,0.11528
2.5704,16.794,-0.41373,5.2886,0.11898,0.40143,0.066287
0.28289,11.333,0.84143,5.6623,0.39297,0.11971,0.030359
-3.7701,11.337,1.0796,6.7501,0.21013,0.40413,0.10993
-5.1824,16.688,0.70135,6.9943,-0.084697,0.56677,0.11315
-2.9076,17.551,-0.5062,5.4515,-0.39002,0.16916,-0.031631
-0.19658,12.693,-0.043427,4.4433,-0.29283,0.17124,-0.048477
3.1461,11.424,1.1311,5.2294,-0.054319,0.52909,0.1143
3.89,16.648,1.4585,6.8753,0.017887,0.58706,0.017666
3.1394,20.194,-0.47273,6.9928,-0.10284,0.25199,-0.1054
2.6418,15.328,-0.75922,6.007,-0.34311,0.23696,-0.088479
2.0717,13.926,0.17084,5.525,-0.007226,0.5894,0.004058
-2.0566,17.338,1.3596,5.6017,0.29864,0.31692,-0.12033
-3.9879,22.905,0.061417,6.1703,0.32243,0.12322,-0.11607
-3.0095,19.942,-1.1391,6.617,0.28608,0.26557,-0.026039
0.51889,17.854,-1.439,6.5941,0.057317,0.43906,0.089829
4.5101,17.207,0.2315,6.8134,-0.06633,0.20248,-0.11027
4.0028,23.503,0.56098,6.5859,0.081908,-0.13429,-0.088683
3.075,24.387,-1.3679,5.6291,0.24503,0.19274,0.11859
2.8444,20.047,-2.1534,5.5495,0.035267,0.34638,0.11066
3.7193,19.033,-0.9091,7.1085,-0.34769,0.057733,0.0069224
0.65811,22.148,0.1463,6.9971,-0.31176,0.1458,0.11966
-2.9997,25.098,-1.093,6.4395,-0.22833,0.28572,0.10711
-2.7426,22.147,-1.9682,4.9568,-0.10532,0.20822,0.070674
1.4797,18.624,-1.7186,5.0262,0.011964,-0.24388,-0.084501
5.7172,20.24,-0.38441,6.655,-0.022966,-0.10394,0.053564
3.5634,23.893,0.26587,7.1673,-0.18095,0.20407,0.10146
2.4506,22.796,-1.497,6.2611,0.072149,-0.13217,-0.10038
3.2158,17.175,-2.7628,5.7192,0.22669,-0.031111,-0.10682
2.8495,17.509,-0.80201,5.5766,0.31243,0.21618,-0.038577
-0.49554,21.02,0.27257,5.5505,0.3464,0.18348,-0.084561
-3.4887,21.888,-0.38427,5.6408,0.11647,-0.22608,-0.10578
-2.8929,17.144,-2.2186,6.4173,0.047771,-0.16735,-0.098897
-0.26099,14.056,-0.97866,6.5784,0.076537,0.15646,0.070195
3.9733,17.294,0.30695,6.4631,0.14013,0.2432,0.0097412
3.764,19.121,0.91072,5.1523,-0.13111,-0.19464,-0.11844
3.1405,17.014,-0.85969,5.0707,-0.38171,0.20561,0.055438
3.4201,12.604,-1.5919,5.7049,-0.23247,0.33684,0.10915
2.8992,13.87,0.25127,7.2328,-0.18297,0.17856,0.066639
-1.1,16.358,1.3834,7.1157,0.074676,-0.15887,0.016494
-4.4122,16.555,0.12114,5.373,0.29462,0.14768,0.11104
-2.7716,12.253,-1.2526,4.9076,0.094934,0.39857,0.10862
-1.189,12.058,-0.39052,5.7183,0.10354,0.21525,-0.033939
1.5997,15.338,0.66284,6.2715,0.37203,0.15134,-0.063148
3.5338,17.936,0.99895,6.5597,0.40802,0.32747,0.113
2.6521,13.813,-0.054653,5.8706,0.35985,0.16944,0.032993
2.7931,12.163,-1.3445,5.1026,0.24296,-0.04329,-0.10756
1.8526,16.48,-0.6591,5.5576,-0.095184,0.099889,-0.10085
-3.1533,20.898,0.77845,5.8998,-0.12426,0.47619,-0.00125
-4.4191,17.038,0.39704,5.5225,-0.1219,0.52129,-0.11931
-2.9858,14.853,-0.82491,6.6287,-0.17287,0.17526,-0.1154
-1.4301,17.945,-0.78191,6.9564,-0.35339,0.3346,-0.037898
0.43008,23.254,0.48,5.9319,-0.21991,0.39322,0.091848
1.4186,20.769,1.086,5.0758,-0.29075,0.17833,-0.092456
1.9775,18.621,0.28518,4.8938,-0.1102,0.024036,-0.083924
2.2804,18.446,-0.73008,6.5652,0.27563,0.35419,0.11825
0.93448,24.204,-0.45574,7.367,0.25001,0.33951,0.11067
-3.7626,24.604,1.3073,6.9061,0.27798,0.013728,0.016495
-4.8701,20.507,0.89084,5.0506,0.20878,0.0079727,0.12382
-3.118,18.532,0.45701,5.2644,0.44092,0.26415,0.10894
-1.4894,22.746,0.15476,6.1409,0.39441,0.13468,0.072213
-0.0046899,27.088,0.95438,7.1842,0.28171,0.021978,-0.083406
1.4699,22.82,1.6875,6.5752,-0.071123,0.089283,0.052311
1.8777,17.661,1.4255,6.3685,-0.30288,0.23409,0.10438
2.7425,20.488,0.084778,6.6261,-0.29898,0.083358,-0.10423
1.855,24.866,0.18078,6.2521,-0.091127,-0.11718,-0.11106
-2.8111,23.414,1.5861,5.9827,-0.12268,0.13282,-0.043887
-5.9208,17.797,2.1953,6.7204,-0.35135,0.21721,-0.073363
-3.8403,17.272,0.87697,6.9757,-0.27586,0.067044,-0.10859
-2.1403,20.507,0.3204,7.0438,-0.18726,0.073078,-0.10666
0.3856,22.549,0.99096,5.9424,0.17604,0.35325,0.071118
2.2581,17.429,2.2969,5.2047,0.37969,0.11545,0.030159
3.7075,13.649,1.0053,6.4638,0.21169,-0.045359,-0.11986
2.8384,16.889,-0.46997,7.624,0.12904,-0.056847,0.034764
2.3296,19.192,-0.53872,7.2233,0.28066,0.23687,0.11045
-0.5533,17.39,1.3076,6.5642,0.32534,0.056238,0.084757
-4.3791,11.851,1.6693,5.6592,0.35328,0.049088,0.025276
-4.3788,13.146,0.18005,5.9168,0.35694,0.2178,0.1122
-2.2198,16.262,-1.0006,6.6857,-0.10075,0.47132,0.10673
1.2864,17.61,0.20582,7.3499,-0.3072,0.097691,-0.015683
4.1555,12.239,2.0994,6.8527,-0.21406,0.10297,-0.06397
4.0097,10.626,0.73061,6.7086,-0.19328,0.4279,0.11185
2.3611,15.088,-1.0376,5.8181,-0.13734,0.46145,0.02908
3.1237,18.857,-0.74574,5.5293,-0.33076,0.11819,-0.10525
1.8503,14.377,0.79414,5.4777,-0.30499,0.21197,-0.10739
-1.8918,12.778,1.7061,6.6273,-0.045884,0.48615,-0.009184
-4.0406,15.18,-0.39281,7.1839,0.27377,0.30168,-0.11891
-2.184,20.896,-1.2503,6.175,0.30724,0.13185,-0.11436
2.7611,17.124,-0.26249,4.8537,0.24539,0.29612,-0.029141
4.908,15.469,1.577,5.1631,0.045708,0.56257,0.097621
3.7333,17.538,0.2634,6.1852,0.21992,0.39241,-0.089604
2.4966,22.547,-1.4211,7.0085,0.38461,0.14023,-0.096417
2.5929,22.13,-1.2216,6.2285,0.37337,0.30638,0.12285
2.2124,18.479,-0.10671,4.5214,-0.015174,0.44619,0.11279
-1.5445,18.302,0.78668,5.1487,-0.3639,0.15503,0.017231
-4.0418,24.028,-0.52036,6.0255,-0.28983,0.23464,0.11361
-1.4721,26.133,-1.5776,6.0455,-0.094991,0.51971,0.10516
2.8906,20.623,-0.85954,5.8899,-0.00098145,0.48306,0.087767
5.1562,18.235,0.26105,6.266,-0.16616,0.15294,-0.084197
3.6954,21.302,-0.80388,5.8606,-0.30675,0.30734,0.030941
1.8648,26.122,-2.1609,5.3962,-0.085735,0.50176,0.11017
2.3284,24.044,-1.624,5.223,0.19855,0.33479,-0.095798
1.8454,18.849,-0.83637,5.8599,0.33058,0.10766,-0.11001
-1.932,19.066,0.2418,6.9861,0.33744,0.27171,-0.062894
-4.4865,23.076,-1.2121,7.1769,0.2271,0.28192,-0.081757
-2.0805,23.862,-1.8198,5.622,0.1902,-0.032392,-0.10783
1.3444,17.591,-1.7458,4.7835,0.17015,-0.097299,-0.10291
4.3193,16.568,0.13648,5.5503,0.36413,0.22396,0.062866
3.8157,20.35,-0.35497,7.3996,0.24891,0.17752,0.034654
2.9039,21.971,-1.7531,6.9789,-0.014515,-0.2578,-0.12225
3.4641,16.175,-2.3127,6.473,-0.28291,0.1212,0.031373
2.125,13.597,-0.23909,6.0932,-0.27136,0.30282,0.111
-3.0075,16.519,0.66931,6.2181,-0.17995,0.17208,0.086537
-4.4309,18.834,-0.018755,6.5985,0.062915,-0.16061,0.017309
-2.0791,17.345,-1.4669,7.2077,-0.034549,-0.009404,0.11314
-0.40627,12.321,-1.3735,6.6666,-0.32708,0.21316,0.10979
2.214,11.815,0.54493,6.8201,-0.12691,-0.052934,-0.015844
3.1817,15.746,1.0045,6.6936,0.11501,-0.10944,-0.076394
2.6967,17.911,-0.80195,5.803,0.3679,0.243,0.1099
2.2614,12.812,-1.5117,5.8832,0.31294,0.17009,0.062886
-0.0782,11.535,0.29257,7.3381,0.12877,-0.085356,-0.10818
-4.0548,14.207,1.2337,7.4915,0.051574,-0.20406,-0.12242
-3.7098,17.954,0.46996,6.9136,0.14842,0.12596,-0.017843
-2.7137,15.501,-0.49014,5.4363,0.38088,0.075004,-0.11787
-1.1771,13.101,-0.528,5.3213,0.096286,-0.093155,-0.1111
0.62621,14.507,1.1324,6.6159,-0.2525,0.142,-0.050667
1.8849,20.079,1.6403,7.4969,-0.33479,0.30703,0.098997
2.1985,18.868,-0.0037809,6.9084,-0.33027,0.11637,-0.07231
1.9765,15.958,-1.2307,6.116,-0.12325,-0.063661,-0.10401
-0.18519,16.296,0.78752,5.5173,0.035482,0.25293,0.1211
-4.7615,20.605,2.2805,5.4118,-0.091389,0.5413,0.11362
-4.3178,23.387,0.69141,5.4888,-0.24893,0.21278,0.030861
-3.3222,18.55,-0.18072,5.7884,-0.089412,0.066534,0.11858
-1.73,18.06,0.12675,6.3477,0.30626,0.33069,0.10804
0.30958,20.519,2.0096,5.8796,0.33098,0.19862,0.08619
1.4819,25.149,1.9689,4.8216,0.31058,0.07715,-0.0875
1.7813,21.459,0.5422,4.598,0.19004,0.21119,0.023163
2.4393,19.442,-0.64336,5.2035,0.006853,0.60157,0.11968
1.3541,20.771,1.1089,6.6901,0.05205,0.42175,-0.092458
-3.2456,24.112,2.8199,6.6611,0.19985,0.1091,-0.10729
-5.4124,23.243,1.0229,4.728,-0.01732,0.40478,-0.0509
-4.0228,19.253,-0.049002,4.4317,-0.13882,0.36102,-0.051648
-1.8547,18.981,0.54598,5.4059,-0.26553,0.1301,-0.10744
0.91334,23.311,1.7708,6.2605,-0.31974,0.20058,-0.11004
3.4169,22.303,2.2629,6.3616,0.0098505,0.53574,0.063149
3.2397,18.384,1.4961,5.6657,-0.01568,0.46792,0.051918
2.9961,15.202,-0.010202,5.0697,0.020054,0.13736,-0.11962
2.484,19.717,0.37719,5.676,-0.024966,0.1354,0.0091403
-1.3692,20.983,2.576,5.7908,0.17714,0.56192,0.1104
-4.6025,16.609,1.9251,5.441,0.41346,0.16307,0.092407
-3.9509,12.573,0.4113,6.4876,0.32529,0.085813,0.015274
-1.6067,14.959,-0.12222,7.0363,0.29303,0.21297,0.11434
2.6549,17.993,1.3318,6.0029,-0.036293,0.55186,0.10827
4.705,16.571,1.8499,5.0452,-0.24963,0.19583,0.0016624
3.1542,11.837,0.9995,4.8028,-0.087115,-0.040064,-0.078498
3.1866,11.459,-0.69198,6.4906,-0.051255,0.19908,0.10523
3.1509,15.591,-0.09782,7.3025,-0.31651,0.33421,0.060882
1.1994,16.917,1.2563,6.6673,-0.30198,0.089718,-0.10911
-2.698,12.286,1.4029,5.2572,-0.28654,0.17381,-0.10879
-2.9699,10.592,0.16001,5.2118,-0.17627,0.42433,-0.0082167
-0.59499,14.652,-0.80703,6.279,0.16184,0.35546,-0.12409
4.0419,19.647,0.19048,7.2848,0.24917,0.027458,-0.10911
4.8321,15.652,1.0411,6.8039,0.21516,0.0015677,-0.052651
2.5268,12.623,0.57658,6.278,0.21111,0.29946,0.10123
2.8364,14.887,-1.2911,6.5711,0.39475,0.075653,-0.070144
3.7316,21.048,-1.3573,6.3347,0.40506,0.10453,-0.10892
2.078,19.771,0.37176,6.1885,0.32773,0.2158,0.11797
-1.6075,16.647,0.71097,6.7376,0.12771,0.27632,0.11351
-3.0958,16.078,-1.1146,6.8609,-0.22143,-0.018688,0.027016
-0.9832,20.76,-2.4446,6.9488,-0.20699,0.090597,0.10388
4.2497,23.886,-0.64612,5.7861,-0.13453,0.38458,0.10332
5.1905,19.323,0.26003,4.8538,-0.10156,0.43122,0.098194
2.6146,18.143,-0.85712,5.9489,-0.37347,0.11116,-0.086855
2.18,21.089,-2.5004,7.1606,-0.33493,0.2553,0.0021501
3.2394,24.999,-1.8342,6.6842,-0.18788,0.3948,0.11685
1.4525,21.833,-0.42245,5.6423,0.020405,0.25806,-0.077429
-3.1358,18.817,0.22881,4.6392,0.3251,0.089792,-0.10559
-3.8323,19.971,-1.633,4.9603,0.34056,0.29597,-0.066334
-1.3321,23.657,-2.6828,5.6361,0.10348,0.46275,-0.057851
2.0741,23.872,-0.84884,6.0025,0.13098,0.22076,-0.1067
4.0088,19.17,0.51038,5.9409,0.36667,0.1286,-0.10905
3.4349,16.758,-0.53005,5.8177,0.37225,0.23098,0.049146
2.7101,21.774,-2.3109,5.1733,0.31171,0.18661,0.056866
3.0818,22.538,-1.9451,5.1075,0.072074,-0.057877,-0.11559
0.098279,19.76,-0.0078196,5.0323,-0.29613,0.168,-0.003037
-4.3484,14.215,0.30348,6.0946,-0.19999,0.37769,0.1088
-3.7198,18.119,-1.0318,6.9208,-0.11159,0.35571,0.081551
-1.5113,20.713,-1.9867,5.8435,-0.20424,0.052841,-0.0014267
0.48262,17.641,-0.52324,4.7913,-0.33353,0.28003,0.11288
2.269,12.733,0.61395,5.2069,-0.2378,0.35096,0.1055
3.0218,15.022,0.35322,6.162,-0.22633,0.21733,-0.0082357
2.3691,17.178,-1.621,7.0762,0.2074,-0.034321,-0.084716
1.8225,16.643,-1.6422,6.322,0.37813,0.26995,0.10056
-1.7097,12.048,-0.39599,4.868,0.36833,0.15794,0.075835
-4.533,10.946,0.69496,5.1719,0.2592,0.010748,-0.10559
-2.8215,15.224,0.18009,6.0619,0.22281,0.051086,-0.11545
-3.4921,17.484,-1.1665,5.7365,0.41208,0.28943,-0.013611
-2.7147,13.939,-0.10501,6.0152,0.34733,0.15547,-0.12048
-0.90603,10.197,1.0935,6.3925,0.1112,-0.062211,-0.10629
0.367,13.433,0.70626,6.1069,-0.23052,0.057922,-0.062519
1.3006,18.882,-0.68854,5.2161,-0.29819,0.29425,0.11148
0.47089,17.03,-0.36896,4.9999,-0.26924,0.11519,-0.038651
-3.3665,14.371,0.60417,5.871,-0.03269,-0.12501,-0.11862
-5.4269,14.232,1.5275,6.8744,-0.095877,0.054624,0.11448
-3.3097,20.294,1.3142,7.0338,-0.32412,0.24253,0.10727
-3.1617,21.138,-0.065314,5.7379,-0.24005,0.043106,0.021247
-2.2592,17.495,0.20518,4.7089,0.0394,-0.13017,0.095405
-0.30576,16.567,1.8028,5.7427,0.40848,0.1967,0.10661
1.5826,21.839,2.3148,7.4662,0.38865,0.14694,0.081474
2.5916,25.015,0.53452,7.607,0.22316,-0.015415,-0.091764
2.6671,19.955,0.047851,6.1149,0.06466,-0.053567,-0.00025937
0.7122,18.453,1.198,5.8837,0.16655,0.30828,0.11385
-4.4457,21.224,2.4084,6.0991,0.47223,0.10908,-0.079022
-5.388,26.216,1.4441,6.701,0.27694,0.013358,-0.10537
-2.8654,23.358,0.46408,6.7808,0.029715,0.14505,-0.056517
-0.38885,19.863,0.21172,6.4195,-0.31196,0.28011,-0.031078
2.9977,18.505,2.3107,6.2512,-0.31297,0.090818,-0.10382
3.8959,23.7,2.458,6.2759,-0.22961,0.12357,-0.10992
3.3689,24.712,0.68152,5.3089,-0.1455,0.48322,0.052167
2.8794,20.064,-0.60386,5.3418,-0.066048,0.52691,0.07334
1.8376,17.474,1.1866,6.8163,-0.3159,0.15556,-0.11374
-1.874,20.262,2.2477,7.085,-0.26575,0.23994,-0.025469
-4.8031,22.291,1.0908,6.4337,0.05012,0.58629,0.10945
-3.1907,20.22,-0.22901,4.8716,0.32848,0.22304,0.087834
0.30977,14.659,0.22825,4.9424,0.35168,0.097328,-0.0019251
4.1331,16.932,1.7812,6.2235,0.31789,0.25404,0.11518
3.8255,19.641,2.0658,7.1686,0.02732,0.5709,0.10888
3.3956,18.668,0.13913,6.6592,0.027152,0.42269,3.8418e-05
3.0918,13.086,-0.69591,6.0373,0.35899,0.13862,-0.090899
2.7686,12.449,0.19936,5.4486,0.2074,0.38152,0.088853
-0.24192,16.775,1.9219,5.7489,-0.092857,0.51756,0.072878
-3.2047,17.247,0.88861,5.7607,-0.38836,0.15428,-0.1076
-3.3023,13.781,-0.49367,6.278,-0.3098,0.17767,-0.10529
-0.060299,10.264,-0.4793,6.662,-0.082692,0.48026,-0.0095912
4.395,14.315,1.1751,6.2064,0.0068661,0.51009,-0.1246
4.2871,16.982,1.441,5.3687,-0.006777,0.17057,-0.1079
2.7664,15.062,-0.29489,5.1776,-0.25424,0.25746,-0.064666
2.9264,12.144,-1.3615,5.6404,-0.039384,0.48688,0.11023
2.8464,13.34,-0.36092,7.0548,0.35006,0.30405,-0.037619
0.29701,17.919,1.3058,6.9859,0.35193,0.093192,-0.1199
-3.576,17.931,-0.35686,5.2009,0.30963,0.23939,0.11574
-3.202,14.43,-1.2597,4.6471,0.14566,0.33566,0.10867
-0.11032,15.559,-1.2226,5.753,0.013335,0.067542,0.028707
3.9752,20.18,-0.19521,6.411,0.097399,-0.15945,0.084682
4.2373,21.614,0.047342,6.6858,0.22334,0.15663,0.10629
2.516,18.049,-0.94264,6.0194,0.13145,0.19536,0.090827
3.3502,17.614,-2.4972,5.3777,-0.21437,-0.080518,-0.092717
3.6077,21.92,-2.1028,5.7253,-0.33223,0.18703,-0.02734
0.14625,25.491,-0.33777,5.8306,-0.20339,0.38444,0.12041
-3.7606,21.379,-0.70818,5.4927,-0.17233,0.22942,-0.052926
-3.4388,19.082,-1.9781,6.5577,0.045801,-0.20843,-0.10479
-0.81159,20.723,-2.0494,6.9075,0.04448,-0.039236,-0.069396
2.484,26.363,-1.0991,6.3058,-0.10773,0.26985,-0.033585
4.171,24.191,-0.26481,5.2779,0.0058194,-0.07381,-0.10537
3.2388,20.559,-1.0874,5.058,0.17049,-0.054502,-0.10551
2.4421,19.181,-2.1076,6.8367,0.37939,0.22428,0.046778
2.1039,24.394,-1.5089,7.5362,0.3569,0.16987,0.093398
-1.8746,25.105,-0.1046,6.8988,0.083941,-0.16968,-0.1075
-5.2322,20.371,0.033543,5.5596,0.044023,-0.10757,-0.019741
-2.8598,16.549,-1.1351,5.4608,-0.026965,0.29517,0.11117
-1.3214,21.296,-0.83972,6.8504,0.067377,0.38969,0.093351
0.63854,23.735,-0.5984,7.6333,-0.10969,-0.065828,0.00081496
2.2189,20.344,0.50227,6.7164,-0.38233,0.23594,0.11528
2.519,13.966,-0.12859,6.3391,-0.29249,0.29365,0.10798
2.4909,16.357,-1.2364,6.5357,-0.23714,0.14336,-0.0031827
1.3351,20.456,-1.2072,6.2816,0.036925,-0.1146,-0.10154
-3.3232,19.068,0.29206,6.0668,0.33606,0.23839,0.087345
-5.1086,13.772,1.0236,6.8985,0.13982,0.36521,0.098549
-2.486,12.274,-0.41718,7.0685,0.11468,0.14999,-0.11015
-2.4254,15.726,-0.83729,7.0976,0.31282,0.066069,-0.10839
-1.014,18.349,0.058703,5.767,0.4318,0.27721,-0.013921
0.23747,13.912,1.0981,5.0459,0.33068,0.18241,-0.12483
1.2151,10.588,0.42011,6.0401,0.26829,-0.0072849,-0.11033
2.1447,13.326,-0.73497,7.5893,-0.017232,0.10317,-0.06755
1.0391,17.363,-0.78343,7.2936,-0.16423,0.42911,0.11221
-3.2944,15.152,0.76177,6.3432,-0.1786,0.34658,-0.003951
-5.1867,11.633,1.5571,5.1203,-0.17092,0.028851,-0.11778
-3.7396,12.96,0.52648,5.5134,-0.31833,0.33369,0.10989
-2.9137,18.33,-1.0735,5.9122,-0.27344,0.31029,0.11036
-1.3728,18.534,0.39773,6.2955,-0.24965,0.075597,0.044731
0.78145,14.868,1.6333,6.2686,-0.082704,0.035379,0.092375
2.4271,14.09,1.2619,5.8567,0.2615,0.3657,0.11098
3.2085,18.619,-0.63629,5.1234,0.27818,0.21398,0.091092
2.3446,22.598,0.098035,5.5122,0.2812,-0.010509,-0.087726
-1.0519,19.143,1.4626,5.1094,0.20369,-0.04279,-0.037976
-4.8705,16.864,2.5413,6.0702,0.41895,0.22986,0.11467
-4.4336,19.455,1.0052,6.8577,0.39098,0.091077,-0.055134
-2.4353,25.093,0.46104,5.609,0.29671,0.065167,-0.10529
0.66355,21.861,0.92208,4.5564,0.18018,0.17864,-0.080383
3.1899,18.991,2.7484,4.9003,-0.18562,0.38638,-0.031947
4.4382,20.74,1.7266,6.1862,-0.30337,0.09386,-0.10621
3.0011,24.202,0.1658,7.0729,-0.11538,-0.047261,-0.11603
2.2688,25.174,0.29806,6.2529,-0.11683,0.15453,0.037617
1.1305,20.74,1.8003,4.7393,-0.34686,0.17388,0.098486
-3.0663,18.329,2.0023,5.1548,-0.29901,0.060459,-0.10808
-4.5138,23.05,0.65969,6.1383,-0.32772,0.20616,-0.038917
-2.609,25.553,-0.012553,5.9802,-0.0098813,0.42346,0.11086
1.3613,21.845,0.59107,6.1179,0.3287,0.14671,0.10673
4.8515,16.084,2.0732,6.4183,0.27108,0.032968,0.0077289
4.0181,19.388,1.0602,6.5202,0.23542,0.14949,0.12412
2.723,22.529,-0.23281,5.638,0.20488,0.39799,0.10869
2.659,21.107,-0.65164,5.2219,0.41673,0.083332,0.012165
2.7241,14.518,0.80469,6.2379,0.39836,0.065037,-0.10849
-0.32003,15.157,1.3344,6.9508,0.37396,0.23388,0.064376
-3.806,18.838,0.34558,7.39,-0.081411,0.4364,0.095823
-2.6807,19.715,-0.62952,6.1057,-0.37866,0.10671,-0.11341
1.6978,14.445,-0.53664,5.2212,-0.26303,0.12801,-0.11488
5.7933,11.226,1.337,6.0729,-0.17389,0.4623,-0.02629
3.2645,15.629,0.71868,7.677,-0.10916,0.52511,-0.126
2.4285,18.548,-0.48911,7.2277,-0.41432,0.19232,-0.10893
3.2971,14.041,-0.77032,6.3992,-0.38279,0.21872,-0.062351
3.4207,10.353,0.31804,6.2172,-0.082234,0.4789,0.10949
-0.4022,13.363,0.88156,6.2942,0.23784,0.36141,-0.00072377
-3.4999,17.752,0.38185,6.7687,0.33082,0.13419,-0.11829
-2.887,16.455,-0.97604,7.2085,0.32284,0.29767,0.11152
0.29031,12.55,-0.98671,6.7148,0.072696,0.45649,0.10289
4.0395,12.257,0.79571,6.8663,0.1601,0.35184,0.045516
3.5344,18.107,1.2822,6.5096,0.42219,0.17567,0.073955
3.0504,19.336,-1.0109,5.6068,0.35151,0.32587,0.10613
3.5854,15.835,-1.573,5.4781,0.05876,0.35285,0.09078
2.8133,14.598,-0.5249,7.0919,-0.40335,0.15686,-0.090496
-1.7384,18.196,0.78874,7.0485,-0.3238,0.19335,-0.059811
-4.1979,22.065,-1.0247,6.3946,-0.16924,0.41967,0.11304
-3.0157,19.072,-1.5994,4.6579,-0.04091,0.36024,-0.034624
-0.20392,17.341,-1.8998,4.7918,-0.10047,0.006011,-0.1029
2.4888,19.108,-0.54696,5.7242,-0.34711,0.24034,-0.094333
3.8617,24.094,-0.2827,6.5773,-0.22001,0.33077,-0.036756
2.8056,22.799,-1.6571,6.1121,-0.14397,0.11763,-0.10738
2.7255,18.612,-2.8132,4.9782,0.3006,-0.064388,-0.10728
1.3372,19.063,-0.88473,4.6499,0.3171,0.1945,0.031239
-4.2417,23.221,0.39898,5.1598,0.31154,0.13718,0.10537
-4.3042,25.222,-1.0608,5.2939,0.16162,-0.10764,-0.094395
-2.5919,20.37,-2.1009,5.3972,0.079276,-0.225,-0.036275
-1.1039,18.234,-1.411,6.0761,0.33308,0.10782,0.11234
0.78443,21.683,-0.16564,5.7023,0.31734,0.091508,0.11013
1.7996,24.188,0.14872,4.9287,0.030299,-0.2853,0.011623
2.2019,21.789,-1.0554,4.9135,-0.25414,0.049204,0.1178
2.2459,17.653,-1.8481,5.5197,-0.32591,0.25718,0.10395
0.2761,18.921,-0.1112,7.1639,-0.23273,0.082305,0.014352
-4.8566,21.273,0.94967,7.1741,0.077246,-0.1656,-0.10563
-4.0975,20.313,0.26723,5.2112,-0.0072341,-0.0073191,0.066366
-2.3664,15.062,-0.99308,4.9336,-0.26808,0.23965,0.10387
-2.5521,15.065,-0.31972,5.5664,-0.19038,0.066986,-0.11111
-1.1022,18.681,0.48175,6.4036,0.15266,-0.14167,-0.11498
0.45379,18.814,1.1782,6.736,0.35464,0.23312,-0.027947
1.2194,15.053,-0.16327,6.2078,0.34244,0.13542,-0.12201
2.0123,10.164,-0.73917,5.8206,0.2204,-0.088903,-0.111
0.56553,14.841,0.29306,5.5903,0.088114,-0.091994,-0.076959
-4.7513,17.827,1.0579,5.2738,0.059046,0.3258,0.10877
-4.7803,14.745,0.54695,5.5024,0.24272,0.2152,0.019876
-4.029,10.48,-0.39501,6.4701,0.17192,-0.087377,-0.11652
-2.8932,11.725,-0.22512,6.7922,-0.25466,0.14415,0.10184
-0.40358,17.572,0.48632,6.2937,-0.30341,0.33473,0.10929
1.6768,16.724,1.1217,5.3283,-0.28782,0.10536,0.062571
2.5263,13.244,0.28825,5.127,-0.18401,0.033554,0.078833
2.7291,12.557,-0.55328,6.9763,0.0084996,0.42705,0.10578
2.4479,18.75,-0.49354,7.4628,0.014483,0.5792,0.09416
-1.4375,20.189,1.2139,7.1073,-0.1518,0.25714,-0.079459
-5.2039,15.727,0.73259,5.8802,-0.17387,0.15914,-0.062078
-4.2745,14.991,0.18718,5.7541,0.18643,0.59333,0.10622
-1.2365,20.008,-0.54825,6.9128,0.43737,0.22781,-0.041863
2.3097,24.313,0.7328,7.7339,0.32966,0.10389,-0.10251
4.6417,19.667,1.6338,6.5313,0.26065,0.27949,-0.092825
3.242,16.914,1.3477,6.177,-0.050911,0.53687,-0.024601
2.5593,18.94,0.092323,6.344,-0.0017175,0.40872,-0.10898
3.2826,24.874,0.21571,5.8688,0.12926,0.1633,-0.11095
0.85197,23.294,1.8063,5.6017,0.058926,0.51157,0.03006
-3.1584,19.132,2.2638,6.2795,-0.12671,0.38372,0.11197
-3.7852,18.599,0.71833,6.4366,-0.33472,0.079575,-0.090134
-1.3469,22.399,0.04242,6.3581,-0.35215,0.14877,-0.058508
3.5177,25.201,1.336,4.8811,-0.068466,0.50159,0.11623
5.1063,20.523,2.2336,4.1413,0.11257,0.34033,0.11993
3.4622,17.431,1.1447,5.0994,0.20562,-0.029018,0.016855
2.6285,20.699,-0.23293,6.6561,0.098369,-0.031904,0.12202
3.2834,23.537,-0.023625,6.567,0.18221,0.34335,0.10438
1.9622,21.674,1.6115,5.3505,0.41628,0.01705,0.034261
-1.7836,15.804,2.0431,4.3051,0.35314,0.025066,-0.10975
-3.6842,17.316,0.33512,5.1688,0.37746,0.16578,0.041791
-1.453,20.817,-0.73826,5.8921,0.066307,0.37486,0.098133
3.1313,21.12,0.26423,5.988,-0.28609,0.042573,-0.1122
4.5337,15.11,2.375,6.0292,-0.10335,-0.069582,-0.12136
3.7684,13.412,0.48975,5.7416,-0.072554,0.16854,-0.038242
2.427,17.181,-0.8805,5.6366,-0.26654,0.31433,-0.12257
3.0512,19.196,-0.77627,5.472,-0.29542,0.074388,-0.10565
1.7263,15.934,1.1308,5.4614,-0.27996,0.17345,-0.075552
-2.0969,11.08,1.4363,6.4155,-0.22134,0.36611,0.10325
-4.2041,14.298,-0.31691,7.115,0.12981,0.245,0.022512
-2.215,16.903,-1.2635,5.9046,0.2484,-0.0099397,-0.11646
1.7262,15.224,-0.11845,4.9409,0.2947,0.080429,0.10348
4.2972,11.414,1.6516,5.097,0.23216,0.35433,0.10691
3.4297,12.683,0.41927,6.0378,0.38781,0.054917,0.062329
3.0556,16.402,-1.1639,6.8885,0.43251,0.10156,0.061604
3.4235,17.899,-0.91924,6.5799,0.37245,0.2274,0.10247
1.387,13.308,0.38183,5.0852,0.28018,0.20673,0.097005
-3.6484,13.272,1.1366,5.0666,-0.068458,-0.14121,-0.082921
-4.1484,18.819,0.2276,5.691,-0.13188,0.066612,-0.078802
-2.099,21.26,-1.0638,6.0624,-0.12568,0.39944,0.10546
0.023733,16.812,-0.52396,6.2351,-0.074573,0.41016,-0.021062
2.4957,15.399,1.0152,6.5728,-0.30476,0.06058,-0.10407
3.1669,18.806,0.43301,6.6119,-0.33874,0.28837,-0.10031
2.608,24.688,-1.3961,5.91,-0.18167,0.44152,-0.024976
2.3117,21.451,-1.3259,5.3188,-0.086949,0.24913,-0.11154
-0.68973,19.066,-0.12653,6.4886,0.30731,0.035003,-0.10454
-4.5973,19.795,-0.0023549,7.2075,0.33207,0.32731,0.01933
-4.4059,25.11,-0.75717,7.0562,0.16938,0.44672,0.11227
-1.7794,24.949,-1.2879,6.0388,0.15266,0.19143,-0.07852
-0.016628,20.388,-0.86829,4.8779,0.37121,0.13751,-0.053879
1.3846,19.086,0.14289,6.0716,0.34178,0.30663,0.11384
1.8448,23.353,-0.39572,7.581,0.32198,0.17817,0.11807
2.2116,26.212,-1.6663,6.9401,0.14916,-0.085328,0.016784
1.9436,20.739,-1.5479,5.931,-0.29076,0.15655,0.11923
-0.82691,17.432,-0.36806,5.7366,-0.26313,0.28197,0.1068
-4.9327,20.784,0.2505,6.0321,-0.183,0.24458,0.03157
-4.4134,23.775,-0.23168,6.5187,-0.19339,-0.037036,-0.10992
-2.5481,21.711,-1.3425,6.8601,-0.37965,0.2409,0.040691
-1.0943,16.75,-1.0914,6.3158,-0.30224,0.2458,0.10125
0.61312,15.813,0.62637,6.3923,-0.22674,0.025076,-0.1118
1.6383,19.63,0.4501,6.0433,0.1223,-0.11746,-0.11854
2.4388,20.901,-0.9098,5.1442,0.35632,0.20727,-0.023377
2.8768,15.42,-1.9556,5.1783,0.34488,0.12881,-0.097351
0.6845,12.848,0.36542,6.8348,0.23084,-0.1162,-0.10752
-4.0621,15.943,1.0561,7.3228,0.11038,-0.14473,-0.090094
-4.7477,18.388,0.44698,6.5125,0.40344,0.18447,0.10349
-3.6684,15.552,-0.83705,4.9554,0.34452,0.061338,0.042362
-1.9289,11.062,-0.54159,5.1522,0.19085,-0.034324,-0.11572
0.92843,13.228,0.86265,5.9149,-0.19216,0.022771,0.089215
3.3034,16.571,1.7426,6.8017,-0.29602,0.24856,0.10856
3.4352,16.331,-0.047505,6.6252,-0.26354,0.054421,0.063834
2.7937,11.739,-1.432,5.5389,-0.042782,-0.10742,0.051866
1.8206,11.331,0.3133,5.2031,-0.01013,0.1264,0.10689
-2.4354,16.213,2.0891,5.8725,-0.25743,0.30811,0.098089
-4.4801,18.648,0.61566,5.8566,-0.26622,0.097173,-0.072777
-3.7618,14.148,-0.49667,5.949,-0.10925,0.01699,-0.079585
-1.0305,13.627,-0.2429,6.6308,0.31919,0.27665,0.09992
3.3463,16.359,1.6382,5.999,0.36563,0.14047,-0.028611
4.9398,21.29,1.6471,5.2971,0.28798,0.036614,-0.1046
2.7959,18.24,0.31178,5.0464,0.24128,0.040628,-0.078999
2.8539,16.939,-1.2946,5.5667,0.17821,0.36851,0.0019679
3.2272,18.82,0.667,7.2387,0.40715,0.1513,-0.11057
0.61801,23.713,1.9574,7.0541,0.29255,0.08306,-0.10605
-3.4834,22.136,0.90908,5.3554,0.22878,0.2723,0.02332
-3.3618,18.801,-0.28623,4.5821,-0.14854,0.44757,0.11575
0.071975,20.249,0.066491,5.6385,-0.29436,0.16509,-0.072927
4.5801,24.092,1.5923,6.6201,-0.35839,0.22705,-0.069473
