0.001,0.099995,-0.01
0.002,0.09998,-0.02
0.003,0.09995499999999999,-0.03
0.004,0.09991999999999998,-0.04
0.005,0.09987499999999998,-0.05
0.006,0.09981999999999998,-0.060000000000000005
0.007,0.09975499999999997,-0.07
0.008,0.09967999999999996,-0.08
0.009000000000000001,0.09959499999999996,-0.09
0.010000000000000002,0.09949999999999995,-0.09999999999999999
0.011000000000000003,0.09939499999999994,-0.10999999999999999
0.012000000000000004,0.09927999999999994,-0.11999999999999998
0.013000000000000005,0.09915499999999994,-0.12999999999999998
0.014000000000000005,0.09901999999999993,-0.13999999999999999
0.015000000000000006,0.09887499999999992,-0.15
0.016000000000000007,0.09871999999999992,-0.16
0.017000000000000008,0.09855499999999992,-0.17
0.01800000000000001,0.09837999999999991,-0.18000000000000002
0.01900000000000001,0.09819499999999991,-0.19000000000000003
0.02000000000000001,0.0979999999999999,-0.20000000000000004
0.02100000000000001,0.0977949999999999,-0.21000000000000005
0.022000000000000013,0.09757999999999989,-0.22000000000000006
0.023000000000000013,0.09735499999999989,-0.23000000000000007
0.024000000000000014,0.09711999999999989,-0.24000000000000007
0.025000000000000015,0.09687499999999988,-0.25000000000000006
0.026000000000000016,0.09661999999999987,-0.26000000000000006
0.027000000000000017,0.09635499999999987,-0.2700000000000001
0.028000000000000018,0.09607999999999986,-0.2800000000000001
0.02900000000000002,0.09579499999999985,-0.2900000000000001
0.03000000000000002,0.09549999999999985,-0.3000000000000001
0.03100000000000002,0.09519499999999985,-0.3100000000000001
0.03200000000000002,0.09487999999999984,-0.3200000000000001
0.03300000000000002,0.09455499999999983,-0.3300000000000001
0.03400000000000002,0.09421999999999983,-0.34000000000000014
0.035000000000000024,0.09387499999999982,-0.35000000000000014
0.036000000000000025,0.09351999999999981,-0.36000000000000015
0.037000000000000026,0.09315499999999981,-0.37000000000000016
0.03800000000000003,0.09277999999999981,-0.38000000000000017
0.03900000000000003,0.0923949999999998,-0.3900000000000002
0.04000000000000003,0.09199999999999979,-0.4000000000000002
0.04100000000000003,0.09159499999999979,-0.4100000000000002
0.04200000000000003,0.09117999999999979,-0.4200000000000002
0.04300000000000003,0.09075499999999978,-0.4300000000000002
0.04400000000000003,0.09031999999999978,-0.4400000000000002
0.04500000000000003,0.08987499999999977,-0.45000000000000023
0.046000000000000034,0.08941999999999976,-0.46000000000000024
0.047000000000000035,0.08895499999999976,-0.47000000000000025
0.048000000000000036,0.08847999999999975,-0.48000000000000026
0.04900000000000004,0.08799499999999975,-0.49000000000000027
0.05000000000000004,0.08749999999999974,-0.5000000000000002
0.05100000000000004,0.08699499999999974,-0.5100000000000002
0.05200000000000004,0.08647999999999974,-0.5200000000000002
0.05300000000000004,0.08595499999999973,-0.5300000000000002
0.05400000000000004,0.08541999999999972,-0.5400000000000003
0.05500000000000004,0.08487499999999971,-0.5500000000000003
0.05600000000000004,0.08431999999999971,-0.5600000000000003
0.057000000000000044,0.0837549999999997,-0.5700000000000003
0.058000000000000045,0.0831799999999997,-0.5800000000000003
0.059000000000000045,0.0825949999999997,-0.5900000000000003
0.060000000000000046,0.08199999999999968,-0.6000000000000003
0.06100000000000005,0.08139499999999968,-0.6100000000000003
0.06200000000000005,0.08077999999999967,-0.6200000000000003
0.06300000000000004,0.08015499999999967,-0.6300000000000003
0.06400000000000004,0.07951999999999966,-0.6400000000000003
0.06500000000000004,0.07887499999999965,-0.6500000000000004
0.06600000000000004,0.07821999999999965,-0.6600000000000004
0.06700000000000005,0.07755499999999965,-0.6700000000000004
0.06800000000000005,0.07687999999999964,-0.6800000000000004
0.06900000000000005,0.07619499999999964,-0.6900000000000004
0.07000000000000005,0.07549999999999964,-0.7000000000000004
0.07100000000000005,0.07479499999999963,-0.7100000000000004
0.07200000000000005,0.07407999999999962,-0.7200000000000004
0.07300000000000005,0.07335499999999961,-0.7300000000000004
0.07400000000000005,0.07261999999999962,-0.7400000000000004
0.07500000000000005,0.0718749999999996,-0.7500000000000004
0.07600000000000005,0.0711199999999996,-0.7600000000000005
0.07700000000000005,0.0703549999999996,-0.7700000000000005
0.07800000000000006,0.06957999999999959,-0.7800000000000005
0.07900000000000006,0.06879499999999958,-0.7900000000000005
0.08000000000000006,0.06799999999999957,-0.8000000000000005
0.08100000000000006,0.06719499999999957,-0.8100000000000005
0.08200000000000006,0.06637999999999956,-0.8200000000000005
0.08300000000000006,0.06555499999999956,-0.8300000000000005
0.08400000000000006,0.06471999999999956,-0.8400000000000005
0.08500000000000006,0.06387499999999954,-0.8500000000000005
0.08600000000000006,0.06301999999999953,-0.8600000000000005
0.08700000000000006,0.06215499999999954,-0.8700000000000006
0.08800000000000006,0.061279999999999536,-0.8800000000000006
0.08900000000000007,0.06039499999999954,-0.8900000000000006
0.09000000000000007,0.05949999999999954,-0.9000000000000006
0.09100000000000007,0.05859499999999954,-0.9100000000000006
0.09200000000000007,0.057679999999999544,-0.9200000000000006
0.09300000000000007,0.05675499999999955,-0.9300000000000006
0.09400000000000007,0.05581999999999955,-0.9400000000000006
0.09500000000000007,0.05487499999999955,-0.9500000000000006
0.09600000000000007,0.05391999999999955,-0.9600000000000006
0.09700000000000007,0.05295499999999955,-0.9700000000000006
0.09800000000000007,0.051979999999999554,-0.9800000000000006
0.09900000000000007,0.050994999999999555,-0.9900000000000007
0.10000000000000007,0.04999999999999956,-1.0000000000000007
0.10100000000000008,0.04899499999999956,-1.0100000000000007
0.10200000000000008,0.04797999999999956,-1.0200000000000007
0.10300000000000008,0.04695499999999956,-1.0300000000000007
0.10400000000000008,0.04591999999999956,-1.0400000000000007
0.10500000000000008,0.04487499999999956,-1.0500000000000007
0.10600000000000008,0.04381999999999956,-1.0600000000000007
0.10700000000000008,0.042754999999999564,-1.0700000000000007
0.10800000000000008,0.041679999999999565,-1.0800000000000007
0.10900000000000008,0.04059499999999957,-1.0900000000000007
0.11000000000000008,0.03949999999999957,-1.1000000000000008
0.11100000000000008,0.03839499999999957,-1.1100000000000008
0.11200000000000009,0.03727999999999957,-1.1200000000000008
0.11300000000000009,0.03615499999999957,-1.1300000000000008
0.11400000000000009,0.03501999999999957,-1.1400000000000008
0.11500000000000009,0.03387499999999957,-1.1500000000000008
0.11600000000000009,0.032719999999999576,-1.1600000000000008
0.11700000000000009,0.031554999999999576,-1.1700000000000008
0.11800000000000009,0.030379999999999574,-1.1800000000000008
0.11900000000000009,0.029194999999999572,-1.1900000000000008
0.12000000000000009,0.02799999999999957,-1.2000000000000008
0.1210000000000001,0.02679499999999957,-1.2100000000000009
0.1220000000000001,0.02557999999999957,-1.2200000000000009
0.1230000000000001,0.024354999999999564,-1.2300000000000009
0.1240000000000001,0.02311999999999956,-1.2400000000000009
0.12500000000000008,0.021874999999999558,-1.2500000000000009
0.12600000000000008,0.020619999999999555,-1.260000000000001
0.12700000000000009,0.019354999999999553,-1.270000000000001
0.12800000000000009,0.01807999999999955,-1.280000000000001
0.1290000000000001,0.01679499999999955,-1.290000000000001
0.1300000000000001,0.015499999999999549,-1.300000000000001
0.1310000000000001,0.014194999999999548,-1.310000000000001
0.1320000000000001,0.012879999999999548,-1.320000000000001
0.1330000000000001,0.011554999999999547,-1.330000000000001
0.1340000000000001,0.010219999999999545,-1.340000000000001
0.1350000000000001,0.008874999999999545,-1.350000000000001
0.1360000000000001,0.007519999999999544,-1.360000000000001
0.1370000000000001,0.006154999999999544,-1.370000000000001
0.1380000000000001,0.004779999999999543,-1.380000000000001
0.1390000000000001,0.0033949999999995425,-1.390000000000001
0.1400000000000001,0.0019999999999995416,-1.400000000000001
0.1410000000000001,0.0005949999999995406,-1.410000000000001
0.14142135623730956,0.0,-1.410000000000001
0.14142135623730956,0.0,1.0606601717798214
0.14242135623730956,0.0010556601717798214,1.0506601717798214
0.14342135623730956,0.002101320343559643,1.0406601717798214
0.14442135623730956,0.0031369805153394644,1.0306601717798214
0.14542135623730956,0.0041626406871192855,1.0206601717798214
0.14642135623730956,0.005178300858899107,1.0106601717798214
0.14742135623730956,0.006183961030678928,1.0006601717798214
0.14842135623730957,0.00717962120245875,0.9906601717798214
0.14942135623730957,0.008165281374238572,0.9806601717798213
0.15042135623730957,0.009140941546018393,0.9706601717798213
0.15142135623730957,0.010106601717798215,0.9606601717798213
0.15242135623730957,0.011062261889578037,0.9506601717798213
0.15342135623730957,0.012007922061357859,0.9406601717798213
0.15442135623730957,0.01294358223313768,0.9306601717798213
0.15542135623730957,0.013869242404917501,0.9206601717798213
0.15642135623730957,0.014784902576697323,0.9106601717798213
0.15742135623730957,0.015690562748477143,0.9006601717798213
0.15842135623730957,0.016586222920256962,0.8906601717798213
0.15942135623730957,0.01747188309203678,0.8806601717798213
0.16042135623730958,0.0183475432638166,0.8706601717798212
0.16142135623730958,0.01921320343559642,0.8606601717798212
0.16242135623730958,0.020068863607376242,0.8506601717798212
0.16342135623730958,0.020914523779156063,0.8406601717798212
0.16442135623730958,0.02175018395093588,0.8306601717798212
0.16542135623730958,0.0225758441227157,0.8206601717798212
0.16642135623730958,0.02339150429449552,0.8106601717798212
0.16742135623730958,0.024197164466275338,0.8006601717798212
0.16842135623730958,0.024992824638055158,0.7906601717798212
0.16942135623730958,0.025778484809834978,0.7806601717798212
0.17042135623730958,0.026554144981614798,0.7706601717798212
0.17142135623730959,0.02731980515339462,0.7606601717798211
0.1724213562373096,0.02807546532517444,0.7506601717798211
0.1734213562373096,0.02882112549695426,0.7406601717798211
0.1744213562373096,0.029556785668734077,0.7306601717798211
0.1754213562373096,0.030282445840513896,0.7206601717798211
0.1764213562373096,0.030998106012293716,0.7106601717798211
0.1774213562373096,0.031703766184073535,0.7006601717798211
0.1784213562373096,0.032399426355853356,0.6906601717798211
0.1794213562373096,0.03308508652763318,0.6806601717798211
0.1804213562373096,0.033760746699413,0.6706601717798211
0.1814213562373096,0.034426406871192826,0.6606601717798211
0.1824213562373096,0.03508206704297265,0.650660171779821
0.1834213562373096,0.035727727214752474,0.640660171779821
0.1844213562373096,0.036363387386532296,0.630660171779821
0.1854213562373096,0.036989047558312116,0.620660171779821
0.1864213562373096,0.03760470773009194,0.610660171779821
0.1874213562373096,0.03821036790187176,0.600660171779821
0.1884213562373096,0.038806028073651584,0.590660171779821
0.1894213562373096,0.039391688245431405,0.580660171779821
0.1904213562373096,0.03996734841721123,0.570660171779821
0.1914213562373096,0.04053300858899105,0.560660171779821
0.1924213562373096,0.04108866876077088,0.550660171779821
0.1934213562373096,0.0416343289325507,0.540660171779821
0.1944213562373096,0.04216998910433052,0.5306601717798209
0.1954213562373096,0.042695649276110345,0.5206601717798209
0.1964213562373096,0.043211309447890166,0.5106601717798209
0.1974213562373096,0.04371696961966999,0.5006601717798209
0.1984213562373096,0.04421262979144981,0.4906601717798209
0.1994213562373096,0.04469828996322964,0.4806601717798209
0.2004213562373096,0.04517395013500946,0.4706601717798209
0.2014213562373096,0.045639610306789286,0.4606601717798209
0.2024213562373096,0.04609527047856911,0.4506601717798209
0.20342135623730961,0.04654093065034893,0.44066017177982086
0.20442135623730961,0.04697659082212875,0.43066017177982086
0.20542135623730962,0.04740225099390857,0.42066017177982085
0.20642135623730962,0.0478179111656884,0.41066017177982084
0.20742135623730962,0.04822357133746822,0.40066017177982083
0.20842135623730962,0.048619231509248045,0.3906601717798208
0.20942135623730962,0.04900489168102787,0.3806601717798208
0.21042135623730962,0.04938055185280769,0.3706601717798208
0.21142135623730962,0.04974621202458751,0.3606601717798208
0.21242135623730962,0.05010187219636733,0.3506601717798208
0.21342135623730962,0.050447532368147155,0.3406601717798208
0.21442135623730962,0.050783192539926976,0.33066017177982077
0.21542135623730962,0.0511088527117068,0.32066017177982076
0.21642135623730963,0.05142451288348662,0.31066017177982075
0.21742135623730963,0.05173017305526645,0.30066017177982074
0.21842135623730963,0.05202583322704627,0.29066017177982073
0.21942135623730963,0.05231149339882609,0.2806601717798207
0.22042135623730963,0.052587153570605914,0.2706601717798207
0.22142135623730963,0.052852813742385735,0.2606601717798207
0.22242135623730963,0.05310847391416556,0.2506601717798207
0.22342135623730963,0.05335413408594538,0.2406601717798207
0.22442135623730963,0.053589794257725205,0.23066017177982068
0.22542135623730963,0.05381545442950503,0.22066017177982067
0.22642135623730963,0.05403111460128485,0.21066017177982066
0.22742135623730964,0.054236774773064676,0.20066017177982065
0.22842135623730964,0.054432434944844496,0.19066017177982064
0.22942135623730964,0.05461809511662432,0.18066017177982063
0.23042135623730964,0.05479375528840414,0.17066017177982062
0.23142135623730964,0.054959415460183965,0.16066017177982062
0.23242135623730964,0.055115075631963786,0.1506601717798206
0.23342135623730964,0.05526073580374361,0.1406601717798206
0.23442135623730964,0.055396395975523434,0.1306601717798206
0.23542135623730964,0.05552205614730325,0.1206601717798206
0.23642135623730964,0.055637716319083076,0.1106601717798206
0.23742135623730964,0.055743376490862896,0.1006601717798206
0.23842135623730965,0.05583903666264272,0.09066017177982061
0.23942135623730965,0.05592469683442254,0.08066017177982061
0.24042135623730965,0.056000357006202366,0.07066017177982062
0.24142135623730965,0.05606601717798219,0.06066017177982062
0.24242135623730965,0.05612167734976201,0.050660171779820615
0.24342135623730965,0.056167337521541835,0.04066017177982061
0.24442135623730965,0.056202997693321655,0.03066017177982061
0.24542135623730965,0.05622865786510148,0.02066017177982061
0.24642135623730965,0.0562443180368813,0.010660171779820609
0.24742135623730965,0.05624997820866112,0.0006601717798206085
0.24842135623730965,0.05624563838044094,-0.009339828220179392
0.24942135623730965,0.05623129855222077,-0.019339828220179392
0.25042135623730966,0.05620695872400059,-0.029339828220179394
0.25142135623730966,0.056172618895780416,-0.039339828220179396
0.25242135623730966,0.05612827906756024,-0.0493398282201794
0.25342135623730966,0.05607393923934006,-0.0593398282201794
0.25442135623730966,0.05600959941111988,-0.0693398282201794
0.25542135623730966,0.0559352595828997,-0.07933982822017939
0.25642135623730966,0.055850919754679526,-0.08933982822017938
0.25742135623730966,0.05575657992645935,-0.09933982822017938
0.25842135623730966,0.05565224009823917,-0.10933982822017937
0.25942135623730966,0.055537900270018994,-0.11933982822017937
0.26042135623730966,0.05541356044179882,-0.12933982822017936
0.26142135623730967,0.05527922061357864,-0.13933982822017937
0.26242135623730967,0.05513488078535846,-0.14933982822017938
0.26342135623730967,0.05498054095713829,-0.1593398282201794
0.26442135623730967,0.05481620112891811,-0.1693398282201794
0.26542135623730967,0.05464186130069793,-0.1793398282201794
0.26642135623730967,0.05445752147247775,-0.18933982822017942
0.26742135623730967,0.05426318164425758,-0.19933982822017943
0.26842135623730967,0.0540588418160374,-0.20933982822017944
0.2694213562373097,0.05384450198781722,-0.21933982822017944
0.2704213562373097,0.05362016215959704,-0.22933982822017945
0.2714213562373097,0.05338582233137686,-0.23933982822017946
0.2724213562373097,0.05314148250315669,-0.24933982822017947
0.2734213562373097,0.05288714267493651,-0.2593398282201795
0.2744213562373097,0.05262280284671633,-0.2693398282201795
0.2754213562373097,0.052348463018496154,-0.2793398282201795
0.2764213562373097,0.05206412319027598,-0.2893398282201795
0.2774213562373097,0.0517697833620558,-0.2993398282201795
0.2784213562373097,0.05146544353383562,-0.3093398282201795
0.2794213562373097,0.051151103705615444,-0.31933982822017953
0.2804213562373097,0.050826763877395265,-0.32933982822017954
0.2814213562373097,0.05049242404917509,-0.33933982822017955
0.2824213562373097,0.05014808422095491,-0.34933982822017956
0.2834213562373097,0.049793744392734735,-0.35933982822017957
0.2844213562373097,0.049429404564514556,-0.3693398282201796
0.2854213562373097,0.04905506473629438,-0.3793398282201796
0.2864213562373097,0.048670724908074205,-0.3893398282201796
0.2874213562373097,0.048276385079854024,-0.3993398282201796
0.2884213562373097,0.04787204525163385,-0.4093398282201796
0.2894213562373097,0.04745770542341367,-0.4193398282201796
0.2904213562373097,0.04703336559519349,-0.42933982822017963
0.2914213562373097,0.046599025766973314,-0.43933982822017964
0.2924213562373097,0.04615468593875314,-0.44933982822017965
0.2934213562373097,0.04570034611053296,-0.45933982822017966
0.2944213562373097,0.04523600628231278,-0.46933982822017967
0.2954213562373097,0.0447616664540926,-0.4793398282201797
0.2964213562373097,0.04427732662587242,-0.4893398282201797
0.2974213562373097,0.043782986797652246,-0.4993398282201797
0.2984213562373097,0.043278646969432066,-0.5093398282201796
0.2994213562373097,0.04276430714121189,-0.5193398282201797
0.3004213562373097,0.04223996731299171,-0.5293398282201797
0.3014213562373097,0.04170562748477154,-0.5393398282201797
0.3024213562373097,0.04116128765655136,-0.5493398282201797
0.3034213562373097,0.04060694782833118,-0.5593398282201797
0.3044213562373097,0.040042608000111,-0.5693398282201797
0.3054213562373097,0.03946826817189082,-0.5793398282201797
0.3064213562373097,0.038883928343670646,-0.5893398282201797
0.3074213562373097,0.038289588515450466,-0.5993398282201797
0.3084213562373097,0.03768524868723029,-0.6093398282201797
0.3094213562373097,0.03707090885901011,-0.6193398282201797
0.3104213562373097,0.03644656903078994,-0.6293398282201798
0.3114213562373097,0.03581222920256976,-0.6393398282201798
0.3124213562373097,0.03516788937434958,-0.6493398282201798
0.3134213562373097,0.0345135495461294,-0.6593398282201798
0.3144213562373097,0.03384920971790922,-0.6693398282201798
0.3154213562373097,0.03317486988968905,-0.6793398282201798
0.3164213562373097,0.03249053006146887,-0.6893398282201798
0.3174213562373097,0.03179619023324869,-0.6993398282201798
0.3184213562373097,0.03109185040502851,-0.7093398282201798
0.3194213562373097,0.03037751057680833,-0.7193398282201798
0.3204213562373097,0.02965317074858815,-0.7293398282201798
0.3214213562373097,0.02891883092036797,-0.7393398282201799
0.3224213562373097,0.02817449109214779,-0.7493398282201799
0.3234213562373097,0.02742015126392761,-0.7593398282201799
0.3244213562373097,0.026655811435707426,-0.7693398282201799
0.3254213562373097,0.025881471607487244,-0.7793398282201799
0.3264213562373097,0.025097131779267062,-0.7893398282201799
0.3274213562373097,0.02430279195104688,-0.7993398282201799
0.3284213562373097,0.0234984521228267,-0.8093398282201799
0.3294213562373097,0.02268411229460652,-0.8193398282201799
0.3304213562373097,0.02185977246638634,-0.8293398282201799
0.3314213562373097,0.02102543263816616,-0.8393398282201799
0.33242135623730973,0.020181092809945976,-0.84933982822018
0.33342135623730973,0.019326752981725794,-0.85933982822018
0.33442135623730973,0.01846241315350561,-0.86933982822018
0.33542135623730973,0.01758807332528543,-0.87933982822018
0.33642135623730973,0.01670373349706525,-0.88933982822018
0.33742135623730973,0.015809393668845068,-0.89933982822018
0.33842135623730973,0.014905053840624887,-0.90933982822018
0.33942135623730973,0.013990714012404707,-0.91933982822018
0.34042135623730974,0.013066374184184527,-0.92933982822018
0.34142135623730974,0.012132034355964348,-0.93933982822018
0.34242135623730974,0.011187694527744168,-0.94933982822018
0.34342135623730974,0.010233354699523987,-0.95933982822018
0.34442135623730974,0.009269014871303808,-0.96933982822018
0.34542135623730974,0.008294675043083628,-0.9793398282201801
0.34642135623730974,0.0073103352148634485,-0.9893398282201801
0.34742135623730974,0.006315995386643269,-0.9993398282201801
0.34842135623730974,0.005311655558423089,-1.00933982822018
0.34942135623730974,0.00429731573020291,-1.01933982822018
0.35042135623730974,0.00327297590198273,-1.02933982822018
0.35142135623730975,0.0022386360737625503,-1.03933982822018
0.35242135623730975,0.0011942962455423704,-1.04933982822018
0.35342135623730975,0.00013995641732219037,-1.05933982822018
0.35355339059327384,0.0,-1.05933982822018
0.35355339059327384,0.0,0.7954951288348661
0.35455339059327384,0.0007904951288348661,0.785495128834866
0.35555339059327384,0.001570990257669732,0.775495128834866
0.35655339059327384,0.002341485386504598,0.765495128834866
0.35755339059327385,0.0031019805153394645,0.755495128834866
0.35855339059327385,0.003852475644174331,0.745495128834866
0.35955339059327385,0.004592970773009197,0.735495128834866
0.36055339059327385,0.005323465901844062,0.725495128834866
0.36155339059327385,0.006043961030678929,0.715495128834866
0.36255339059327385,0.006754456159513795,0.705495128834866
0.36355339059327385,0.007454951288348661,0.695495128834866
0.36455339059327385,0.008145446417183528,0.685495128834866
0.36555339059327385,0.008825941546018394,0.675495128834866
0.36655339059327385,0.00949643667485326,0.665495128834866
0.36755339059327385,0.010156931803688127,0.6554951288348659
0.36855339059327386,0.010807426932522993,0.6454951288348659
0.36955339059327386,0.011447922061357859,0.6354951288348659
0.37055339059327386,0.012078417190192725,0.6254951288348659
0.37155339059327386,0.012698912319027592,0.6154951288348659
0.37255339059327386,0.013309407447862458,0.6054951288348659
0.37355339059327386,0.013909902576697324,0.5954951288348659
0.37455339059327386,0.01450039770553219,0.5854951288348659
0.37555339059327386,0.015080892834367057,0.5754951288348659
0.37655339059327386,0.01565138796320192,0.5654951288348659
0.37755339059327386,0.016211883092036784,0.5554951288348658
0.37855339059327386,0.01676237822087165,0.5454951288348658
0.37955339059327386,0.017302873349706514,0.5354951288348658
0.38055339059327387,0.01783336847854138,0.5254951288348658
0.38155339059327387,0.018353863607376245,0.5154951288348658
0.38255339059327387,0.018864358736211107,0.5054951288348658
0.38355339059327387,0.01936485386504597,0.4954951288348658
0.38455339059327387,0.019855348993880834,0.4854951288348658
0.38555339059327387,0.020335844122715697,0.4754951288348658
0.38655339059327387,0.02080633925155056,0.46549512883486577
0.38755339059327387,0.021266834380385426,0.45549512883486576
0.3885533905932739,0.02171732950922029,0.44549512883486575
0.3895533905932739,0.022157824638055157,0.43549512883486574
0.3905533905932739,0.022588319766890023,0.42549512883486573
0.3915533905932739,0.023008814895724886,0.4154951288348657
0.3925533905932739,0.02341931002455975,0.4054951288348657
0.3935533905932739,0.023819805153394612,0.3954951288348657
0.3945533905932739,0.024210300282229476,0.3854951288348657
0.3955533905932739,0.02459079541106434,0.3754951288348657
0.3965533905932739,0.024961290539899206,0.3654951288348657
0.3975533905932739,0.02532178566873407,0.35549512883486567
0.3985533905932739,0.025672280797568937,0.34549512883486566
0.3995533905932739,0.0260127759264038,0.33549512883486565
0.4005533905932739,0.026343271055238662,0.32549512883486564
0.4015533905932739,0.026663766184073526,0.31549512883486563
0.4025533905932739,0.02697426131290839,0.3054951288348656
0.4035533905932739,0.027274756441743254,0.2954951288348656
0.4045533905932739,0.02756525157057812,0.2854951288348656
0.4055533905932739,0.027845746699412983,0.2754951288348656
0.4065533905932739,0.02811624182824785,0.2654951288348656
0.4075533905932739,0.02837673695708271,0.2554951288348656
0.4085533905932739,0.028627232085917574,0.24549512883486557
0.4095533905932739,0.028867727214752437,0.23549512883486556
0.4105533905932739,0.0290982223435873,0.22549512883486555
0.4115533905932739,0.029318717472422165,0.21549512883486555
0.4125533905932739,0.02952921260125703,0.20549512883486554
0.4135533905932739,0.029729707730091894,0.19549512883486553
0.4145533905932739,0.02992020285892676,0.18549512883486552
0.4155533905932739,0.030100697987761625,0.1754951288348655
0.4165533905932739,0.030271193116596488,0.1654951288348655
0.4175533905932739,0.03043168824543135,0.1554951288348655
0.4185533905932739,0.030582183374266214,0.14549512883486548
0.4195533905932739,0.030722678503101078,0.13549512883486547
0.4205533905932739,0.030853173631935942,0.12549512883486547
0.4215533905932739,0.030973668760770807,0.11549512883486547
0.4225533905932739,0.031084163889605672,0.10549512883486548
0.4235533905932739,0.031184659018440537,0.09549512883486548
0.4245533905932739,0.03127515414727541,0.08549512883486549
0.4255533905932739,0.03135564927611027,0.07549512883486549
0.4265533905932739,0.03142614440494514,0.0654951288348655
0.4275533905932739,0.03148663953378001,0.055495128834865494
0.4285533905932739,0.031537134662614874,0.04549512883486549
0.4295533905932739,0.03157762979144974,0.03549512883486549
0.4305533905932739,0.03160812492028461,0.025495128834865488
0.4315533905932739,0.031628620049119475,0.015495128834865488
0.4325533905932739,0.03163911517795434,0.005495128834865488
0.4335533905932739,0.03163961030678921,-0.0045048711651345125
0.4345533905932739,0.03163010543562408,-0.014504871165134513
0.4355533905932739,0.03161060056445895,-0.024504871165134515
0.4365533905932739,0.031581095693293815,-0.03450487116513452
0.4375533905932739,0.03154159082212868,-0.04450487116513452
0.4385533905932739,0.03149208595096355,-0.05450487116513452
0.4395533905932739,0.03143258107979841,-0.06450487116513452
0.4405533905932739,0.03136307620863328,-0.07450487116513452
0.4415533905932739,0.03128357133746815,-0.08450487116513451
0.4425533905932739,0.03119406646630301,-0.09450487116513451
0.4435533905932739,0.031094561595137873,-0.1045048711651345
0.4445533905932739,0.030985056723972736,-0.1145048711651345
0.4455533905932739,0.0308655518528076,-0.12450487116513449
0.4465533905932739,0.030736046981642465,-0.1345048711651345
0.4475533905932739,0.03059654211047733,-0.1445048711651345
0.4485533905932739,0.030447037239312195,-0.1545048711651345
0.4495533905932739,0.03028753236814706,-0.16450487116513451
0.45055339059327393,0.030118027496981923,-0.17450487116513452
0.45155339059327393,0.029938522625816786,-0.18450487116513453
0.45255339059327393,0.02974901775465165,-0.19450487116513454
0.45355339059327393,0.029549512883486513,-0.20450487116513455
0.45455339059327393,0.029340008012321377,-0.21450487116513456
0.45555339059327393,0.029120503141156242,-0.22450487116513457
0.45655339059327393,0.028890998269991107,-0.23450487116513458
0.45755339059327393,0.028651493398825972,-0.24450487116513459
0.45855339059327394,0.028401988527660835,-0.2545048711651346
0.45955339059327394,0.028142483656495697,-0.2645048711651346
0.46055339059327394,0.02787297878533056,-0.2745048711651346
0.46155339059327394,0.027593473914165424,-0.2845048711651346
0.46255339059327394,0.027303969043000288,-0.29450487116513463
0.46355339059327394,0.027004464171835153,-0.30450487116513464
0.46455339059327394,0.026694959300670017,-0.31450487116513465
0.46555339059327394,0.026375454429504883,-0.32450487116513466
0.46655339059327394,0.026045949558339745,-0.33450487116513467
0.46755339059327394,0.025706444687174607,-0.3445048711651347
0.46855339059327394,0.02535693981600947,-0.3545048711651347
0.46955339059327394,0.024997434944844334,-0.3645048711651347
0.47055339059327395,0.024627930073679197,-0.3745048711651347
0.47155339059327395,0.02424842520251406,-0.3845048711651347
0.47255339059327395,0.023858920331348926,-0.3945048711651347
0.47355339059327395,0.02345941546018379,-0.4045048711651347
0.47455339059327395,0.023049910589018657,-0.41450487116513474
0.47555339059327395,0.02263040571785352,-0.42450487116513475
0.47655339059327395,0.02220090084668838,-0.43450487116513475
0.47755339059327395,0.021761395975523245,-0.44450487116513476
0.47855339059327395,0.02131189110435811,-0.45450487116513477
0.47955339059327395,0.020852386233192972,-0.4645048711651348
0.48055339059327395,0.020382881362027837,-0.4745048711651348
0.48155339059327396,0.0199033764908627,-0.4845048711651348
0.48255339059327396,0.019413871619697567,-0.4945048711651348
0.48355339059327396,0.01891436674853243,-0.5045048711651348
0.48455339059327396,0.01840486187736729,-0.5145048711651348
0.48555339059327396,0.017885357006202154,-0.5245048711651348
0.48655339059327396,0.017355852135037018,-0.5345048711651348
0.48755339059327396,0.01681634726387188,-0.5445048711651348
0.48855339059327396,0.016266842392706746,-0.5545048711651348
0.48955339059327396,0.01570733752154161,-0.5645048711651348
0.49055339059327396,0.015137832650376475,-0.5745048711651348
0.49155339059327396,0.01455832777921134,-0.5845048711651348
0.49255339059327397,0.013968822908046206,-0.5945048711651348
0.49355339059327397,0.013369318036881071,-0.6045048711651348
0.49455339059327397,0.012759813165715936,-0.6145048711651349
0.49555339059327397,0.012140308294550801,-0.6245048711651349
0.49655339059327397,0.011510803423385667,-0.6345048711651349
0.49755339059327397,0.010871298552220533,-0.6445048711651349
0.49855339059327397,0.010221793681055398,-0.6545048711651349
0.49955339059327397,0.009562288809890263,-0.6645048711651349
0.500553390593274,0.008892783938725128,-0.6745048711651349
0.501553390593274,0.008213279067559994,-0.6845048711651349
0.502553390593274,0.00752377419639486,-0.6945048711651349
0.503553390593274,0.006824269325229725,-0.7045048711651349
0.504553390593274,0.006114764454064591,-0.714504871165135
0.505553390593274,0.005395259582899456,-0.724504871165135
0.506553390593274,0.004665754711734321,-0.734504871165135
0.507553390593274,0.003926249840569186,-0.744504871165135
0.508553390593274,0.0031767449694040514,-0.754504871165135
0.509553390593274,0.0024172400982389168,-0.764504871165135
0.510553390593274,0.0016477352270737819,-0.774504871165135
0.511553390593274,0.0008682303559086468,-0.784504871165135
0.512553390593274,7.872548474351181e-05,-0.794504871165135
0.512652416360247,0.0,-0.794504871165135
0.512652416360247,0.0,0.5966213466261495
0.513652416360247,0.0005916213466261495,0.5866213466261495
0.5146524163602471,0.001173242693252299,0.5766213466261495
0.5156524163602471,0.0017448640398784485,0.5666213466261495
0.5166524163602471,0.002306485386504598,0.5566213466261495
0.5176524163602471,0.0028581067331307475,0.5466213466261495
0.5186524163602471,0.003399728079756897,0.5366213466261495
0.5196524163602471,0.003931349426383047,0.5266213466261495
0.5206524163602471,0.004452970773009196,0.5166213466261494
0.5216524163602471,0.004964592119635346,0.5066213466261494
0.5226524163602471,0.005466213466261496,0.49662134662614943
0.5236524163602471,0.005957834812887646,0.4866213466261494
0.5246524163602471,0.006439456159513795,0.4766213466261494
0.5256524163602471,0.006911077506139945,0.4666213466261494
0.5266524163602471,0.007372698852766094,0.4566213466261494
0.5276524163602471,0.007824320199392243,0.4466213466261494
0.5286524163602471,0.008265941546018393,0.4366213466261494
0.5296524163602471,0.008697562892644542,0.42662134662614937
0.5306524163602471,0.009119184239270692,0.41662134662614936
0.5316524163602471,0.009530805585896841,0.40662134662614935
0.5326524163602471,0.00993242693252299,0.39662134662614934
0.5336524163602471,0.01032404827914914,0.38662134662614933
0.5346524163602471,0.01070566962577529,0.3766213466261493
0.5356524163602471,0.011077290972401439,0.3666213466261493
0.5366524163602471,0.011438912319027588,0.3566213466261493
0.5376524163602471,0.011790533665653738,0.3466213466261493
0.5386524163602471,0.012132155012279888,0.3366213466261493
0.5396524163602471,0.012463776358906038,0.3266213466261493
0.5406524163602471,0.012785397705532187,0.31662134662614927
0.5416524163602471,0.013097019052158336,0.30662134662614926
0.5426524163602471,0.013398640398784486,0.29662134662614925
0.5436524163602471,0.013690261745410636,0.28662134662614924
0.5446524163602471,0.013971883092036785,0.27662134662614923
0.5456524163602471,0.014243504438662935,0.2666213466261492
0.5466524163602471,0.014505125785289084,0.2566213466261492
0.5476524163602471,0.014756747131915235,0.2466213466261492
0.5486524163602471,0.014998368478541383,0.2366213466261492
0.5496524163602471,0.015229989825167533,0.2266213466261492
0.5506524163602471,0.015451611171793682,0.21662134662614918
0.5516524163602471,0.01566323251841983,0.20662134662614917
0.5526524163602471,0.015864853865045977,0.19662134662614916
0.5536524163602471,0.016056475211672125,0.18662134662614915
0.5546524163602471,0.016238096558298273,0.17662134662614914
0.5556524163602471,0.01640971790492442,0.16662134662614914
0.5566524163602471,0.01657133925155057,0.15662134662614913
0.5576524163602471,0.01672296059817672,0.14662134662614912
0.5586524163602471,0.016864581944802864,0.1366213466261491
0.5596524163602471,0.01699620329142901,0.1266213466261491
0.5606524163602471,0.017117824638055158,0.1166213466261491
0.5616524163602471,0.017229445984681305,0.10662134662614911
0.5626524163602471,0.017331067331307452,0.09662134662614912
0.5636524163602471,0.0174226886779336,0.08662134662614912
0.5646524163602471,0.01750431002455975,0.07662134662614913
0.5656524163602471,0.017575931371185897,0.06662134662614913
0.5666524163602471,0.017637552717812047,0.05662134662614913
0.5676524163602471,0.017689174064438193,0.04662134662614913
0.5686524163602471,0.01773079541106434,0.036621346626149125
0.5696524163602471,0.017762416757690486,0.026621346626149123
0.5706524163602471,0.017784038104316634,0.01662134662614912
0.5716524163602471,0.01779565945094278,0.006621346626149121
0.5726524163602471,0.01779728079756893,-0.0033786533738508796
0.5736524163602471,0.01778890214419508,-0.01337865337385088
0.5746524163602471,0.017770523490821227,-0.02337865337385088
0.5756524163602471,0.017742144837447373,-0.03337865337385088
0.5766524163602471,0.01770376618407352,-0.043378653373850884
0.5776524163602471,0.017655387530699666,-0.053378653373850886
0.5786524163602471,0.017597008877325813,-0.06337865337385089
0.5796524163602471,0.01752863022395196,-0.07337865337385088
0.5806524163602471,0.01745025157057811,-0.08337865337385088
0.5816524163602471,0.017361872917204257,-0.09337865337385087
0.5826524163602471,0.017263494263830406,-0.10337865337385087
0.5836524163602471,0.017155115610456555,-0.11337865337385086
0.5846524163602471,0.0170367369570827,-0.12337865337385086
0.5856524163602471,0.016908358303708848,-0.13337865337385085
0.5866524163602471,0.016769979650334995,-0.14337865337385086
0.5876524163602471,0.016621600996961142,-0.15337865337385087
0.5886524163602471,0.01646322234358729,-0.16337865337385088
0.5896524163602471,0.01629484369021344,-0.1733786533738509
0.5906524163602471,0.016116465036839587,-0.1833786533738509
0.5916524163602471,0.015928086383465736,-0.1933786533738509
0.5926524163602471,0.015729707730091882,-0.20337865337385092
0.5936524163602471,0.015521329076718032,-0.21337865337385092
0.5946524163602471,0.01530295042334418,-0.22337865337385093
0.5956524163602471,0.015074571769970329,-0.23337865337385094
0.5966524163602471,0.014836193116596478,-0.24337865337385095
0.5976524163602471,0.014587814463222628,-0.25337865337385096
0.5986524163602471,0.014329435809848778,-0.26337865337385097
0.5996524163602471,0.014061057156474927,-0.273378653373851
0.6006524163602471,0.013782678503101076,-0.283378653373851
0.6016524163602471,0.013494299849727226,-0.293378653373851
0.6026524163602471,0.013195921196353376,-0.303378653373851
0.6036524163602471,0.012887542542979524,-0.313378653373851
0.6046524163602471,0.012569163889605673,-0.323378653373851
0.6056524163602471,0.012240785236231823,-0.33337865337385103
0.6066524163602471,0.011902406582857973,-0.34337865337385104
0.6076524163602471,0.011554027929484121,-0.35337865337385105
0.6086524163602471,0.01119564927611027,-0.36337865337385106
0.6096524163602471,0.01082727062273642,-0.37337865337385107
0.6106524163602471,0.01044889196936257,-0.3833786533738511
0.6116524163602471,0.010060513315988718,-0.3933786533738511
0.6126524163602471,0.009662134662614867,-0.4033786533738511
0.6136524163602471,0.009253756009241016,-0.4133786533738511
0.6146524163602471,0.008835377355867166,-0.4233786533738511
0.6156524163602471,0.008406998702493314,-0.4333786533738511
0.6166524163602471,0.007968620049119463,-0.44337865337385113
0.6176524163602471,0.007520241395745612,-0.45337865337385114
0.6186524163602471,0.007061862742371761,-0.46337865337385115
0.6196524163602471,0.00659348408899791,-0.47337865337385115
0.6206524163602471,0.0061151054356240585,-0.48337865337385116
0.6216524163602472,0.005626726782250208,-0.4933786533738512
0.6226524163602472,0.005128348128876357,-0.5033786533738511
0.6236524163602472,0.004619969475502506,-0.5133786533738511
0.6246524163602472,0.0041015908221286555,-0.5233786533738511
0.6256524163602472,0.0035732121687548045,-0.5333786533738512
0.6266524163602472,0.0030348335153809534,-0.5433786533738512
0.6276524163602472,0.0024864548620071023,-0.5533786533738512
0.6286524163602472,0.001928076208633251,-0.5633786533738512
0.6296524163602472,0.0013596975552593999,-0.5733786533738512
0.6306524163602472,0.0007813189018855487,-0.5833786533738512
0.6316524163602472,0.0001929402485116975,-0.5933786533738512
0.6319766856854769,0.0,-0.5933786533738512
0.6319766856854769,0.0,0.44746600996961217
0.6329766856854769,0.0004424660099696122,0.43746600996961216
0.6339766856854769,0.0008749320199392243,0.42746600996961215
0.6349766856854769,0.0012973980299088364,0.41746600996961214
0.6359766856854769,0.0017098640398784486,0.40746600996961213
0.6369766856854769,0.002112330049848061,0.3974660099696121
0.6379766856854769,0.0025047960598176735,0.3874660099696121
0.6389766856854769,0.002887262069787286,0.3774660099696121
0.6399766856854769,0.0032597280797568985,0.3674660099696121
0.6409766856854769,0.003622194089726511,0.3574660099696121
0.6419766856854769,0.003974660099696123,0.3474660099696121
0.642976685685477,0.004317126109665736,0.33746600996961207
0.643976685685477,0.004649592119635348,0.32746600996961206
0.644976685685477,0.00497205812960496,0.31746600996961205
0.645976685685477,0.005284524139574572,0.30746600996961204
0.646976685685477,0.005586990149544184,0.29746600996961203
0.647976685685477,0.005879456159513796,0.287466009969612
0.648976685685477,0.0061619221694834084,0.277466009969612
0.649976685685477,0.006434388179453021,0.267466009969612
0.650976685685477,0.006696854189422633,0.257466009969612
0.651976685685477,0.006949320199392246,0.247466009969612
0.652976685685477,0.007191786209361858,0.23746600996961198
0.653976685685477,0.007424252219331471,0.22746600996961197
0.654976685685477,0.007646718229301083,0.21746600996961196
0.655976685685477,0.007859184239270695,0.20746600996961195
0.656976685685477,0.008061650249240307,0.19746600996961194
0.657976685685477,0.00825411625920992,0.18746600996961194
0.658976685685477,0.008436582269179533,0.17746600996961193
0.659976685685477,0.008609048279149144,0.16746600996961192
0.660976685685477,0.008771514289118756,0.1574660099696119
0.661976685685477,0.008923980299088368,0.1474660099696119
0.662976685685477,0.009066446309057981,0.1374660099696119
0.663976685685477,0.009198912319027593,0.12746600996961188
0.664976685685477,0.009321378328997204,0.11746600996961189
0.665976685685477,0.009433844338966817,0.10746600996961189
0.666976685685477,0.00953631034893643,0.0974660099696119
0.667976685685477,0.00962877635890604,0.0874660099696119
0.668976685685477,0.009711242368875652,0.07746600996961191
0.669976685685477,0.009783708378845265,0.06746600996961191
0.670976685685477,0.009846174388814877,0.05746600996961191
0.671976685685477,0.00989864039878449,0.04746600996961191
0.672976685685477,0.009941106408754102,0.037466009969611906
0.673976685685477,0.009973572418723714,0.027466009969611904
0.674976685685477,0.009996038428693326,0.017466009969611902
0.675976685685477,0.010008504438662939,0.007466009969611902
0.676976685685477,0.01001097044863255,-0.002533990030388098
0.677976685685477,0.010003436458602162,-0.012533990030388098
0.678976685685477,0.009985902468571775,-0.0225339900303881
0.679976685685477,0.009958368478541388,-0.0325339900303881
0.680976685685477,0.009920834488510999,-0.0425339900303881
0.681976685685477,0.00987330049848061,-0.052533990030388104
0.682976685685477,0.009815766508450223,-0.0625339900303881
0.683976685685477,0.009748232518419836,-0.0725339900303881
0.684976685685477,0.009670698528389447,-0.0825339900303881
0.685976685685477,0.009583164538359059,-0.09253399003038809
0.686976685685477,0.00948563054832867,-0.10253399003038809
0.687976685685477,0.009378096558298283,-0.11253399003038808
0.688976685685477,0.009260562568267896,-0.12253399003038808
0.689976685685477,0.009133028578237508,-0.13253399003038807
0.690976685685477,0.00899549458820712,-0.14253399003038808
0.691976685685477,0.008847960598176732,-0.1525339900303881
0.692976685685477,0.008690426608146345,-0.1625339900303881
0.693976685685477,0.008522892618115957,-0.1725339900303881
0.694976685685477,0.008345358628085569,-0.18253399003038812
0.695976685685477,0.008157824638055181,-0.19253399003038812
0.696976685685477,0.007960290648024794,-0.20253399003038813
0.697976685685477,0.007752756657994406,-0.21253399003038814
0.698976685685477,0.007535222667964018,-0.22253399003038815
0.699976685685477,0.00730768867793363,-0.23253399003038816
0.700976685685477,0.007070154687903242,-0.24253399003038817
0.701976685685477,0.006822620697872854,-0.2525339900303882
0.702976685685477,0.0065650867078424656,-0.2625339900303882
0.703976685685477,0.006297552717812078,-0.2725339900303882
0.704976685685477,0.006020018727781689,-0.2825339900303882
0.705976685685477,0.005732484737751301,-0.2925339900303882
0.706976685685477,0.005434950747720913,-0.3025339900303882
0.707976685685477,0.005127416757690525,-0.31253399003038823
0.708976685685477,0.0048098827676601365,-0.32253399003038824
0.709976685685477,0.0044823487776297485,-0.33253399003038825
0.710976685685477,0.004144814787599361,-0.34253399003038826
0.711976685685477,0.0037972807975689728,-0.35253399003038827
0.712976685685477,0.0034397468075385846,-0.3625339900303883
0.713976685685477,0.0030722128175081965,-0.3725339900303883
0.714976685685477,0.0026946788274778083,-0.3825339900303883
0.715976685685477,0.00230714483744742,-0.3925339900303883
0.716976685685477,0.0019096108474170317,-0.4025339900303883
0.717976685685477,0.0015020768573866434,-0.4125339900303883
0.718976685685477,0.0010845428673562551,-0.42253399003038833
0.719976685685477,0.0006570088773258668,-0.43253399003038834
0.720976685685477,0.00021947488729547846,-0.44253399003038835
0.7214698876793993,0.0,-0.44253399003038835
0.7214698876793993,0.0,0.3355995074772091
0.7224698876793993,0.0003305995074772091,0.3255995074772091
0.7234698876793993,0.0006511990149544182,0.3155995074772091
0.7244698876793993,0.0009617985224316273,0.3055995074772091
0.7254698876793994,0.0012623980299088363,0.2955995074772091
0.7264698876793994,0.0015529975373860454,0.2855995074772091
0.7274698876793994,0.0018335970448632543,0.27559950747720907
0.7284698876793994,0.0021041965523404637,0.26559950747720906
0.7294698876793994,0.002364796059817673,0.25559950747720905
0.7304698876793994,0.0026153955672948825,0.24559950747720904
0.7314698876793994,0.002855995074772092,0.23559950747720904
0.7324698876793994,0.003086594582249301,0.22559950747720903
0.7334698876793994,0.0033071940897265104,0.21559950747720902
0.7344698876793994,0.0035177935972037196,0.205599507477209
0.7354698876793994,0.003718393104680929,0.195599507477209
0.7364698876793994,0.0039089926121581384,0.185599507477209
0.7374698876793994,0.004089592119635348,0.17559950747720898
0.7384698876793994,0.004260191627112557,0.16559950747720897
0.7394698876793994,0.004420791134589767,0.15559950747720896
0.7404698876793994,0.004571390642066976,0.14559950747720896
0.7414698876793994,0.004711990149544185,0.13559950747720895
0.7424698876793994,0.004842589657021394,0.12559950747720894
0.7434698876793994,0.004963189164498604,0.11559950747720894
0.7444698876793994,0.005073788671975813,0.10559950747720895
0.7454698876793994,0.005174388179453022,0.09559950747720895
0.7464698876793994,0.005264987686930231,0.08559950747720896
0.7474698876793994,0.00534558719440744,0.07559950747720896
0.7484698876793994,0.005416186701884649,0.06559950747720897
0.7494698876793994,0.0054767862093618586,0.055599507477208966
0.7504698876793994,0.005527385716839067,0.045599507477208964
0.7514698876793994,0.005567985224316277,0.03559950747720896
0.7524698876793994,0.005598584731793485,0.02559950747720896
0.7534698876793994,0.0056191842392706946,0.01559950747720896
0.7544698876793994,0.005629783746747904,0.00559950747720896
0.7554698876793994,0.005630383254225113,-0.00440049252279104
0.7564698876793994,0.005620982761702323,-0.01440049252279104
0.7574698876793994,0.005601582269179532,-0.024400492522791042
0.7584698876793994,0.005572181776656741,-0.034400492522791044
0.7594698876793994,0.00553278128413395,-0.044400492522791046
0.7604698876793994,0.00548338079161116,-0.05440049252279105
0.7614698876793994,0.005423980299088369,-0.06440049252279105
0.7624698876793994,0.005354579806565578,-0.07440049252279105
0.7634698876793994,0.005275179314042787,-0.08440049252279104
0.7644698876793994,0.005185778821519996,-0.09440049252279104
0.7654698876793994,0.005086378328997205,-0.10440049252279103
0.7664698876793994,0.0049769778364744145,-0.11440049252279103
0.7674698876793994,0.004857577343951623,-0.12440049252279102
0.7684698876793994,0.0047281768514288326,-0.13440049252279102
0.7694698876793994,0.004588776358906041,-0.14440049252279102
0.7704698876793994,0.0044393758663832505,-0.15440049252279103
0.7714698876793994,0.00427997537386046,-0.16440049252279104
0.7724698876793994,0.004110574881337669,-0.17440049252279105
0.7734698876793994,0.003931174388814879,-0.18440049252279106
0.7744698876793994,0.0037417738962920877,-0.19440049252279107
0.7754698876793994,0.0035423734037692968,-0.20440049252279108
0.7764698876793994,0.003332972911246506,-0.2144004925227911
0.7774698876793994,0.0031135724187237148,-0.2244004925227911
0.7784698876793994,0.0028841719262009237,-0.2344004925227911
0.7794698876793994,0.0026447714336781327,-0.2444004925227911
0.7804698876793994,0.0023953709411553416,-0.2544004925227911
0.7814698876793994,0.0021359704486325504,-0.26440049252279113
0.7824698876793994,0.0018665699561097593,-0.27440049252279114
0.7834698876793994,0.0015871694635869681,-0.28440049252279115
0.7844698876793994,0.001297768971064177,-0.29440049252279116
0.7854698876793994,0.0009983684785413857,-0.30440049252279117
0.7864698876793994,0.0006889679860185944,-0.3144004925227912
0.7874698876793994,0.00036956749349580326,-0.3244004925227912
0.7884698876793994,4.016700097301207e-05,-0.3344004925227912
0.7885897891748411,0.0,-0.3344004925227912
0.7885897891748411,0.0,0.25169963060790684
0.7895897891748411,0.00024669963060790684,0.24169963060790683
0.7905897891748411,0.00048339926121581365,0.23169963060790683
0.7915897891748411,0.0007100988918237205,0.22169963060790682
0.7925897891748411,0.0009267985224316273,0.2116996306079068
0.7935897891748411,0.001133498153039534,0.2016996306079068
0.7945897891748411,0.001330197783647441,0.1916996306079068
0.7955897891748411,0.0015168974142553478,0.18169963060790678
0.7965897891748411,0.0016935970448632546,0.17169963060790677
0.7975897891748411,0.0018602966754711614,0.16169963060790676
0.7985897891748411,0.0020169963060790684,0.15169963060790675
0.7995897891748411,0.0021636959366869756,0.14169963060790675
0.8005897891748411,0.0023003955672948827,0.13169963060790674
0.8015897891748411,0.00242709519790279,0.12169963060790674
0.8025897891748411,0.002543794828510697,0.11169963060790675
0.8035897891748411,0.002650494459118604,0.10169963060790675
0.8045897891748411,0.002747194089726511,0.09169963060790676
0.8055897891748411,0.002833893720334418,0.08169963060790676
0.8065897891748411,0.002910593350942325,0.07169963060790677
0.8075897891748411,0.002977292981550232,0.061699630607906765
0.8085897891748411,0.003033992612158139,0.05169963060790676
0.8095897891748411,0.003080692242766046,0.04169963060790676
0.8105897891748411,0.0031173918733739528,0.03169963060790676
0.8115897891748411,0.0031440915039818596,0.021699630607906757
0.8125897891748411,0.0031607911345897664,0.011699630607906757
0.8135897891748411,0.0031674907651976733,0.0016996306079067568
0.8145897891748412,0.00316419039580558,-0.008300369392093243
0.8155897891748412,0.003150890026413487,-0.018300369392093244
0.8165897891748412,0.003127589657021394,-0.028300369392093246
0.8175897891748412,0.003094289287629301,-0.03830036939209325
0.8185897891748412,0.003050988918237208,-0.04830036939209325
0.8195897891748412,0.0029976885488451153,-0.05830036939209325
0.8205897891748412,0.0029343881794530223,-0.06830036939209325
0.8215897891748412,0.0028610878100609294,-0.07830036939209324
0.8225897891748412,0.0027777874406688364,-0.08830036939209324
0.8235897891748412,0.0026844870712767433,-0.09830036939209323
0.8245897891748412,0.0025811867018846503,-0.10830036939209323
0.8255897891748412,0.0024678863324925572,-0.11830036939209322
0.8265897891748412,0.002344585963100464,-0.12830036939209322
0.8275897891748412,0.002211285593708371,-0.13830036939209323
0.8285897891748412,0.002067985224316278,-0.14830036939209323
0.8295897891748412,0.0019146848549241847,-0.15830036939209324
0.8305897891748412,0.0017513844855320915,-0.16830036939209325
0.8315897891748412,0.0015780841161399982,-0.17830036939209326
0.8325897891748412,0.001394783746747905,-0.18830036939209327
0.8335897891748412,0.0012014833773558117,-0.19830036939209328
0.8345897891748412,0.0009981830079637184,-0.2083003693920933
0.8355897891748412,0.000784882638571625,-0.2183003693920933
0.8365897891748412,0.0005615822691795317,-0.2283003693920933
0.8375897891748412,0.00032828189978743833,-0.23830036939209331
0.8385897891748412,8.498153039534501e-05,-0.24830036939209332
0.8389297152964225,0.0,-0.24830036939209332
0.8389297152964225,0.0,0.18877472295593012
0.8399297152964225,0.0001837747229559301,0.1787747229559301
0.8409297152964225,0.00035754944591186025,0.1687747229559301
0.8419297152964225,0.0005213241688677903,0.1587747229559301
0.8429297152964225,0.0006750988918237204,0.14877472295593008
0.8439297152964225,0.0008188736147796505,0.13877472295593007
0.8449297152964225,0.0009526483377355806,0.12877472295593007
0.8459297152964225,0.0010764230606915106,0.11877472295593007
0.8469297152964225,0.0011901977836474406,0.10877472295593008
0.8479297152964225,0.0012939725066033706,0.09877472295593008
0.8489297152964225,0.0013877472295593005,0.08877472295593009
0.8499297152964225,0.0014715219525152307,0.07877472295593009
0.8509297152964225,0.0015452966754711608,0.0687747229559301
0.8519297152964225,0.001609071398427091,0.058774722955930093
0.8529297152964225,0.001662846121383021,0.04877472295593009
0.8539297152964225,0.001706620844338951,0.03877472295593009
0.8549297152964225,0.001740395567294881,0.028774722955930088
0.8559297152964225,0.001764170290250811,0.018774722955930086
0.8569297152964225,0.001777945013206741,0.008774722955930086
0.8579297152964225,0.0017817197361626712,-0.0012252770440699147
0.8589297152964225,0.0017754944591186013,-0.011225277044069915
0.8599297152964225,0.0017592691820745314,-0.021225277044069915
0.8609297152964225,0.0017330439050304615,-0.031225277044069917
0.8619297152964225,0.0016968186279863915,-0.04122527704406992
0.8629297152964225,0.0016505933509423215,-0.05122527704406992
0.8639297152964225,0.0015943680738982515,-0.06122527704406992
0.8649297152964225,0.0015281427968541815,-0.07122527704406992
0.8659297152964225,0.0014519175198101117,-0.08122527704406991
0.8669297152964225,0.0013656922427660418,-0.09122527704406991
0.8679297152964225,0.001269466965721972,-0.1012252770440699
0.8689297152964225,0.001163241688677902,-0.1112252770440699
0.8699297152964225,0.001047016411633832,-0.12122527704406989
0.8709297152964225,0.0009207911345897621,-0.1312252770440699
0.8719297152964225,0.0007845658575456922,-0.1412252770440699
0.8729297152964225,0.0006383405805016223,-0.1512252770440699
0.8739297152964225,0.00048211530345755235,-0.16122527704406991
0.8749297152964225,0.0003158900264134824,-0.17122527704406992
0.8759297152964225,0.00013966474936941245,-0.18122527704406993
0.8766846598876085,0.0,-0.18122527704406993
0.8766846598876085,0.0,0.1415810422169476
0.8776846598876085,0.0001365810422169476,0.13158104221694758
0.8786846598876085,0.00026316208443389515,0.12158104221694759
0.8796846598876085,0.00037974312665084274,0.11158104221694759
0.8806846598876085,0.0004863241688677903,0.1015810422169476
0.8816846598876085,0.0005829052110847379,0.0915810422169476
0.8826846598876085,0.0006694862533016855,0.0815810422169476
0.8836846598876085,0.000746067295518633,0.07158104221694761
0.8846846598876085,0.0008126483377355806,0.06158104221694761
0.8856846598876085,0.0008692293799525282,0.051581042216947606
0.8866846598876085,0.0009158104221694758,0.041581042216947604
0.8876846598876085,0.0009523914643864233,0.0315810422169476
0.8886846598876085,0.0009789725066033708,0.0215810422169476
0.8896846598876085,0.0009955535488203183,0.0115810422169476
0.8906846598876085,0.001002134591037266,0.0015810422169476
0.8916846598876085,0.0009987156332542137,-0.0084189577830524
0.8926846598876085,0.0009852966754711613,-0.0184189577830524
0.8936846598876085,0.0009618777176881089,-0.028418957783052402
0.8946846598876085,0.0009284587599050565,-0.038418957783052404
0.8956846598876085,0.000885039802122004,-0.048418957783052406
0.8966846598876085,0.0008316208443389515,-0.05841895778305241
0.8976846598876085,0.0007682018865558992,-0.0684189577830524
0.8986846598876085,0.0006947829287728467,-0.0784189577830524
0.8996846598876085,0.0006113639709897943,-0.0884189577830524
0.9006846598876085,0.0005179450132067419,-0.09841895778305239
0.9016846598876085,0.00041452605542368953,-0.10841895778305238
0.9026846598876085,0.0003011070976406371,-0.11841895778305238
0.9036846598876085,0.00017768813985758473,-0.12841895778305237
0.9046846598876085,4.426918207453235e-05,-0.13841895778305238
0.905000868330998,0.0,-0.13841895778305238
0.905000868330998,0.0,0.1061857816627107
