0.0,-0.8980270787573795
0.0005002501250625312,0.15665107625512997
0.0010005002501250625,-0.6570938874000104
0.0015007503751875936,0.023770354088022843
0.002001000500250125,-0.29290462413923796
0.0025012506253126563,-0.10822474231378276
0.003001500750375187,0.1459773442102605
0.0035017508754377185,-0.5156185604029239
0.00400200100050025,1.077312262805385
0.004502251125562781,-0.23908906967741037
0.0050025012506253125,-0.8183766148225012
0.005502751375687844,0.17379833629353736
0.006003001500750374,-0.23385462244030542
0.006503251625812906,-0.22215867486593305
0.007003501750875437,-0.3363041818630674
0.007503751875937968,-0.20658750329793643
0.0080040020010005,-0.7806108765978637
0.00850425212606303,0.39665975261280517
0.009004502251125562,0.5979567769040354
0.009504752376188093,-0.2537062951885066
0.010005002501250625,0.2276072365743788
0.010505252626313155,-0.634069620260569
0.011005502751375688,0.21798252956149172
0.011505752876438218,0.15008866738375062
0.012006003001500749,-0.09693300632382015
0.01250625312656328,0.01814000168379104
0.013006503251625811,0.11154816999062324
0.013506753376688344,0.142163065072579
0.014007003501750874,0.6721836203344971
0.014507253626813406,-0.5923142623038775
0.015007503751875937,0.8455574206266601
0.015507753876938469,-0.2354666946865958
0.016008004002001,0.8991568309313782
0.01650825412706353,0.2756844165303859
0.01700850425212606,-0.2843409172975865
0.017508754377188594,0.3701434133781263
0.018009004502251125,0.03304235439777636
0.018509254627313655,0.044117889165951385
0.019009504752376186,0.24455643425360885
0.01950975487743872,0.13269688277906205
0.02001000500250125,-0.6787451648928088
0.02051025512756378,-1.3949590282739774
0.02101050525262631,-0.21537301926067048
0.02151075537768884,0.005441829507635276
0.022011005502751375,-0.014686788494501779
0.022511255627813906,-0.29295713971533854
0.023011505752876436,0.30323093795746875
0.023511755877938967,-0.429529517979094
0.024012006003001497,0.635365325064035
0.02451225612806403,0.6876800884229645
0.02501250625312656,0.6042290926263814
0.025512756378189092,-0.25802219942153526
0.026013006503251623,0.021293619329462832
0.026513256628314157,0.2729150251414928
0.027013506753376687,0.6126384747113471
0.027513756878439218,1.3047319314101808
0.028014007003501748,-0.41163656547584637
0.02851425712856428,0.4397247627291656
0.029014507253626812,-0.14801299585157468
0.029514757378689343,1.3145762499242684
0.030015007503751873,-0.8234375934893816
0.030515257628814404,0.3407042494852356
0.031015507753876938,1.449635240508657
0.03151575787893947,0.23178797557998979
0.032016008004002,0.038824660674720124
0.03251625812906453,-0.05596929025676323
0.03301650825412706,0.6172391810170906
0.03351675837918959,1.1726680149510575
0.03401700850425212,0.9348074508298447
0.03451725862931466,0.4324218511403675
0.03501750875437719,-0.5473789386594994
0.03551775887943972,0.46973336028809376
0.03601800900450225,0.024469765513062347
0.03651825912956478,-0.45833929986972266
0.03701850925462731,0.6261519756162705
0.03751875937968984,0.301549457954968
0.03801900950475237,0.5421212756073167
0.0385192596298149,0.39596169144100735
0.03901950975487744,-0.2943399465360394
0.03951975987993997,0.6639912209804959
0.0400200100050025,1.5373242035557977
0.04052026013006503,1.0834919290885177
0.04102051025512756,1.3826856698203505
0.04152076038019009,1.0511869649631178
0.04202101050525262,1.026557754199052
0.04252126063031515,0.3904940091594607
0.04302151075537768,0.9317702708033533
0.04352176088044022,-0.7023468463991159
0.04402201100550275,1.0067246760500372
0.04452226113056528,0.14689594792597577
0.04502251125562781,1.0193382480366564
0.04552276138069034,0.7535772434995036
0.04602301150575287,0.7877383886593528
0.0465232616308154,-0.4733164838536935
0.047023511755877934,0.7184370710635252
0.047523761880940464,1.0107845121943408
0.048024012006002995,0.24672656953010635
0.04852426213106553,0.8430900476219574
0.04902451225612806,0.29135092129105794
0.04952476238119059,1.0120012265143827
0.05002501250625312,0.8918882251823506
0.050525262631315654,-0.05586977825948325
0.051025512756378184,0.8455659937265927
0.051525762881440715,1.1341833994898771
0.052026013006503245,0.6034414113683696
0.052526263131565776,1.4702051479139846
0.05302651325662831,-0.00100684410462748
0.053526763381690844,0.7129347315546634
0.054027013506753374,0.9542951841328404
0.054527263631815905,-0.27779849765269715
0.055027513756878435,1.105655575749509
0.055527763881940966,0.37250720968470197
0.056028014007003496,1.3234577593223102
0.056528264132066026,0.10788741778733357
0.05702851425712856,1.1365135230897019
0.057528764382191094,0.8737766035769126
0.058029014507253625,0.6815518804970956
0.058529264632316155,-0.053309817595935116
0.059029514757378686,-0.184885346096476
0.059529764882441216,0.5203143656022499
0.06003001500750375,1.0734868049411772
0.06053026513256628,0.6664624006149641
0.06103051525762881,0.4202096407164337
0.06153076538269134,0.9440187145704227
0.062031015507753876,0.7934377578029154
0.0625312656328164,1.4883482493287281
0.06303151575787894,0.6055254679071278
0.06353176588294146,0.3233489658744071
0.064032016008004,0.10369498051459414
0.06453226613306653,1.019381557248015
0.06503251625812906,-0.043067387636283816
0.0655327663831916,0.7771297776243539
0.06603301650825412,0.7102333367830184
0.06653326663331666,1.4094277656960548
0.06703351675837918,0.9588179393581127
0.06753376688344172,0.7592504408117873
0.06803401700850424,0.9321936167203846
0.06853426713356678,-0.27867597004928435
0.06903451725862932,1.5385840303126976
0.06953476738369184,0.4551149280825441
0.07003501750875438,1.7271562313625237
0.0705352676338169,1.207896496526108
0.07103551775887944,2.566924398468872
0.07153576788394196,-0.40670724437740646
0.0720360180090045,0.6767578614358181
0.07253626813406702,1.6735982920918853
0.07303651825912956,1.1949221505299719
0.0735367683841921,0.6307409457102608
0.07403701850925462,0.10192753709426616
0.07453726863431716,0.887296279273175
0.07503751875937968,0.20989720332711614
0.07553776888444222,1.4127695803004607
0.07603801900950474,-0.1199169953428435
0.07653826913456728,-0.21717008054108378
0.0770385192596298,1.2965846857645198
0.07753876938469234,1.2397839162363016
0.07803901950975488,0.6275213693294497
0.0785392696348174,0.6351258088125684
0.07903951975987994,-0.3158950458771237
0.07953976988494246,2.2042892520141284
0.080040020010005,0.7444504677087386
0.08054027013506752,0.8219753156981382
0.08104052026013006,0.8841333093369792
0.08154077038519258,1.6955014092592333
0.08204102051025512,1.1632678049087488
0.08254127063531766,1.0721102425189772
0.08304152076038018,1.2710940244416076
0.08354177088544272,1.1495272608072211
0.08404202101050524,0.9340780377949327
0.08454227113556778,1.258989604622555
0.0850425212606303,1.0074988430710932
0.08554277138569284,0.7453131623178726
0.08604302151075537,0.636352445082033
0.0865432716358179,1.9710385337081489
0.08704352176088044,1.3824361227597495
0.08754377188594296,0.09293369987954248
0.0880440220110055,0.01985154331927763
0.08854427213606803,0.3246612370930131
0.08904452226113056,-0.005690826777377644
0.08954477238619309,0.06031123763089119
0.09004502251125562,0.10611537585640018
0.09054527263631815,0.9084646007042418
0.09104552276138068,0.8416258407654095
0.09154577288644322,2.0046916946402087
0.09204602301150575,0.42681353004048506
0.09254627313656828,0.3984450827399967
0.0930465232616308,0.7019060319375734
0.09354677338669334,1.8976887402491345
0.09404702351175587,1.7874678775060313
0.0945472736368184,2.561556591288853
0.09504752376188093,0.8716538598128694
0.09554777388694347,2.0852724069052946
0.09604802401200599,0.7923527886717284
0.09654827413706853,0.9902804851327482
0.09704852426213106,2.311406584316444
0.09754877438719359,1.3768378157182117
0.09804902451225612,0.4322511929659212
0.09854927463731865,1.4655292690775874
0.09904952476238119,0.7965647708748352
0.09954977488744371,1.2430734945350315
0.10005002501250625,0.17889635822516636
0.10055027513756877,2.1256199951082113
0.10105052526263131,1.4623352461755112
0.10155077538769385,0.8467791387503307
0.10205102551275637,1.129484642854643
0.1025512756378189,0.39486594143046716
0.10305152576288143,-0.2841477762228146
0.10355177588794397,1.800276040214317
0.10405202601300649,1.4141213932232328
0.10455227613806903,0.740188287711528
0.10505252626313155,0.6322972023137396
0.10555277638819409,0.947165958966522
0.10605302651325663,0.6662795505183136
0.10655327663831915,1.20717625563511
0.10705352676338169,2.1975661664606507
0.10755377688844421,0.30038712446668736
0.10805402701350675,1.3581552379439923
0.10855427713856927,1.499885895736069
0.10905452726363181,2.2336157370950076
0.10955477738869433,1.9466654143604782
0.11005502751375687,1.4071675148697684
0.11055527763881941,1.563527668003681
0.11105552776388193,0.8175423473481032
0.11155577788894447,1.8586578631759028
0.11205602801400699,2.3336237016135826
0.11255627813906953,0.5959345863366946
0.11305652826413205,0.7718480945899668
0.11355677838919459,2.586158616443729
0.11405702851425711,1.4934655755653883
0.11455727863931965,1.1095351325514105
0.11505752876438219,2.2642912226647
0.11555777888944471,0.6725498264187115
0.11605802901450725,2.1499403983458625
0.11655827913956977,2.013207316971524
0.11705852926463231,0.5448230767240352
0.11755877938969483,0.9410757844251276
0.11805902951475737,1.3541063427586086
0.1185592796398199,2.2655020089013465
0.11905952976488243,1.0804779924276684
0.11955977988994497,2.249134604902573
0.1200600300150075,1.7504368993665502
0.12056028014007003,1.9604825085658801
0.12106053026513255,0.6564480228153069
0.12156078039019509,0.8080192697044973
0.12206103051525762,1.2726622808099872
0.12256128064032015,0.35768182377620583
0.12306153076538268,1.8012424393786344
0.12356178089044521,0.35374590121592187
0.12406203101550775,0.8844165933952867
0.12456228114057027,1.110635695760422
0.1250625312656328,1.9545653146028936
0.12556278139069535,0.8609730025345064
0.12606303151575787,0.9831024026110202
0.1265632816408204,1.5860116863780074
0.12706353176588292,0.7744169486925854
0.12756378189094547,1.675518024629251
0.128064032016008,0.5355055088700368
0.12856428214107052,2.2878802306318065
0.12906453226613307,1.3469188115720976
0.1295647823911956,2.3106167148075145
0.13006503251625812,1.0654240830223167
0.13056528264132064,1.2327136176312883
0.1310655327663832,1.3172847755843438
0.13156578289144572,1.6809414380046959
0.13206603301650824,1.0319814878873617
0.13256628314157076,1.538003042651536
0.1330665332666333,1.7996294956990204
0.13356678339169584,1.9406401102959414
0.13406703351675836,0.9312871044805655
0.1345672836418209,0.7238436691353385
0.13506753376688344,1.7040833819233798
0.13556778389194596,0.5452242322759662
0.13606803401700848,1.9689272751328852
0.13656828414207103,1.7558691971305267
0.13706853426713356,0.8911327134560384
0.13756878439219608,2.1353909616887137
0.13806903451725863,1.339193670920675
0.13856928464232116,1.0292084538647892
0.13906953476738368,2.257744880529136
0.1395697848924462,1.7933013003183298
0.14007003501750875,0.6096232420069846
0.14057028514257128,1.403449391590634
0.1410705352676338,1.4075194383218546
0.14157078539269632,2.2195446255961793
0.14207103551775888,1.181729504020397
0.1425712856428214,1.96224643956899
0.14307153576788392,2.499991026470454
0.14357178589294647,1.3485104295443167
0.144072036018009,3.0731711375940622
0.14457228614307152,1.5135227322237474
0.14507253626813404,1.3508096023526937
0.1455727863931966,1.4261740871448771
0.14607303651825912,1.5063491385243892
0.14657328664332164,0.33171921698962814
0.1470735367683842,2.0715842134639284
0.14757378689344672,2.474876167900508
0.14807403701850924,1.0245039058852505
0.14857428714357176,0.8049686116346925
0.14907453726863432,1.8778024477854307
0.14957478739369684,1.2407943387660965
0.15007503751875936,0.8740439535666568
0.1505752876438219,0.5112068154608869
0.15107553776888444,1.6559966008220854
0.15157578789394696,0.7842104214778289
0.15207603801900949,2.142201103974679
0.15257628814407204,-0.22115437757536127
0.15307653826913456,1.7309088725121187
0.15357678839419708,1.743392268463869
0.1540770385192596,1.7952952431398725
0.15457728864432216,0.8240058500852856
0.15507753876938468,2.534395763075437
0.1555777888944472,1.1402297043191407
0.15607803901950976,2.820045708790447
0.15657828914457228,1.1350143995054935
0.1570785392696348,1.0581793980114744
0.15757878939469733,1.4627519175832921
0.15807903951975988,1.993756312616885
0.1585792896448224,1.5348386986347624
0.15907953976988493,1.6985889042760016
0.15957978989494745,2.5406997857873224
0.16008004002001,0.4581969655029574
0.16058029014507252,1.1474419259025435
0.16108054027013505,1.1360468769773386
0.1615807903951976,1.6562137898198406
0.16208104052026012,1.1779728896752237
0.16258129064532265,1.253160309153774
0.16308154077038517,1.5815009745686868
0.16358179089544772,3.4563274856692288
0.16408204102051024,2.2926343664551663
0.16458229114557277,1.7505834686770045
0.16508254127063532,1.6434903444064233
0.16558279139569784,0.4680081744032696
0.16608304152076037,1.858780546170391
0.1665832916458229,3.379838999971617
0.16708354177088544,2.306978546497376
0.16758379189594796,0.8698273253250435
0.1680840420210105,1.0777599551789963
0.168584292146073,1.9683292590955013
0.16908454227113556,1.9077504174574074
0.1695847923961981,2.051710479964278
0.1700850425212606,1.8228939360402268
0.17058529264632316,1.2675245197714295
0.17108554277138568,2.096597537435003
0.1715857928964482,2.171637544420942
0.17208604302151073,1.9471922607671872
0.17258629314657328,2.3843806256164903
0.1730865432716358,1.7199071183115093
0.17358679339669833,2.18793540608765
0.17408704352176088,1.623760611896826
0.1745872936468234,1.2854279618820228
0.17508754377188593,1.8953346157598254
0.17558779389694845,1.497028937697886
0.176088044022011,2.3259858190469083
0.17658829414707353,2.132017867272125
0.17708854427213605,3.190652560405856
0.17758879439719857,1.0500923949208638
0.17808904452226113,2.372829606311158
0.17858929464732365,1.7363388563300202
0.17908954477238617,1.5949486473429606
0.17958979489744872,2.147663611643918
0.18009004502251125,1.995421652405405
0.18059029514757377,2.601433382155383
0.1810905452726363,1.4232652005344226
0.18159079539769885,1.5389717944575763
0.18209104552276137,2.2733204590687155
0.1825912956478239,1.963397587279553
0.18309154577288644,0.8852810704708207
0.18359179589794897,2.017399334562534
0.1840920460230115,1.634672810895389
0.18459229614807401,0.9293143431919791
0.18509254627313657,1.5834165406246916
0.1855927963981991,2.2137539657141323
0.1860930465232616,1.3808451934300094
0.18659329664832414,0.359685623553716
0.1870935467733867,2.3362086424212136
0.1875937968984492,2.371145977349056
0.18809404702351173,1.9578140589463036
0.18859429714857429,2.455844970378941
0.1890945472736368,2.4990808864583434
0.18959479739869933,1.3574260691420705
0.19009504752376186,1.6740827780338856
0.1905952976488244,2.2032748011085754
0.19109554777388693,1.1238586801198545
0.19159579789894945,1.646602313463067
0.19209604802401198,1.3006004595462501
0.19259629814907453,3.3876834120716897
0.19309654827413705,3.076693989813635
0.19359679839919958,1.2474469750803845
0.19409704852426213,1.016157378057524
0.19459729864932465,0.6069093435394353
0.19509754877438718,1.477691275618017
0.1955977988994497,1.939803538926748
0.19609804902451225,2.7967681093040673
0.19659829914957477,1.4265713630341696
0.1970985492746373,3.247350801730689
0.19759879939969985,1.9295111964267626
0.19809904952476237,2.353350058346017
0.1985992996498249,1.4698105319970467
0.19909954977488742,1.8573042995888558
0.19959979989994997,0.7841497750981825
0.2001000500250125,1.750093900720167
0.20060030015007502,1.9638131092207183
0.20110055027513754,1.5514047630940597
0.2016008004002001,0.46448419315379197
0.20210105052526262,2.097153812572804
0.20260130065032514,2.329595948370552
0.2031015507753877,1.4012831073845726
0.2036018009004502,3.298280111081918
0.20410205102551274,2.859425144216715
0.20460230115057526,1.7704094291341372
0.2051025512756378,1.7080873787082367
0.20560280140070034,2.916171351344925
0.20610305152576286,0.7845472087830878
0.2066033016508254,2.244099412101136
0.20710355177588793,1.6356352442278852
0.20760380190095046,3.7731948605909977
0.20810405202601298,2.2230132459483105
0.20860430215107553,1.744111291239585
0.20910455227613806,0.47267250591583854
0.20960480240120058,2.9781322687973173
0.2101050525262631,3.3361463575591666
0.21060530265132565,2.548135889679042
0.21110555277638818,1.1066031699465548
0.2116058029014507,2.750352783923197
0.21210605302651325,2.408228289120566
0.21260630315157578,1.1810240221981934
0.2131065532766383,2.270637286992792
0.21360680340170082,1.488759450460001
0.21410705352676337,2.1107651895547415
0.2146073036518259,1.0727966300158864
0.21510755377688842,2.4630345479890665
0.21560780390195097,1.7393873408545792
0.2161080540270135,1.1471871549394315
0.21660830415207602,2.138679178553091
0.21710855427713854,0.05175361907756293
0.2176088044022011,1.676672156843634
0.21810905452726362,1.3982310947676169
0.21860930465232614,2.116717712144337
0.21910955477738867,1.9984733502890306
0.21960980490245122,1.0831635326302975
0.22011005502751374,0.7396746211832412
0.22061030515257626,2.9293392852759914
0.22111055527763882,0.806817276550267
0.22161080540270134,2.890320935685522
0.22211105552776386,3.8691813170905203
0.22261130565282639,2.493699433990812
0.22311155577788894,2.2286113856764223
0.22361180590295146,2.7789194702165303
0.22411205602801398,1.3118340788035074
0.22461230615307654,1.8371153334929293
0.22511255627813906,2.648412578428676
0.22561280640320158,2.980004159727449
0.2261130565282641,1.6637602758633796
0.22661330665332666,0.9619830322992662
0.22711355677838918,1.8063090186421016
0.2276138069034517,1.7860854317069863
0.22811405702851423,1.6095722546507438
0.22861430715357678,3.2858015609307576
0.2291145572786393,1.4090856496531325
0.22961480740370183,1.3619648267392417
0.23011505752876438,1.0779609509099974
0.2306153076538269,1.9792366542990965
0.23111555777888942,1.9294151388845657
0.23161580790395195,2.0414844600167936
0.2321160580290145,1.5513716182982018
0.23261630815407702,2.0816892355980414
0.23311655827913955,2.217825999240617
0.2336168084042021,1.979374433906053
0.23411705852926462,2.0381969142872234
0.23461730865432714,1.52783021416866
0.23511755877938967,2.0910772149707277
0.23561780890445222,1.4776006666635029
0.23611805902951474,2.673220403345372
0.23661830915457727,1.6301954170854354
0.2371185592796398,1.7780231731800562
0.23761880940470234,1.1390490132607687
0.23811905952976486,1.7784814003586662
0.2386193096548274,2.7477745825112683
0.23911955977988994,0.201027808826445
0.23961980990495246,1.2986599117083686
0.240120060030015,2.7113000198688617
0.2406203101550775,1.012919157188148
0.24112056028014006,0.8974736003399706
0.24162081040520259,1.4295065872364288
0.2421210605302651,1.8311107875873003
0.24262131065532766,2.776238959744374
0.24312156078039018,2.4882923564758266
0.2436218109054527,4.0062599993095365
0.24412206103051523,2.6777364571272515
0.24462231115557778,0.9799893818384247
0.2451225612806403,1.7254001520501603
0.24562281140570283,1.7843133756147989
0.24612306153076535,1.2668844210706625
0.2466233116558279,2.3018806401622443
0.24712356178089043,1.5035391685230457
0.24762381190595295,3.334068684258633
0.2481240620310155,1.409835753798085
0.24862431215607803,2.326600649774809
0.24912456228114055,1.657772583255694
0.24962481240620307,1.6663421181193698
0.2501250625312656,0.7483708610079214
0.25062531265632815,1.663746791347385
0.2511255627813907,2.060184506288862
0.2516258129064532,3.0744978420666342
0.25212606303151575,1.858600549512387
0.2526263131565783,-0.17777815686419962
0.2531265632816408,2.100456714014657
0.25362681340670334,2.308628494343732
0.25412706353176584,3.2274628548707733
0.2546273136568284,2.7318282394862257
0.25512756378189094,2.7481566998208837
0.25562781390695344,1.9112050517336292
0.256128064032016,2.853524874909606
0.25662831415707854,2.321734696273494
0.25712856428214104,2.570659374447146
0.2576288144072036,1.6338057122417788
0.25812906453226614,2.5815140765526317
0.25862931465732864,1.9694771366250958
0.2591295647823912,1.7341560378553373
0.2596298149074537,2.7126999990366554
0.26013006503251623,2.414837314290209
0.2606303151575788,2.705625014836517
0.2611305652826413,2.6784568833284803
0.26163081540770383,2.6552209205048363
0.2621310655327664,1.5500415708131228
0.2626313156578289,1.787273768799584
0.26313156578289143,1.4034455406526263
0.263631815907954,2.336016978370378
0.2641320660330165,0.6839937062161989
0.26463231615807903,1.2233637773085273
0.2651325662831415,1.3725195520164097
0.2656328164082041,2.6045494099797373
0.2661330665332666,1.5420474658062957
0.2666333166583291,2.025016447368096
0.2671335667833917,2.7818416349178543
0.2676338169084542,0.0007805826776994262
0.2681340670335167,2.603408476177759
0.26863431715857927,3.172185404975207
0.2691345672836418,2.764495321548896
0.2696348174087043,2.9225137460436184
0.27013506753376687,2.9587891038823737
0.2706353176588294,2.8672314762655278
0.2711355677838919,1.9715891496128468
0.27163581790895447,3.376207237089269
0.27213606803401696,0.944847799160341
0.2726363181590795,1.5368406266896517
0.27313656828414207,0.9620420231597149
0.27363681840920456,0.56815749214597
0.2741370685342671,2.2356350582751823
0.27463731865932967,1.8606837919329091
0.27513756878439216,1.7535196906193957
0.2756378189094547,1.8795946546885194
0.27613806903451726,2.4945735713415793
0.27663831915957976,1.9984066921017076
0.2771385692846423,2.5148436234659295
0.2776388194097048,2.3151712962719646
0.27813906953476736,1.0082704875154742
0.2786393196598299,2.717418266813505
0.2791395697848924,2.4688035956630374
0.27963981990995496,1.8616086860915
0.2801400700350175,1.0915506744776544
0.28064032016008,1.3318785113401699
0.28114057028514255,1.3671282329586423
0.2816408204102051,1.5605850260654965
0.2821410705352676,3.297537416346607
0.28264132066033015,2.1049867171064163
0.28314157078539265,2.461426916680953
0.2836418209104552,2.378352289191543
0.28414207103551775,1.2846218520662218
0.28464232116058025,2.014324902353189
0.2851425712856428,2.1596100856602023
0.28564282141070535,2.3690281135053604
0.28614307153576785,2.2055590465054453
0.2866433216608304,3.71714702283794
0.28714357178589295,3.5138758509689563
0.28764382191095544,2.6607927587704574
0.288144072036018,0.5160635777704112
0.28864432216108055,3.041882469284235
0.28914457228614304,2.5623758771365908
0.2896448224112056,2.2203356875141105
0.2901450725362681,1.5197908929980857
0.29064532266133064,1.6528974449675222
0.2911455727863932,1.9254235942839213
0.2916458229114557,1.862782923833302
0.29214607303651824,2.169585655156636
0.2926463231615808,1.8738086470458966
0.2931465732866433,0.8691721746694214
0.29364682341170584,1.7143128159349592
0.2941470735367684,2.768788071395715
0.2946473236618309,1.030270416098815
0.29514757378689344,1.6827665015015556
0.29564782391195593,1.802282089036803
0.2961480740370185,1.352957983850621
0.29664832416208103,2.123945889005584
0.29714857428714353,1.4249303960074746
0.2976488244122061,1.4115053539518412
0.29814907453726863,2.3029234761928348
0.29864932466233113,2.4469052061849275
0.2991495747873937,4.19920618441903
0.29964982491245623,2.474100238867935
0.3001500750375187,1.9713102654858567
0.3006503251625813,0.3569259693441613
0.3011505752876438,2.750497056926498
0.3016508254127063,2.309866024990706
0.3021510755377689,2.4041002257089232
0.30265132566283137,1.0480167343254494
0.3031515757878939,2.7337331335297166
0.3036518259129565,1.623592965129527
0.30415207603801897,0.597057214635822
0.3046523261630815,2.017129427696136
0.3051525762881441,2.309864886162243
0.30565282641320657,1.9150777821921066
0.3061530765382691,1.181565973737156
0.30665332666333167,2.091525939175719
0.30715357678839417,2.008711770868112
0.3076538269134567,2.9696233804962913
0.3081540770385192,2.248899480770988
0.30865432716358177,2.546919163112668
0.3091545772886443,1.5772871195258442
0.3096548274137068,1.1406176258095435
0.31015507753876936,1.2536921625562187
0.3106553276638319,0.5223546461134043
0.3111555777888944,2.531847745826123
0.31165582791395696,1.6106907401032806
0.3121560780390195,1.6092180722398424
0.312656328164082,3.205086807128311
0.31315657828914456,1.5281084023713971
0.31365682841420706,1.055956636472026
0.3141570785392696,2.4173025475239878
0.31465732866433216,3.416085419069607
0.31515757878939465,2.6448390683126237
0.3156578289144572,2.7031236954048268
0.31615807903951976,2.684439717394345
0.31665832916458225,1.6925032787418326
0.3171585792896448,2.7125950339836353
0.31765882941470736,2.4976336038987705
0.31815907953976985,1.3324762864663622
0.3186593296648324,2.3949260268359134
0.3191595797898949,3.207748148775277
0.31965982991495745,1.461381508674899
0.32016008004002,2.7068134410578097
0.3206603301650825,3.1016848963767716
0.32116058029014505,2.0882549997598217
0.3216608304152076,2.664587090809902
0.3221610805402701,0.20657451924930514
0.32266133066533265,0.9057787855063508
0.3231615807903952,3.3441214551786596
0.3236618309154577,4.324697922411094
0.32416208104052024,1.0040525492167092
0.32466233116558274,3.5552729536130157
0.3251625812906453,1.7302254783731634
0.32566283141570784,2.5546755160889782
0.32616308154077034,2.5135695786985233
0.3266633316658329,0.17283298024321514
0.32716358179089544,1.3841067085965941
0.32766383191595794,2.811680958012166
0.3281640820410205,0.5328169076315956
0.32866433216608304,2.560531514236725
0.32916458229114554,2.4506762903011365
0.3296648324162081,1.5942637515825613
0.33016508254127064,1.9613214122538203
0.33066533266633313,2.0220257763218408
0.3311655827913957,1.9390894467497914
0.3316658329164582,1.9238390669634469
0.33216608304152073,1.7225539195203707
0.3326663331665833,1.9334753388023562
0.3331665832916458,1.9760079875472099
0.33366683341670833,2.81304543587827
0.3341670835417709,2.0104581049626917
0.3346673336668334,4.073989095469367
0.33516758379189593,2.1875862682152127
0.3356678339169585,-0.21192277573523222
0.336168084042021,0.8912932424897407
0.3366683341670835,0.8132203760588766
0.337168584292146,0.38951913095757207
0.3376688344172086,1.2535216638370534
0.3381690845422711,3.3243983991783628
0.3386693346673336,1.800203999657405
0.3391695847923962,3.0266020380867276
0.3396698349174587,3.1035180720479576
0.3401700850425212,1.0902558442280665
0.34067033516758377,2.2790383486346717
0.3411705852926463,0.4130910304920412
0.3416708354177088,2.9855926728758906
0.34217108554277137,1.0543189352988778
0.34267133566783387,0.6007936972703787
0.3431715857928964,2.280739927685156
0.34367183591795897,0.552295756860518
0.34417208604302146,2.852659343043851
0.344672336168084,0.2317218909531582
0.34517258629314657,2.3820664893246635
0.34567283641820906,-0.19530636849854943
0.3461730865432716,4.240294813035597
0.34667333666833416,1.827271907076334
0.34717358679339666,2.3031423517026273
0.3476738369184592,1.3677715800069503
0.34817408704352176,1.4544369240104185
0.34867433716858426,0.9754810378249656
0.3491745872936468,2.263744930755006
0.3496748374187093,1.4820694683210383
0.35017508754377186,3.437234747342464
0.3506753376688344,1.43331001819513
0.3511755877938969,1.4640771082679047
0.35167583791895946,1.4984226886253669
0.352176088044022,2.4459225334937287
0.3526763381690845,1.0004721329269919
0.35317658829414705,3.3452311380275983
0.3536768384192096,0.789799462834236
0.3541770885442721,2.803105100730626
0.35467733866933465,1.6067596266320645
0.35517758879439715,2.3139826976477904
0.3556778389194597,1.804296004779886
0.35617808904452225,0.5798712513804886
0.35667833916958475,0.42472406820442066
0.3571785892946473,1.8530454894857844
0.35767883941970985,1.8549018502020478
0.35817908954477234,0.32405989214638886
0.3586793396698349,1.8747368571681233
0.35917958979489745,-0.3617382479050322
0.35967983991995994,0.9367892192819786
0.3601800900450225,2.2192873405002307
0.360680340170085,2.6217317444552224
0.36118059029514754,1.7496597276608257
0.3616808404202101,0.2923989910743263
0.3621810905452726,1.391026537603635
0.36268134067033514,1.0389295169669925
0.3631815907953977,0.7518587847082966
0.3636818409204602,2.3338142816130243
0.36418209104552274,1.7015871408976302
0.3646823411705853,0.5466054054342329
0.3651825912956478,2.168232526171364
0.36568284142071034,0.9976858895783172
0.3661830915457729,2.0207396296385354
0.3666833416708354,3.1157812649277137
0.36718359179589793,2.213421999678555
0.36768384192096043,1.5150018708292776
0.368184092046023,0.14866054675548668
0.36868434217108553,1.6934503331359072
0.36918459229614803,0.6903325807488706
0.3696848424212106,1.806698096682822
0.37018509254627313,0.35426632367265154
0.3706853426713356,-0.26326180773233077
0.3711855927963982,0.5221209509035774
0.37168584292146073,2.5348812841746144
0.3721860930465232,1.7611540405020576
0.3726863431715858,-0.5200419880242548
0.3731865932966483,1.4885481393804798
0.3736868434217108,1.4627381815039229
0.3741870935467734,1.6436707922264422
0.37468734367183587,0.6334639696127532
0.3751875937968984,1.3771539952163019
0.375687843921961,2.5028190303666014
0.37618809404702347,0.7022238571661112
0.376688344172086,2.262992637083099
0.37718859429714857,1.2537916265296603
0.37768884442221107,1.173488895753533
0.3781890945472736,2.2441608789652743
0.3786893446723361,0.8028477721511332
0.37918959479739867,2.526285640295872
0.3796898449224612,1.0957920929157947
0.3801900950475237,0.06519639445756753
0.38069034517258626,0.6242522987542035
0.3811905952976488,0.1696441975121452
0.3816908454227113,1.602465639640938
0.38219109554777386,1.7342941294565426
0.3826913456728364,0.880217299042394
0.3831915957978989,3.093999243354806
0.38369184592296146,1.1040198916323738
0.38419209604802396,2.089649063167695
0.3846923461730865,1.4838627206495978
0.38519259629814906,0.023461157785524156
0.38569284642321155,1.7223667299880465
0.3861930965482741,1.3418739590923148
0.38669334667333666,2.6308624238287805
0.38719359679839915,1.5438531866686596
0.3876938469234617,1.617558529212796
0.38819409704852426,1.518291246569075
0.38869434717358675,2.2449321325655287
0.3891945972986493,2.758849775952034
0.38969484742371185,1.4915894374915832
0.39019509754877435,2.3093247897238225
0.3906953476738369,0.932255106215246
0.3911955977988994,0.35117070479582335
0.39169584792396195,1.1477234420761508
0.3921960980490245,0.5067726935815412
0.392696348174087,1.4257325445081792
0.39319659829914955,1.0047553803086078
0.3936968484242121,2.710474659126613
0.3941970985492746,0.9300176543831693
0.39469734867433715,0.647140728763075
0.3951975987993997,1.7450314709453238
0.3956978489244622,1.4257154109657209
0.39619809904952474,2.414599563271019
0.39669834917458724,2.063717139006096
0.3971985992996498,2.3820312343983847
0.39769884942471234,0.678254867581021
0.39819909954977484,0.9015472498305649
0.3986993496748374,0.9204127798748014
0.39919959979989994,2.3170442113476852
0.39969984992496244,-0.10089980803009002
0.400200100050025,0.5741159576654554
0.40070035017508754,1.067336416687163
0.40120060030015003,1.8440013168736695
0.4017008504252126,0.7060343236320141
0.4022011005502751,3.2170973959583185
0.40270135067533763,0.605436820356355
0.4032016008004002,2.196478988096846
0.4037018509254627,1.2660729876537786
0.40420210105052523,2.1017511622165133
0.4047023511755878,-0.1001687739340904
0.4052026013006503,1.4723950385271698
0.40570285142571283,0.8558453629754171
0.4062031015507754,1.3791894967567886
0.4067033516758379,1.3451937915149224
0.4072036018009004,0.5405666262121916
0.407703851925963,2.306857702198476
0.4082041020510255,1.331938581685116
0.408704352176088,0.5608972991806003
0.4092046023011505,2.350968474020178
0.4097048524262131,1.57097069019034
0.4102051025512756,1.0182717477154613
0.4107053526763381,1.6491705928297642
0.41120560280140067,1.3908590685096518
0.4117058529264632,0.6294079370725358
0.4122061030515257,1.2257716153629667
0.41270635317658827,2.0911302356139236
0.4132066033016508,0.4420170181546965
0.4137068534267133,-1.5302808037301492
0.41420710355177587,2.2148466028287244
0.41470735367683836,1.9835304810525702
0.4152076038019009,-0.15896886588648984
0.41570785392696347,1.4335953278770976
0.41620810405202596,0.755617288983775
0.4167083541770885,-0.22486890936474746
0.41720860430215106,2.3836688351322888
0.41770885442721356,2.07866851353036
0.4182091045522761,1.1831447780603765
0.41870935467733866,0.054758613092013686
0.41920960480240116,1.2970255361883376
0.4197098549274637,1.3457214636841222
0.4202101050525262,0.6124035202351116
0.42071035517758876,2.285237329135887
0.4212106053026513,0.7477700996528981
0.4217108554277138,0.23103219197104452
0.42221110555277636,2.9661359415056996
0.4227113556778389,1.6107920346152318
0.4232116058029014,1.4320017638101556
0.42371185592796395,0.6334254413377474
0.4242121060530265,0.16813723635251054
0.424712356178089,1.554122465839395
0.42521260630315155,0.9630532197237214
0.4257128564282141,0.45264175320665045
0.4262131065532766,1.9082453926718985
0.42671335667833915,2.073335934805345
0.42721360680340165,1.6750511391207774
0.4277138569284642,0.4850011196670368
0.42821410705352675,2.289105099285823
0.42871435717858924,2.455693937853422
0.4292146073036518,1.3637326859272523
0.42971485742871435,0.12865630817986962
0.43021510755377684,0.5336066281982584
0.4307153576788394,1.9369948103937216
0.43121560780390195,-0.17069669120679232
0.43171585792896444,0.7983319586584682
0.432216108054027,0.01762598943566418
0.4327163581790895,1.2905740340203602
0.43321660830415204,2.4762658651511327
0.4337168584292146,-0.6999376347036604
0.4342171085542771,1.2664338580560228
0.43471735867933964,0.3124798891839591
0.4352176088044022,1.7497253678652962
0.4357178589294647,0.806245783677377
0.43621810905452724,1.2044664484219747
0.4367183591795898,0.41049015426383095
0.4372186093046523,0.4795060754018616
0.43771885942971483,-0.30253728399024715
0.43821910955477733,1.5995628757927554
0.4387193596798399,1.5734026908763932
0.43921960980490243,1.3344921415865652
0.43971985992996493,2.727793231986707
0.4402201100550275,0.30215503545603584
0.44072036018009003,2.018667077000118
0.4412206103051525,1.4209884348990292
0.4417208604302151,1.5144790601562501
0.44222111055527763,1.0975498266224166
0.4427213606803401,2.109984089894028
0.4432216108054027,-0.5083134502711205
0.44372186093046523,0.3221203093700897
0.4442221110555277,-0.011022880259408785
0.4447223611805903,-0.24907751624988617
0.44522261130565277,1.5282677485388056
0.4457228614307153,2.5379142939512813
0.4462231115557779,1.5859236367623013
0.44672336168084037,2.279355051853867
0.4472236118059029,0.16612383261436559
0.44772386193096547,0.5371219778014797
0.44822411205602797,1.237972009908507
0.4487243621810905,0.6078315425121732
0.44922461230615307,0.28147889282254496
0.44972486243121557,0.7155927917277315
0.4502251125562781,3.084455625143445
0.4507253626813406,0.03685354968847532
0.45122561280640316,0.2997059386284234
0.4517258629314657,1.4239065104094266
0.4522261130565282,1.7189142228766672
0.45272636318159076,0.5298372418520073
0.4532266133066533,1.4547072830313967
0.4537268634317158,-0.21170568235439147
0.45422711355677836,-0.45841433834144607
0.4547273636818409,-1.0973838905296542
0.4552276138069034,-0.09886660079360465
0.45572786393196596,0.12140307072990963
0.45622811405702846,0.46914334439080163
0.456728364182091,1.8041634271802283
0.45722861430715356,0.42614508521648997
0.45772886443221605,-1.3159838644238182
0.4582291145572786,0.04591680551021804
0.45872936468234116,-0.26237483517454985
0.45922961480740365,0.7397571619110217
0.4597298649324662,1.5706668479597017
0.46023011505752875,-0.046415487305872305
0.46073036518259125,1.0776589769377742
0.4612306153076538,1.440464017300924
0.4617308654327163,0.913088202891887
0.46223111555777885,1.371495448679777
0.4627313656828414,0.765019031604095
0.4632316158079039,0.9925007668498727
0.46373186593296645,0.8645913692264016
0.464232116058029,1.2957651162101336
0.4647323661830915,-0.10083726082368871
0.46523261630815405,0.7966558176258975
0.4657328664332166,-0.580381695396434
0.4662331165582791,0.2682931680320598
0.46673336668334164,0.9697408572930757
0.4672336168084042,1.2721198782977916
0.4677338669334667,0.8483088537415082
0.46823411705852924,0.25469980878890297
0.46873436718359174,0.2287481364455908
0.4692346173086543,0.9336781261359068
0.46973486743371684,-0.149969179795856
0.47023511755877934,0.49384674709548465
0.4707353676838419,1.077191617852042
0.47123561780890444,1.180083972773681
0.47173586793396693,0.33117557644564205
0.4722361180590295,1.6042089291435269
0.47273636818409204,-0.3139847240467504
0.47323661830915453,-0.14844054562096648
0.4737368684342171,1.4281580843113757
0.4742371185592796,0.7771615135613981
0.47473736868434213,-0.30149458727340267
0.4752376188094047,-0.49738640274696133
0.4757378689344672,-1.1342301831363804
0.47623811905952973,-1.9704813666311
0.4767383691845923,0.07108037336953021
0.4772386193096548,0.8336159477908467
0.47773886943471733,-0.28881701726688286
0.4782391195597799,-0.11576008197482107
0.4787393696848424,-0.053528641307228675
0.4792396198099049,0.7251714761183399
0.4797398699349674,-1.2249829507301664
0.48024012006003,-0.9121463939715826
0.4807403701850925,-0.4527942255412057
0.481240620310155,-0.71465979269558
0.48174087043521757,0.037149039207079376
0.4822411205602801,0.053053785678263576
0.4827413706853426,-0.9660576394480045
0.48324162081040517,1.5822187510871135
0.4837418709354677,-2.5224606463583266
0.4842421210605302,0.9705319974574482
0.48474237118559277,-0.30076966456445464
0.4852426213106553,-0.6373342843185128
0.4857428714357178,0.28420526025233517
0.48624312156078037,0.4300735233520961
0.48674337168584286,0.4936512194493827
0.4872436218109054,1.037404814290567
0.48774387193596797,-0.5616424826951794
0.48824412206103046,2.0123947093054024
0.488744372186093,-0.7817670615926863
0.48924462231115556,0.152976476137597
0.48974487243621806,1.113685682779622
0.4902451225612806,0.5149646128362622
0.49074537268634316,-0.7626744382221826
0.49124562281140566,0.11935323548953004
0.4917458729364682,-0.5653415262928488
0.4922461230615307,0.2107533913644671
0.49274637318659326,1.2781095089611507
0.4932466233116558,0.2284521773495162
0.4937468734367183,0.3217582738036612
0.49424712356178085,0.26514727153696627
0.4947473736868434,0.14294895682631692
0.4952476238119059,0.08717292352875158
0.49574787393696845,1.890510085977493
0.496248124062031,-0.5326381765407019
0.4967483741870935,-1.327451432566404
0.49724862431215605,0.3236194622096684
0.49774887443721855,-0.7939254599154338
0.4982491245622811,1.356651050121181
0.49874937468734365,-0.8450333064407799
0.49924962481240615,-1.5480387589949376
0.4997498749374687,-2.0391361905762055
0.5002501250625312,-0.5097201571253529
0.5007503751875938,-0.13046300701105554
0.5012506253126563,-0.012429757609785378
0.5017508754377188,1.3796621579315071
0.5022511255627814,-0.3110973127796084
0.5027513756878439,1.1461398555399398
0.5032516258129064,-0.28908391833587666
0.503751875937969,0.16559485558234463
0.5042521260630315,-0.2089023643310246
0.504752376188094,-0.4449413008948076
0.5052526263131566,0.22410285276237196
0.5057528764382191,-0.07651703524348767
0.5062531265632816,1.8748009542597064
0.5067533766883441,-0.7892828138510094
0.5072536268134067,-0.9023722850220156
0.5077538769384692,-0.4139352932509632
0.5082541270635317,-0.6331003430413065
0.5087543771885943,-1.1350206718675235
0.5092546273136568,-0.6860647461825181
0.5097548774387193,-0.9490004519234732
0.5102551275637819,1.2526468121503453
0.5107553776888444,-0.8433928659907818
0.5112556278139069,-0.4456068682985692
0.5117558779389695,0.10577798640999592
0.512256128064032,-0.1806938782902942
0.5127563781890945,0.7478050838622828
0.5132566283141571,-0.7495984868103214
0.5137568784392196,-0.7019562342749034
0.5142571285642821,0.20882331274917545
0.5147573786893447,-0.9518859592428852
0.5152576288144072,0.07840892018383283
0.5157578789394697,1.7020624799340573
0.5162581290645323,-0.8521357030799777
0.5167583791895948,-1.8537128967856151
0.5172586293146573,0.6594704863401033
0.5177588794397199,-0.8347164362954148
0.5182591295647824,0.308420047306451
0.5187593796898449,-1.82417715345944
0.5192596298149074,-1.3413929609322195
0.51975987993997,0.46387043655001536
0.5202601300650325,0.7238664350662176
0.520760380190095,-2.358558872517402
0.5212606303151576,-0.791247016285741
0.5217608804402201,-1.0304450709474011
0.5222611305652826,-1.0762057498664284
0.5227613806903452,0.496560221914108
0.5232616308154077,0.3137514758630709
0.5237618809404702,0.39402039896320173
0.5242621310655328,-1.2400199515915644
0.5247623811905953,-0.2636201806520681
0.5252626313156578,-0.4056452088059145
0.5257628814407204,0.7053118549551001
0.5262631315657829,-0.9821001748655562
0.5267633816908454,0.5190055969543568
0.527263631815908,0.14147096286051364
0.5277638819409705,-1.3577753446743603
0.528264132066033,-0.11179245663509346
0.5287643821910956,-0.17182453826833594
0.5292646323161581,-2.574331862243525
0.5297648824412206,-0.48252638372422113
0.530265132566283,-1.4108054333541782
0.5307653826913457,-1.6005458712579428
0.5312656328164082,-1.3917889101499412
0.5317658829414706,0.3889781448715047
0.5322661330665333,-1.1821073325535705
0.5327663831915957,-2.145024984397298
0.5332666333166582,-1.281826764921853
0.5337668834417209,1.0147814182687043
0.5342671335667833,0.8864266788596277
0.5347673836918458,0.776751718822182
0.5352676338169085,-0.9654293446997305
0.535767883941971,-0.4981856739545384
0.5362681340670334,0.7278690230375415
0.536768384192096,-0.27138891554726746
0.5372686343171585,0.6871690417435274
0.537768884442221,-1.4072489023732146
0.5382691345672836,-0.6065105157184391
0.5387693846923461,0.20023420555907273
0.5392696348174086,-0.3071000364261571
0.5397698849424712,1.388921238108425
0.5402701350675337,1.5331436740927469
0.5407703851925962,-0.584226516732911
0.5412706353176588,-1.066597986981759
0.5417708854427213,-0.36416631443757147
0.5422711355677838,-1.0744468988380618
0.5427713856928463,-0.8471501448151774
0.5432716358179089,-0.08329098549450581
0.5437718859429714,1.3866051220309341
0.5442721360680339,-1.1947616898186442
0.5447723861930965,-1.114883097631104
0.545272636318159,-0.17712593795607673
0.5457728864432215,-0.6017084073338347
0.5462731365682841,-0.666886207100352
0.5467733866933466,-2.044645791704569
0.5472736368184091,-0.08992261614909469
0.5477738869434717,2.0282416628998936
0.5482741370685342,-1.141766396234595
0.5487743871935967,-3.2801635534908438
0.5492746373186593,-0.21564756847892919
0.5497748874437218,-0.42064334356292377
0.5502751375687843,-0.833620471943737
0.5507753876938469,-0.11534263651180687
0.5512756378189094,0.13512446116657983
0.5517758879439719,0.1295059567589676
0.5522761380690345,-1.409352324595124
0.552776388194097,0.05656803487651685
0.5532766383191595,-0.5885864719576016
0.5537768884442221,-1.5074357815121577
0.5542771385692846,-2.037891898411157
0.5547773886943471,-0.4611008317471058
0.5552776388194096,-0.3681202389737988
0.5557778889444722,-2.271213215034032
0.5562781390695347,-0.19566371725234122
0.5567783891945972,-0.6983694591132702
0.5572786393196598,-1.166921964840818
0.5577788894447223,-0.3543666201495643
0.5582791395697848,-0.2648098564001694
0.5587793896948474,-0.803567391371258
0.5592796398199099,-1.5586250426381176
0.5597798899449724,0.37232982795612923
0.560280140070035,-3.005013421272108
0.5607803901950975,0.044850084617134356
0.56128064032016,0.021519094000881367
0.5617808904452226,1.0999065902309253
0.5622811405702851,-0.2840585752516456
0.5627813906953476,-0.1688250090631086
0.5632816408204102,0.24239529386645497
0.5637818909454727,-1.8440003036561219
0.5642821410705352,-2.786418472594793
0.5647823911955978,-1.0415221179882694
0.5652826413206603,-1.8068007860427935
0.5657828914457228,0.05182758604554227
0.5662831415707853,-1.199486875472858
0.5667833916958479,0.007456568591249879
0.5672836418209104,-0.5445150992364116
0.5677838919459729,-2.2617224951998773
0.5682841420710355,-0.8382527309785047
0.568784392196098,0.2429076017156222
0.5692846423211605,-0.27735351110069184
0.5697848924462231,-1.611877356390311
0.5702851425712856,-1.356125306635274
0.5707853926963481,-2.9396431467227213
0.5712856428214107,-1.7779879835156722
0.5717858929464732,0.7919219075585571
0.5722861430715357,-1.2708878683497957
0.5727863931965983,-2.947733049394608
0.5732866433216608,-0.4864099629636148
0.5737868934467233,-0.8456325019310219
0.5742871435717859,-1.1753447554834093
0.5747873936968484,-2.0353620245774273
0.5752876438219109,-0.8489844804173314
0.5757878939469735,-0.9406358472743432
0.576288144072036,-0.9289320455026299
0.5767883941970985,0.18635970384473333
0.5772886443221611,-0.14656900050005361
0.5777888944472236,0.4710060925092894
0.5782891445722861,-0.33971902127700504
0.5787893946973486,-0.6803750036761662
0.5792896448224112,-0.11761396184029493
0.5797898949474737,-0.6087718036027103
0.5802901450725362,-1.709073371194175
0.5807903951975988,-1.0884947834216578
0.5812906453226613,-1.4492154896895995
0.5817908954477238,-1.2674754375998267
0.5822911455727864,-1.7836362014915905
0.5827913956978489,-0.2562917826160245
0.5832916458229114,-2.6425372181034534
0.583791895947974,-0.7388893935054803
0.5842921460730365,-2.7112431609329897
0.584792396198099,-0.5111736764980966
0.5852926463231616,-0.5068120485983623
0.5857928964482241,-0.540163986401495
0.5862931465732866,-0.5034698977089652
0.5867933966983492,0.4710163484507719
0.5872936468234117,-1.7537435408754085
0.5877938969484742,0.08870062527715117
0.5882941470735368,-1.178770278529259
0.5887943971985993,-1.9172397024791483
0.5892946473236618,-1.3706591125479162
0.5897948974487243,-1.117319050751508
0.5902951475737869,-1.0824994805440107
0.5907953976988494,-0.537968461509018
0.5912956478239119,0.20912678534380214
0.5917958979489745,-3.1002734148259927
0.592296148074037,-1.6025942175960355
0.5927963981990995,-2.5543144999302583
0.5932966483241621,-2.241411329358685
0.5937968984492246,-0.3347057732563783
0.5942971485742871,-3.038174171944223
0.5947973986993497,-2.5062700396268154
0.5952976488244122,-2.013750801785982
0.5957978989494747,-2.595274528096751
0.5962981490745373,-3.1112004685986907
0.5967983991995998,-0.7325125577767007
0.5972986493246623,-1.7819386825832089
0.5977988994497249,-0.45848037999555435
0.5982991495747874,-2.766555787012175
0.5987993996998499,-0.7604943699984504
0.5992996498249125,0.6489290550311053
0.599799899949975,-1.3139587934648027
0.6003001500750375,-1.2856932787840123
0.6008004002001001,2.1597832062147058
0.6013006503251626,-1.8025468175486092
0.601800900450225,-2.228520709479705
0.6023011505752875,-0.9407002605945485
0.6028014007003502,-0.9404469510719791
0.6033016508254126,-1.638085474877348
0.6038019009504751,-1.1363569627081815
0.6043021510755378,-0.9780291487047397
0.6048024012006002,-1.817277485277931
0.6053026513256627,-0.012202560786817918
0.6058029014507254,-1.9732546262295583
0.6063031515757878,-0.37549873312511095
0.6068034017008503,0.7056513625311658
0.607303651825913,-0.4948131746791742
0.6078039019509754,-2.6371897554665065
0.6083041520760379,-0.31602479495085345
0.6088044022011005,-1.1582645062612267
0.609304652326163,-2.4845425337585434
0.6098049024512255,-1.4781313711495787
0.6103051525762881,-1.5865879558829095
0.6108054027013506,-3.6062297356502273
0.6113056528264131,-4.631761770770389
0.6118059029514757,-2.0440792217190493
0.6123061530765382,-1.4654242396533577
0.6128064032016007,-2.9353034394550495
0.6133066533266633,-0.41500392573553524
0.6138069034517258,-1.6748730394327775
0.6143071535767883,-2.1473619666377584
0.6148074037018508,0.6010955592751683
0.6153076538269134,-2.2329100219476237
0.6158079039519759,-1.4056441066323695
0.6163081540770384,-1.2422506548729892
0.616808404202101,-1.0049824391037654
0.6173086543271635,-2.774164037916795
0.617808904452226,-3.394905541530568
0.6183091545772886,-0.3553048877423127
0.6188094047023511,-1.1716758615493645
0.6193096548274136,-1.4682169500820745
0.6198099049524762,-1.1701154841249455
0.6203101550775387,-1.3030787032332876
0.6208104052026012,-3.029629228457325
0.6213106553276638,-3.0983805400536886
0.6218109054527263,-1.5894923555125415
0.6223111555777888,-0.9709799954759812
0.6228114057028514,-2.3929325423830257
0.6233116558279139,-1.2901683072758832
0.6238119059529764,-1.1138627964705194
0.624312156078039,-0.4252502954410057
0.6248124062031015,-1.249631803190801
0.625312656328164,-2.0884626439402565
0.6258129064532265,-1.6203059577607692
0.6263131565782891,-1.007914623039095
0.6268134067033516,-0.7343604570735256
0.6273136568284141,-0.0860572867653373
0.6278139069534767,-0.8951294235815388
0.6283141570785392,-3.010388688263327
0.6288144072036017,-3.299478312526963
0.6293146573286643,-1.3597542147063062
0.6298149074537268,-2.822110236139686
0.6303151575787893,-1.799403060197083
0.6308154077038519,-2.2053714656959875
0.6313156578289144,-3.621717441855819
0.6318159079539769,-1.6284028659325562
0.6323161580790395,-1.0642832286410437
0.632816408204102,-2.6058049627039015
0.6333166583291645,-1.5532972409832064
0.6338169084542271,-4.7072820097539925
0.6343171585792896,-0.9327560470489883
0.6348174087043521,-0.8624683498489627
0.6353176588294147,-3.3505500679435416
0.6358179089544772,-2.237838096409087
0.6363181590795397,1.2604077961844844
0.6368184092046023,-0.24187021500453598
0.6373186593296648,-0.4020589752183845
0.6378189094547273,-0.14449328596891386
0.6383191595797898,-1.0642894599819006
0.6388194097048524,-0.5895957367153558
0.6393196598299149,-2.830237657240603
0.6398199099549774,-1.4787602620616351
0.64032016008004,0.1816617330009176
0.6408204102051025,-0.9340758947132765
0.641320660330165,-1.376009741202605
0.6418209104552276,-2.374655501851141
0.6423211605802901,0.1831798921030714
0.6428214107053526,-2.576345318457221
0.6433216608304152,-0.7109284533453328
0.6438219109554777,-1.167072075033201
0.6443221610805402,-0.32256854943981317
0.6448224112056028,-3.1386605579982763
0.6453226613306653,-0.48716848873130414
0.6458229114557278,0.12166355208416957
0.6463231615807904,-2.225855989566539
0.6468234117058529,-0.03277719592724315
0.6473236618309154,-0.4438982089921655
0.647823911955978,-1.0375633848849604
0.6483241620810405,-2.448131479834082
0.648824412206103,-3.2599152934503595
0.6493246623311655,-1.9623809819824651
0.6498249124562281,-1.3762383605261643
0.6503251625812906,-2.069083714902625
0.6508254127063531,0.10294718776715928
0.6513256628314157,-1.4095476040729795
0.6518259129564782,-1.3787136081046165
0.6523261630815407,-2.1523218187409876
0.6528264132066033,-0.9126034028212805
0.6533266633316658,-2.6453817753575173
0.6538269134567283,-1.9791754357043991
0.6543271635817909,-2.5992056853155474
0.6548274137068534,-1.1347674648878137
0.6553276638319159,-1.456059238262342
0.6558279139569785,-1.5739162856854978
0.656328164082041,-1.1604744138936807
0.6568284142071035,-0.48433769660906645
0.6573286643321661,-2.194099481076759
0.6578289144572286,0.7566546224738535
0.6583291645822911,-2.62992314415542
0.6588294147073537,-2.816428078653632
0.6593296648324162,-1.8844067437005594
0.6598299149574787,-4.94998290128177
0.6603301650825413,-0.8177980402935581
0.6608304152076038,-1.0778067125418311
0.6613306653326663,-2.0278338405907563
0.6618309154577288,-1.8137015428049352
0.6623311655827914,-0.6146425444833594
0.6628314157078539,-2.363224746860738
0.6633316658329164,-4.5099335881874465
0.663831915957979,-0.5176984175264112
0.6643321660830415,-2.0533071949602277
0.664832416208104,-1.555319639642092
0.6653326663331666,-1.9726974823358492
0.6658329164582291,-2.9058173939520575
0.6663331665832916,-0.6068861062350281
0.6668334167083542,-2.6764409363907116
0.6673336668334167,-1.4800986259719744
0.6678339169584792,-2.3567150151295024
0.6683341670835418,-4.077301390772226
0.6688344172086043,-1.5871598114836474
0.6693346673336668,-1.691874955436383
0.6698349174587294,-2.658556771801124
0.6703351675837919,-2.173885116491694
0.6708354177088544,-1.4603432250356616
0.671335667833917,-2.854532341235304
0.6718359179589795,-2.1472476504355744
0.672336168084042,0.06109894016424011
0.6728364182091046,-0.8538477905061546
0.673336668334167,-2.151539709651495
0.6738369184592296,-0.4676272403010844
0.674337168584292,-2.124932799345077
0.6748374187093547,-2.2838409856581534
0.6753376688344171,-1.86303296181665
0.6758379189594796,-3.9371104743472918
0.6763381690845423,-2.5547681348022215
0.6768384192096047,-0.8299336833416996
0.6773386693346672,-2.7684203142287416
0.6778389194597298,-2.121542860256519
0.6783391695847923,-1.7723518614162124
0.6788394197098548,-0.97516490687082
0.6793396698349174,-4.678807321135109
0.6798399199599799,-3.1264324806761885
0.6803401700850424,0.10521540029528609
0.680840420210105,-1.5528021025419632
0.6813406703351675,-0.6661523252760615
0.68184092046023,-3.977016903578594
0.6823411705852926,-0.7918795644411738
0.6828414207103551,0.18764565726653482
0.6833416708354176,0.19717227095062495
0.6838419209604802,-1.3014352512812544
0.6843421710855427,-2.2653808223481686
0.6848424212106052,-3.8132250389877376
0.6853426713356677,-0.6746971461824662
0.6858429214607303,-4.236932571993517
0.6863431715857928,-1.2112672391040644
0.6868434217108553,-1.2039475491862892
0.6873436718359179,-0.994823450455815
0.6878439219609804,-1.2893790244528147
0.6883441720860429,-0.7550212347445537
0.6888444222111055,0.6295556892512768
0.689344672336168,-1.3596672600840525
0.6898449224612305,-1.301004286674117
0.6903451725862931,-1.8503162233199206
0.6908454227113556,-0.46809398003306324
0.6913456728364181,-2.5026259350373437
0.6918459229614807,-2.2023869340059137
0.6923461730865432,0.1398100383493912
0.6928464232116057,-3.302847947938252
0.6933466733366683,-2.564129119939796
0.6938469234617308,-3.415528560277842
0.6943471735867933,-3.029952560887672
0.6948474237118559,-3.421123546260188
0.6953476738369184,-3.445160598450351
0.6958479239619809,-3.88337898826303
0.6963481740870435,-1.2253237086441628
0.696848424212106,0.0775453671297277
0.6973486743371685,-1.622911416243826
0.697848924462231,-1.5170931697601635
0.6983491745872936,-1.0942759514131133
0.6988494247123561,-3.700948287026657
0.6993496748374186,-1.9121365886451096
0.6998499249624812,-0.6978060711542593
0.7003501750875437,-1.5995807888438085
0.7008504252126062,-2.8385112301683235
0.7013506753376688,-1.2610318548746382
0.7018509254627313,-2.3307089894704887
0.7023511755877938,-1.5684611972812574
0.7028514257128564,-2.6059505274067547
0.7033516758379189,-3.067436172350459
0.7038519259629814,-3.1884269972344255
0.704352176088044,-2.9655668777350064
0.7048524262131065,-2.849369039043564
0.705352676338169,-3.807699135488309
0.7058529264632316,-2.664972120903506
0.7063531765882941,-1.8554406493363913
0.7068534267133566,-1.0760539395071966
0.7073536768384192,-2.153272968038877
0.7078539269634817,-1.5709410961250487
0.7083541770885442,-1.885262000930671
0.7088544272136067,-0.17457012468745714
0.7093546773386693,-2.319270376718666
0.7098549274637318,0.350878619563457
0.7103551775887943,-2.7957024750091346
0.7108554277138569,-0.9003766051398274
0.7113556778389194,0.16800832630762774
0.7118559279639819,-0.1397956521042374
0.7123561780890445,-4.191736782639316
0.712856428214107,-3.075094692435112
0.7133566783391695,-2.899127218262592
0.7138569284642321,-3.2135364017477195
0.7143571785892946,-0.980677430230965
0.7148574287143571,-2.4806249174716983
0.7153576788394197,-4.041002403116227
0.7158579289644822,-2.6199670272197944
0.7163581790895447,-2.4043206539020936
0.7168584292146073,-1.6798316079510849
0.7173586793396698,-2.9255131423514524
0.7178589294647323,-2.7343637199935826
0.7183591795897949,-2.808570063074739
0.7188594297148574,-2.861444212619665
0.7193596798399199,-1.9207352789685326
0.7198599299649825,-3.8307347502120717
0.720360180090045,-3.965130673082365
0.7208604302151075,-0.6876969671900497
0.72136068034017,-1.2966582205340331
0.7218609304652326,-3.688447833932943
0.7223611805902951,-2.158152285291703
0.7228614307153576,-2.694315289330118
0.7233616808404202,-1.5826415861145309
0.7238619309654827,-1.908986953299432
0.7243621810905452,-2.363355490718263
0.7248624312156078,0.27198802037648173
0.7253626813406703,-1.608300937887795
0.7258629314657328,-0.7619320259975546
0.7263631815907954,-1.992612873740291
0.7268634317158579,-2.2247604480842416
0.7273636818409204,-0.41056778077071
0.727863931965983,-2.8363924816648636
0.7283641820910455,-1.456788900764847
0.728864432216108,-2.2955996055754175
0.7293646823411706,-0.7089381236693868
0.7298649324662331,-1.4859782992448536
0.7303651825912956,-2.4842741929923955
0.7308654327163582,-2.2945119846467947
0.7313656828414207,-2.4612763631144587
0.7318659329664832,-0.7998000921683106
0.7323661830915458,-0.9705802209569057
0.7328664332166083,-3.2199843849516903
0.7333666833416708,-0.7065860222065343
0.7338669334667333,-3.443625168902524
0.7343671835917959,-2.433434868618619
0.7348674337168584,-3.123669115385672
0.7353676838419209,-2.3992264372836383
0.7358679339669835,-1.0813136420217995
0.736368184092046,-2.2748500436165333
0.7368684342171085,0.056597205548038376
0.7373686843421711,-2.3854390055684473
0.7378689344672336,-1.1539522532394448
0.7383691845922961,-2.346654596330006
0.7388694347173587,-1.405656333103669
0.7393696848424212,-0.6956099883976203
0.7398699349674837,-4.016292376926632
0.7403701850925463,-2.2310097322595555
0.7408704352176088,-2.6147263588037606
0.7413706853426713,-0.8609371212646695
0.7418709354677339,-2.2676704473672937
0.7423711855927964,-1.8993046274205516
0.7428714357178589,-1.8648690467626532
0.7433716858429215,-1.6387436160638509
0.743871935967984,-2.4550828667707107
0.7443721860930465,-4.077957505963275
0.744872436218109,-2.2864026327620843
0.7453726863431716,-2.37332741441904
0.745872936468234,-3.0224889332981624
0.7463731865932965,-0.4592743046492338
0.7468734367183592,-1.9796930581429832
0.7473736868434216,-2.289491165014225
0.7478739369684841,-3.1908156322165238
0.7483741870935467,-2.619423666294996
0.7488744372186092,-2.0364622079370203
0.7493746873436717,-2.4181120944094308
0.7498749374687343,-2.3938181233119384
0.7503751875937968,-1.2791193379903356
0.7508754377188593,-2.1537825578463283
0.751375687843922,-1.2835620799478349
0.7518759379689844,-3.3773185962761865
0.7523761880940469,-2.5201073107335272
0.7528764382191095,-3.6601657780064767
0.753376688344172,-1.502525772750392
0.7538769384692345,-3.6912204097239156
0.7543771885942971,-2.3281878189719882
0.7548774387193596,-3.1388855514249676
0.7553776888444221,-4.499837503889129
0.7558779389694847,-2.0933418628165334
0.7563781890945472,-0.6413823286080749
0.7568784392196097,-2.8743085491119773
0.7573786893446722,-3.879319585522792
0.7578789394697348,-0.49454653283503935
0.7583791895947973,-2.9276023062282803
0.7588794397198598,0.7781147805468265
0.7593796898449224,-1.3750674209283513
0.7598799399699849,-0.11648106388767698
0.7603801900950474,-4.911398483732715
0.76088044022011,0.3814385349128111
0.7613806903451725,-3.003369848529011
0.761880940470235,-1.7780188351239492
0.7623811905952976,-2.3132310411401513
0.7628814407203601,-0.865016074530202
0.7633816908454226,-2.0423628932319287
0.7638819409704852,-3.263390753585174
0.7643821910955477,-1.7677091598499446
0.7648824412206102,-2.5481880966893815
0.7653826913456728,-2.357229674158202
0.7658829414707353,-2.2389711879607455
0.7663831915957978,-2.823012600236289
0.7668834417208604,-3.131100148298273
0.7673836918459229,-1.42575637334476
0.7678839419709854,-3.604071450279202
0.7683841920960479,-1.1776530503362201
0.7688844422211105,-2.4867608101173246
0.769384692346173,-2.512611485899128
0.7698849424712355,-2.1648494565134135
0.7703851925962981,-0.8076024011345524
0.7708854427213606,-1.370560794462699
0.7713856928464231,-3.192175292135369
0.7718859429714857,-3.055396552789052
0.7723861930965482,-3.1068263236934808
0.7728864432216107,-2.4440654772674564
0.7733866933466733,-1.785729652752309
0.7738869434717358,-3.131040142275542
0.7743871935967983,-2.0420886867680528
0.7748874437218609,-2.10830910718646
0.7753876938469234,-2.7974672043019773
0.7758879439719859,-1.846253513376198
0.7763881940970485,-1.756915055343038
0.776888444222111,-3.578100092065147
0.7773886943471735,-1.6463543530279807
0.7778889444722361,-2.5005219892910624
0.7783891945972986,-2.4485296699023693
0.7788894447223611,0.524946890418515
0.7793896948474237,-1.68403257781867
0.7798899449724862,-1.006150039105532
0.7803901950975487,-2.693166544017628
0.7808904452226112,-2.134624900530432
0.7813906953476738,-1.7392674795691934
0.7818909454727363,-0.23665357306113233
0.7823911955977988,-3.6199617080669335
0.7828914457228614,-2.446587257128332
0.7833916958479239,-1.2598269050164812
0.7838919459729864,-2.0656789692471866
0.784392196098049,-0.8472379255750087
0.7848924462231115,-2.062453260290926
0.785392696348174,-4.785931442388495
0.7858929464732366,-0.13985473381445956
0.7863931965982991,-0.931563438309736
0.7868934467233616,-0.3902133805785488
0.7873936968484242,-1.8534716439224792
0.7878939469734867,-2.609808274429004
0.7883941970985492,-1.7876901024873615
0.7888944472236118,-1.880526321744499
0.7893946973486743,-2.7681133187953115
0.7898949474737368,-0.6111957432996526
0.7903951975987994,-2.0729472750866385
0.7908954477238619,-1.952969382705306
0.7913956978489244,-2.5388284206061558
0.791895947973987,-1.157055397546542
0.7923961980990495,-0.986709736744529
0.792896448224112,-2.4331585662298316
0.7933966983491745,-3.5379172374388954
0.7938969484742371,-2.7235232101357463
0.7943971985992996,-1.4785866445068934
0.7948974487243621,-1.2620961790505822
0.7953976988494247,-2.3391833037377205
0.7958979489744872,-2.0739110936763017
0.7963981990995497,-0.00990183856104121
0.7968984492246123,-1.578328237438623
0.7973986993496748,-3.146025569008566
0.7978989494747373,-3.7610848207461096
0.7983991995997999,-1.5502957912244661
0.7988994497248624,-0.9411894700060163
0.7993996998499249,-2.900151772034796
0.7998999499749875,-1.9999706595363373
0.80040020010005,1.063119057808002
0.8009004502251125,1.0767685243448093
0.8014007003501751,-2.893326923178736
0.8019009504752376,-1.7100783899186178
0.8024012006003001,-2.3999342804700814
0.8029014507253627,0.11897306531346197
0.8034017008504252,0.4456827634159868
0.8039019509754877,-1.5146201346629322
0.8044022011005502,-2.2019856720534667
0.8049024512256128,-1.0279210994970505
0.8054027013506753,-2.9787099449210155
0.8059029514757378,0.8416753945166373
0.8064032016008004,-1.2122067703594124
0.8069034517258629,-4.800014002251595
0.8074037018509254,-0.14722967400460107
0.807903951975988,-1.0393772447573548
0.8084042021010505,-3.6904457991747535
0.808904452226113,-2.4024707861699452
0.8094047023511756,-2.2663420785580377
0.8099049524762381,-2.8125929032682913
0.8104052026013006,-0.37223165734033414
0.8109054527263632,-2.3645339713360083
0.8114057028514257,-3.003468869007618
0.8119059529764882,-1.7147692668660768
0.8124062031015508,-1.443210951730928
0.8129064532266133,-0.5564959268768286
0.8134067033516758,-1.479195616078984
0.8139069534767384,-3.1927783064171784
0.8144072036018009,-2.352432191100693
0.8149074537268634,-1.834224624255528
0.815407703851926,0.3390720203817079
0.8159079539769885,-2.524557355447415
0.816408204102051,-0.13200252003077084
0.8169084542271134,-0.8655451016132992
0.817408704352176,-1.4351074704424769
0.8179089544772385,-1.162832891043738
0.818409204602301,-1.8946374261677705
0.8189094547273637,-2.4775101950399123
0.8194097048524261,-3.8289541946590533
0.8199099549774886,-5.169385353750643
0.8204102051025512,-1.9882677379893474
0.8209104552276137,-1.8287629552739244
0.8214107053526762,-1.5136014091924743
0.8219109554777388,-2.561734770221882
0.8224112056028013,-0.364128380668429
0.8229114557278638,-4.4148417265900095
0.8234117058529264,-1.5640746921986857
0.8239119559779889,-3.667926712081636
0.8244122061030514,-2.4067612226969834
0.824912456228114,-2.0744267733491157
0.8254127063531765,-0.46143192690312285
0.825912956478239,-0.522705157386341
0.8264132066033016,-1.28774983228557
0.8269134567283641,-2.341167178668589
0.8274137068534266,-1.3093473631569559
0.8279139569784892,-0.5276458088985354
0.8284142071035517,-1.6243040233980395
0.8289144572286142,-2.424673031469092
0.8294147073536767,-2.3031117474883502
0.8299149574787393,-2.0334542973777774
0.8304152076038018,-1.8656740788766981
0.8309154577288643,-2.7046427247091613
0.8314157078539269,-1.1513380009906724
0.8319159579789894,-2.3856578182153543
0.8324162081040519,-1.5360283554956418
0.8329164582291145,-3.233676246084335
0.833416708354177,-3.920249804695117
0.8339169584792395,-1.0302084535403928
0.8344172086043021,-4.902400612616122
0.8349174587293646,-3.429631509903759
0.8354177088544271,-1.5295503900222844
0.8359179589794897,-3.115288194407986
0.8364182091045522,-3.02950990981181
0.8369184592296147,-1.4107013677889317
0.8374187093546773,-3.414414083638201
0.8379189594797398,-1.6005696869057264
0.8384192096048023,-1.7933097616734326
0.8389194597298649,-2.041370511455076
0.8394197098549274,-1.0913276205035267
0.8399199599799899,-0.785280236263646
0.8404202101050524,-3.257384716331955
0.840920460230115,-1.3360043824264782
0.8414207103551775,-0.6946260320266457
0.84192096048024,-1.3615829818238132
0.8424212106053026,-1.4777062565200567
0.8429214607303651,0.45631942211611665
0.8434217108554276,-0.994218374048489
0.8439219609804902,-0.739563570252865
0.8444222111055527,-4.183662856863438
0.8449224612306152,0.01703933994212803
0.8454227113556778,0.6140387242832608
0.8459229614807403,-6.345640175675504
0.8464232116058028,-1.1549456647432836
0.8469234617308654,-0.202336787190051
0.8474237118559279,-0.10774909849150371
0.8479239619809904,0.24792463204282278
0.848424212106053,-2.2290377510729638
0.8489244622311155,-1.8412048937493597
0.849424712356178,-0.9830697804914835
0.8499249624812406,-4.5982621634785
0.8504252126063031,-5.648902968397225
0.8509254627313656,-1.2488820242279655
0.8514257128564282,-1.9537273422025507
0.8519259629814907,-3.5030076953198828
0.8524262131065532,0.9619250870665605
0.8529264632316157,0.2683430346167526
0.8534267133566783,-0.911885567936551
0.8539269634817408,0.338592057950994
0.8544272136068033,-2.6756415083071445
0.8549274637318659,0.050992888733958575
0.8554277138569284,-0.908524139439364
0.8559279639819909,-2.002402581580852
0.8564282141070535,-0.7277521931385507
0.856928464232116,-2.6846330964475857
0.8574287143571785,-2.8317009430510964
0.8579289644822411,-1.7080381470441013
0.8584292146073036,-0.1853820199188123
0.8589294647323661,-0.14539786991407788
0.8594297148574287,-1.3564237661710683
0.8599299649824912,-1.0092177775949183
0.8604302151075537,-0.7047202629981594
0.8609304652326163,-0.7733316667888159
0.8614307153576788,-0.0947814718330886
0.8619309654827413,-0.8537315877830015
0.8624312156078039,-2.6430379482213793
0.8629314657328664,-3.447383650545234
0.8634317158579289,-4.107668133560807
0.8639319659829914,-2.594770840167622
0.864432216108054,-1.0580880621079323
0.8649324662331165,0.07212885706694272
0.865432716358179,-1.0451957450709894
0.8659329664832416,-1.0539955041546445
0.8664332166083041,-0.5913729452676093
0.8669334667333666,-0.02886026791061269
0.8674337168584292,-3.868323678819733
0.8679339669834917,-2.4384236880035295
0.8684342171085542,1.1851151290718194
0.8689344672336168,-0.5561792608042169
0.8694347173586793,-0.49127195326654394
0.8699349674837418,-1.1385003912519318
0.8704352176088044,-4.796103773586163
0.8709354677338669,-1.9780977389268815
0.8714357178589294,-1.2194322201027545
0.871935967983992,-2.335562565657197
0.8724362181090545,-0.7435008659864447
0.872936468234117,-2.431057192345063
0.8734367183591796,-1.2416246079640139
0.8739369684842421,-1.6547757706150463
0.8744372186093046,-1.442161841443913
0.8749374687343672,-0.18679743869384646
0.8754377188594297,-0.8939579882435195
0.8759379689844922,-0.5692302787039101
0.8764382191095547,-0.12613433403674779
0.8769384692346173,-0.919994691909819
0.8774387193596798,-3.4602862213172156
0.8779389694847423,-0.6776863102884776
0.8784392196098049,-1.6799815256395354
0.8789394697348674,-3.770390102361917
0.8794397198599299,-1.4609399861759955
0.8799399699849925,-1.3576243244761341
0.880440220110055,-1.1299683366886657
0.8809404702351175,-3.06239821105196
0.8814407203601801,-2.0404167595928553
0.8819409704852426,-2.6837282056340626
0.882441220610305,-2.352276088567426
0.8829414707353677,-2.7863493148572003
0.8834417208604302,-1.5798882424986853
0.8839419709854927,-0.34504026212971917
0.8844422211105553,-1.730698932323179
0.8849424712356178,-3.677931977147211
0.8854427213606803,0.8442370134777974
0.8859429714857429,0.030068324363315302
0.8864432216108054,-0.7859401698885974
0.8869434717358678,-2.5303945276712287
0.8874437218609305,2.3192284545110207
0.887943971985993,-0.30839697859357706
0.8884442221110554,-2.4465172169711877
0.8889444722361179,0.10922180147076554
0.8894447223611806,-0.4075340863618415
0.889944972486243,1.366943198388976
0.8904452226113055,-0.05772408934838169
0.8909454727363681,-1.8342817078875024
0.8914457228614306,-1.2314672059037832
0.8919459729864931,-2.4851741764482527
0.8924462231115557,-0.7195560539946596
0.8929464732366182,-0.2091882191710246
0.8934467233616807,-2.8571185615063186
0.8939469734867433,0.6896702050205472
0.8944472236118058,-1.8782955740944893
0.8949474737368683,-1.6117661631196385
0.8954477238619309,-1.5352899431251057
0.8959479739869934,-1.2793985315912868
0.8964482241120559,0.04657664660486471
0.8969484742371185,-0.9528913824635468
0.897448724362181,-3.7747225543423646
0.8979489744872435,-1.9817633554872272
0.8984492246123061,-0.2876247819708829
0.8989494747373686,-1.0345439139842592
0.8994497248624311,-2.112233465810106
0.8999499749874936,-1.7505209304922345
0.9004502251125562,-3.3525987025568753
0.9009504752376187,-0.8739900445166023
0.9014507253626812,-2.5226537927260075
0.9019509754877438,0.4949008561761912
0.9024512256128063,-1.8913947168079217
0.9029514757378688,-0.3945037196439827
0.9034517258629314,-1.4353926568345075
0.9039519759879939,-0.6188626771678668
0.9044522261130564,-1.6862528818332247
0.904952476238119,-0.8792051967406658
0.9054527263631815,2.062628368401277
0.905952976488244,0.988506952507942
0.9064532266133066,-2.6898556639453695
0.9069534767383691,0.9139828500476883
0.9074537268634316,1.0345587830760734
0.9079539769884942,-0.23580111864453024
0.9084542271135567,0.8947569019391837
0.9089544772386192,-1.7882107578940614
0.9094547273636818,-0.18873674638969906
0.9099549774887443,-1.3681966294564034
0.9104552276138068,0.35352968549613717
0.9109554777388694,-3.0261946948168843
0.9114557278639319,-1.7642330882171948
0.9119559779889944,0.21881136808278345
0.9124562281140569,0.10689636426245253
0.9129564782391195,-1.4562981264344974
0.913456728364182,-0.3027570738826404
0.9139569784892445,1.3555415405528064
0.9144572286143071,0.5491828010880804
0.9149574787393696,0.4279575185231328
0.9154577288644321,-1.4171142622052917
0.9159579789894947,-3.5422867362377213
0.9164582291145572,-1.5573662600649665
0.9169584792396197,-0.10006131867712109
0.9174587293646823,0.35454540667699386
0.9179589794897448,-1.7518582267760463
0.9184592296148073,-2.892961046607855
0.9189594797398699,-0.5384596889073164
0.9194597298649324,-3.6200596939794405
0.9199599799899949,-0.28543959055315693
0.9204602301150575,-1.5999006724492237
0.92096048024012,-1.8688996874299613
0.9214607303651825,-5.314672433154726
0.9219609804902451,-2.0017878579126864
0.9224612306153076,0.4131910692641563
0.9229614807403701,1.4028264688855119
0.9234617308654326,-1.2497161471687588
0.9239619809904952,-0.2943363698251322
0.9244622311155577,-1.167572272191858
0.9249624812406202,-3.9441170001555372
0.9254627313656828,0.19946425160524417
0.9259629814907453,-1.501485696935035
0.9264632316158078,0.7315472776051559
0.9269634817408704,1.8310888712482494
0.9274637318659329,-2.4022526349710698
0.9279639819909954,-0.8966990479113551
0.928464232116058,0.9172494743411508
0.9289644822411205,0.35985586866180186
0.929464732366183,-0.39695976414626344
0.9299649824912456,-1.507805919528689
0.9304652326163081,-1.1930652819554692
0.9309654827413706,0.968764057499708
0.9314657328664332,-1.370776803807214
0.9319659829914957,-0.3915228818359318
0.9324662331165582,-0.6372246604189575
0.9329664832416208,0.14893506664964284
0.9334667333666833,-0.20500553862879844
0.9339669834917458,0.11640835320813425
0.9344672336168084,-2.3391960599221417
0.9349674837418709,-0.060115586661774634
0.9354677338669334,-0.006984155398062963
0.9359679839919959,0.8220746670313179
0.9364682341170585,-0.7333415640982651
0.936968484242121,-1.9619706619048092
0.9374687343671835,-0.7904355309761775
0.9379689844922461,-1.9499751903796938
0.9384692346173086,-2.234805133844387
0.9389694847423711,3.6791633065669753
0.9394697348674337,-0.5852990768121351
0.9399699849924962,0.2957232595682203
0.9404702351175587,-1.8573151818204203
0.9409704852426213,1.022231690202802
0.9414707353676838,0.2861772503348341
0.9419709854927463,-3.2128706496820527
0.9424712356178089,-1.1700105852677425
0.9429714857428714,1.166467024211281
0.9434717358679339,-2.123057339892438
0.9439719859929965,0.5983119093625684
0.944472236118059,-0.9384947312254638
0.9449724862431215,-0.9229472797362098
0.9454727363681841,-0.201614292749088
0.9459729864932466,-2.595145858921329
0.9464732366183091,-0.8795903107782017
0.9469734867433717,-0.5275774500874815
0.9474737368684342,-0.05907821819966408
0.9479739869934967,-2.4156103672590254
0.9484742371185592,-1.486852475059067
0.9489744872436218,-1.9995493667905353
0.9494747373686843,-2.768435790293028
0.9499749874937468,0.20129515110154594
0.9504752376188094,0.8412538554223546
0.9509754877438719,0.7259175772399107
0.9514757378689344,-1.7779643608897748
0.951975987993997,0.10998948186054658
0.9524762381190595,0.8000020595479891
0.952976488244122,-1.9280720912471867
0.9534767383691846,-1.4364541868691902
0.9539769884942471,0.4035968284015876
0.9544772386193096,-3.2229350981500726
0.9549774887443722,0.27692208058365986
0.9554777388694347,-0.8549147332150573
0.9559779889944972,-0.3980727273855745
0.9564782391195598,-2.300261905305026
0.9569784892446223,1.7661504081264137
0.9574787393696848,3.147316045139858
0.9579789894947474,1.1121319058535595
0.9584792396198099,0.7163150825616539
0.9589794897448723,-1.534472806669979
0.9594797398699348,0.6336977685730896
0.9599799899949975,-0.7427838093558646
0.96048024012006,-0.5947321326454483
0.9609804902451224,-0.1064517652862857
0.961480740370185,-1.9576369043681021
0.9619809904952475,1.6720574401884796
0.96248124062031,-1.2270938408779557
0.9629814907453726,1.3607490104991604
0.9634817408704351,-1.2544743932996905
0.9639819909954976,-3.826643228864597
0.9644822411205602,-0.8653169788249757
0.9649824912456227,-1.6809498229159578
0.9654827413706852,-0.7531917410157571
0.9659829914957478,-0.6981338812667015
0.9664832416208103,-1.4308984337488457
0.9669834917458728,0.044575346454792164
0.9674837418709354,2.978784559492982
0.9679839919959979,-0.6227825741155968
0.9684842421210604,-0.6243236151351392
0.968984492246123,1.6900380157711985
0.9694847423711855,-4.273956955376081
0.969984992496248,-0.8469553848807176
0.9704852426213106,-1.6836691760794844
0.9709854927463731,-1.6159729724461136
0.9714857428714356,1.2987198692239459
0.9719859929964981,-2.9854468946601336
0.9724862431215607,1.062563312013828
0.9729864932466232,-2.147374782917023
0.9734867433716857,0.571115354184389
0.9739869934967483,-1.1496601864196585
0.9744872436218108,-0.8325666337185407
0.9749874937468733,0.2751789087254275
0.9754877438719359,-1.2781385780237726
0.9759879939969984,0.6565619738402859
0.9764882441220609,3.1361981116272992
0.9769884942471235,2.4379519476825573
0.977488744372186,0.45845377314648683
0.9779889944972485,0.16645861568252962
0.9784892446223111,-1.9315413430312551
0.9789894947473736,-0.20454423650766318
0.9794897448724361,-0.431649236090604
0.9799899949974987,-1.5871202868754097
0.9804902451225612,-0.6941973365288029
0.9809904952476237,1.3739417315848448
0.9814907453726863,3.587589331778211
0.9819909954977488,-1.2849954460410828
0.9824912456228113,-1.4009664595803097
0.9829914957478738,-1.5258558006876644
0.9834917458729364,-1.8719037736291828
0.9839919959979989,-2.101517519739033
0.9844922461230614,-2.2051716338997154
0.984992496248124,-1.1742271868418592
0.9854927463731865,-1.1514335541839018
0.985992996498249,0.5607971948858373
0.9864932466233116,1.1794299886381012
0.9869934967483741,-2.5704881132933637
0.9874937468734366,-2.6897185416317217
0.9879939969984992,2.3075749943538373
0.9884942471235617,0.5416496323031026
0.9889944972486242,1.2974716265861916
0.9894947473736868,-1.9919222453831418
0.9899949974987493,1.7250036240363744
0.9904952476238118,-1.5807928393373576
0.9909954977488744,-0.16820568149868614
0.9914957478739369,2.271429427605357
0.9919959979989994,-0.5428587708074932
0.992496248124062,0.3600817043774219
0.9929964982491245,0.16426633038546118
0.993496748374187,-0.3527702115777658
0.9939969984992496,-1.3235177254016277
0.9944972486243121,-2.747314131851014
0.9949974987493746,-0.15361769055079338
0.9954977488744371,2.1146445173215906
0.9959979989994997,-1.1921322204313123
0.9964982491245622,0.7714875951137609
0.9969984992496247,-0.2822038731547649
0.9974987493746873,-2.142196584192843
0.9979989994997498,-0.09297307302991525
0.9984992496248123,2.274247974874656
0.9989994997498749,-0.116278489983082
0.9994997498749374,0.47753498732572064
1.0,3.7172265542770258
