0.0,-0.61445086922453
0.003143164235707647,1.9556198964992728
0.006286328471415294,-2.2720065846829183
0.009429492707122941,-0.5116826040536888
0.012572656942830588,2.5965063541687265
0.015715821178538234,1.3822994176599912
0.018858985414245882,-0.44022915856520034
0.022002149649953527,0.22282233449393482
0.025145313885661175,1.1721717181272964
0.028288478121368824,1.6568643115606165
0.03143164235707647,-0.4247005194231067
0.03457480659278411,-0.14274370214922555
0.037717970828491765,-0.754883921523148
0.04086113506419941,1.5432341939787753
0.044004299299907054,0.0020623720133885817
0.047147463535614706,-0.6702263891562105
0.05029062777132235,-0.6737669824189298
0.053433792007029995,0.470357962353339
0.05657695624273765,-0.045920270626641335
0.05972012047844529,0.46895634929868946
0.06286328471415294,-0.5408508432745711
0.06600644894986059,-2.5463025406265025
0.06914961318556823,-1.6193873663747784
0.07229277742127588,0.04415692719036677
0.07543594165698353,1.537509925995537
0.07857910589269117,-0.588562111964153
0.08172227012839882,1.0646606159819119
0.08486543436410647,-0.8395034562375747
0.08800859859981411,2.190286874410495
0.09115176283552176,-0.4301858250809462
0.09429492707122941,2.461655642292635
0.09743809130693705,-2.02708122766044
0.1005812555426447,-2.064372279305621
0.10372441977835235,-0.9157036115371645
0.10686758401405999,-2.1404707038239517
0.11001074824976764,1.7781127470046025
0.1131539124854753,-0.10952493447508715
0.11629707672118293,2.8081188461777966
0.11944024095689058,1.1450352231468803
0.12258340519259824,-3.0662939558733386
0.12572656942830587,0.3308045377372386
0.12886973366401352,2.036534029080661
0.13201289789972118,0.847169952124251
0.13515606213542883,1.6365464033400623
0.13829922637113645,-2.704543819634271
0.1414423906068441,-2.3251195631204125
0.14458555484255176,0.4843200232782797
0.1477287190782594,-0.7399609652915977
0.15087188331396706,-1.8815930151492608
0.1540150475496747,-0.6196489230082641
0.15715821178538233,-3.109466630210191
0.16030137602109,0.2910570027694651
0.16344454025679764,-0.7810605002084252
0.1665877044925053,0.735044119057274
0.16973086872821294,2.759813263923291
0.1728740329639206,1.3877556375933515
0.17601719719962822,-3.2090791140118538
0.17916036143533587,5.606623560399752
0.18230352567104352,-0.6378532444551362
0.18544668990675117,0.9862503441242259
0.18858985414245882,2.3924697234608403
0.19173301837816648,-0.20334709664403383
0.1948761826138741,2.100523086310481
0.19801934684958175,1.0369579933049755
0.2011625110852894,1.2125938273967511
0.20430567532099705,-1.9468712944002027
0.2074488395567047,-0.43344745765276027
0.21059200379241233,4.098402140974828
0.21373516802811998,-1.531903368812196
0.21687833226382763,-1.1652465983738116
0.22002149649953529,2.143333212723986
0.22316466073524294,-1.4070662344246627
0.2263078249709506,-0.5649895622988672
0.2294509892066582,0.45060678157775014
0.23259415344236586,1.5043788728238354
0.23573731767807352,-0.9809637334261003
0.23888048191378117,0.885270891171364
0.24202364614948882,-0.9848236918662436
0.24516681038519647,3.05974999199665
0.2483099746209041,-1.0914193133655197
0.25145313885661175,-0.31385283680710574
0.2545963030923194,1.5384118937429645
0.25773946732802705,0.15418850433778025
0.2608826315637347,-2.579101512679461
0.26402579579944235,2.3829800728602697
0.26716896003515,0.35594905938436405
0.27031212427085766,-3.885235749952271
0.2734552885065653,0.7902093061037994
0.2765984527422729,4.35555268069801
0.27974161697798056,2.1615575515888352
0.2828847812136882,-2.073044636383502
0.28602794544939586,-2.531427017009844
0.2891711096851035,-0.6663046370692185
0.29231427392081116,-0.49098053424109983
0.2954574381565188,-2.3819022466908923
0.29860060239222647,2.0628682967533583
0.3017437666279341,3.927535977639504
0.30488693086364177,1.066894022533947
0.3080300950993494,0.6028912134478731
0.311173259335057,3.289987666753684
0.31431642357076467,1.74003054048714
0.3174595878064723,1.1946087346220857
0.32060275204218,-0.8785041261241009
0.3237459162778876,0.06402047423964446
0.3268890805135953,-1.5204083284646743
0.3300322447493029,-1.2858034481221696
0.3331754089850106,3.9125006459411265
0.33631857322071823,0.1361067638204898
0.3394617374564259,1.362539381974395
0.34260490169213353,-3.1977726492032263
0.3457480659278412,1.649085502273323
0.3488912301635488,1.890230633626463
0.35203439439925643,0.20794040521439822
0.3551775586349641,-3.148444454884112
0.35832072287067174,-0.6880749091417995
0.3614638871063794,0.642007686666322
0.36460705134208704,4.619691114202964
0.3677502155777947,0.6465243796676949
0.37089337981350234,-2.697068808831526
0.37403654404921,4.936405020477665
0.37717970828491765,-0.8758721674527647
0.3803228725206253,2.0897352463050787
0.38346603675633295,2.1427704053742627
0.38660920099204055,0.383430598273065
0.3897523652277482,0.9900379802452004
0.39289552946345585,3.9400420824819293
0.3960386936991635,4.388829969322271
0.39918185793487115,3.3689206299338803
0.4023250221705788,1.7362929910911844
0.40546818640628646,2.191404402878688
0.4086113506419941,0.936619111665468
0.41175451487770176,0.8568121198566574
0.4148976791134094,0.3664924322823975
0.41804084334911706,-0.17632887803739616
0.42118400758482466,-3.4962070544116752
0.4243271718205323,-2.0553415641357695
0.42747033605623996,-5.843410476749145
0.4306135002919476,-1.2496334822334154
0.43375666452765527,-2.013327257887698
0.4368998287633629,1.3518796248439087
0.44004299299907057,-2.9097251342299266
0.4431861572347782,-2.9754053484655723
0.4463293214704859,-2.9329046793589795
0.4494724857061935,-6.187382779761755
0.4526156499419012,0.5019660643775872
0.45575881417760883,3.113010917868551
0.4589019784133164,3.0771419351864058
0.4620451426490241,-0.0329481575288148
0.46518830688473173,5.068360397278383
0.4683314711204394,1.1513432651181734
0.47147463535614703,0.23621258790814148
0.4746177995918547,-1.4651736222483558
0.47776096382756233,-4.114788374629937
0.48090412806327,3.5884873315860495
0.48404729229897764,2.292243811836301
0.4871904565346853,-0.01549571135834843
0.49033362077039294,4.49097110451251
0.4934767850061006,-2.367729553779934
0.4966199492418082,1.0782293248475847
0.49976311347751584,4.03917704802099
0.5029062777132235,-2.6520165199398518
0.5060494419489312,3.015172386181588
0.5091926061846388,-2.1434392605302226
0.5123357704203464,-3.1272359182030316
0.5154789346560541,0.3269255840420471
0.5186220988917617,-1.9831641118143586
0.5217652631274694,-5.351262894106267
0.524908427363177,-1.8666629462585207
0.5280515915988847,6.515626538310779
0.5311947558345923,-0.7977004441439137
0.5343379200703,-4.198083425467407
0.5374810843060076,3.292221874091967
0.5406242485417153,-2.1497922915003636
0.5437674127774229,-2.8468867813368
0.5469105770131306,2.28583749606357
0.5500537412488382,4.2184533172408845
0.5531969054845458,0.1959325071869738
0.5563400697202535,-1.398130475386404
0.5594832339559611,4.610581873155979
0.5626263981916688,1.0931474270617536
0.5657695624273764,5.394125192463926
0.5689127266630841,-1.4849247706925475
0.5720558908987917,1.2299336577274458
0.5751990551344994,2.833921293127741
0.578342219370207,-1.9368236798751344
0.5814853836059147,-1.0037076803703373
0.5846285478416223,-2.6789500939788664
0.5877717120773299,-1.1973003877080015
0.5909148763130376,1.7748324897633805
0.5940580405487452,6.1791032702703745
0.5972012047844529,4.054076964125418
0.6003443690201605,-5.553653249450725
0.6034875332558682,-0.1341123593112994
0.6066306974915758,-2.0159206057968597
0.6097738617272835,0.5174038294731489
0.6129170259629911,1.0334736917933114
0.6160601901986988,-1.1886871208479761
0.6192033544344064,2.0157560550259435
0.622346518670114,-0.35757375041092865
0.6254896829058217,0.21503789358899195
0.6286328471415293,-2.097861021578505
0.631776011377237,4.047876304321342
0.6349191756129446,2.267438909336113
0.6380623398486523,-1.6861757904224657
0.64120550408436,-0.7672089711431885
0.6443486683200677,0.266792079575604
0.6474918325557752,-2.367037231154119
0.650634996791483,2.2976074327928475
0.6537781610271906,5.04262526853557
0.6569213252628983,0.681803759351829
0.6600644894986059,-4.358775324399109
0.6632076537343135,-0.4792075540599047
0.6663508179700212,1.7031906811432944
0.6694939822057288,-2.1073716539867413
0.6726371464414365,3.958415907140205
0.6757803106771441,-1.2873463761949786
0.6789234749128518,-0.09800390121693514
0.6820666391485594,6.156241905437017
0.6852098033842671,-3.4668094096735196
0.6883529676199747,0.7215551757390977
0.6914961318556824,1.5451889839917352
0.69463929609139,2.1338300838770046
0.6977824603270976,-1.0220247673811569
0.7009256245628053,4.337001142225424
0.7040687887985129,-0.4450366922405494
0.7072119530342206,0.19563299105502757
0.7103551172699282,1.028510911868988
0.7134982815056359,0.4720791944372076
0.7166414457413435,3.1710238645768243
0.7197846099770512,3.96932088428028
0.7229277742127588,0.6031328849546853
0.7260709384484665,-1.049510108042444
0.7292141026841741,-0.3589947742529749
0.7323572669198817,-0.7860593528726565
0.7355004311555894,-3.7065330033311294
0.738643595391297,0.9742849671234901
0.7417867596270047,2.2182338405981064
0.7449299238627123,0.26761725537627445
0.74807308809842,3.055217363674459
0.7512162523341276,1.1467119854267032
0.7543594165698353,-4.980945107494438
0.7575025808055429,2.645171248539535
0.7606457450412506,-3.2419414131480297
0.7637889092769582,-0.6251865003993772
0.7669320735126659,-0.4733313265545135
0.7700752377483735,-1.5342740068404221
0.7732184019840811,-1.5853948088946441
0.7763615662197888,0.7918863477060036
0.7795047304554964,0.4762059934388308
0.7826478946912041,1.5038059222520328
0.7857910589269117,1.4048826978727473
0.7889342231626194,-0.2641133681915445
0.792077387398327,3.265995138811628
0.7952205516340347,0.7147986460611303
0.7983637158697423,-0.01815463203298351
0.80150688010545,0.9657237645609827
0.8046500443411576,-1.3825077763247355
0.8077932085768652,0.8275978194754803
0.8109363728125729,0.7820381516822849
0.8140795370482805,2.4630486587416933
0.8172227012839882,-0.4278359257022135
0.8203658655196958,1.378745372454956
0.8235090297554035,0.36755910769532696
0.8266521939911111,-1.4963275826430458
0.8297953582268188,-2.5187036725317036
0.8329385224625264,-2.0761321179093644
0.8360816866982341,1.9530108028694597
0.8392248509339417,0.8515183671896963
0.8423680151696493,-1.3085139925917573
0.845511179405357,-0.3515023006071649
0.8486543436410646,0.7808663689133004
0.8517975078767723,-0.2281490857292976
0.8549406721124799,-0.7519648948910005
0.8580838363481876,2.1911182540927845
0.8612270005838952,0.742865720456035
0.8643701648196029,-0.6143989342063657
0.8675133290553105,1.216458626289629
0.8706564932910182,0.11927608495056496
0.8737996575267258,0.5589836530891275
0.8769428217624335,-0.0182370376090345
0.8800859859981411,1.9493306489137359
0.8832291502338487,0.4824109696555544
0.8863723144695564,0.26892328872596805
0.889515478705264,1.2611296649271546
0.8926586429409717,0.9275358179006885
0.8958018071766793,2.4890292737141455
0.898944971412387,-0.0478862074417542
0.9020881356480946,0.7714823655678825
0.9052312998838024,1.2534099518666952
0.90837446411951,1.0260121352305713
0.9115176283552177,-1.259278692609605
0.9146607925909253,-0.7079310654489248
0.9178039568266328,1.3212105708261408
0.9209471210623406,2.8497387038886024
0.9240902852980482,2.1757991838728064
0.9272334495337559,-1.4007114366664624
0.9303766137694635,1.057380000997395
0.9335197780051712,1.63878799996058
0.9366629422408788,0.5604006135206323
0.9398061064765865,1.3687315036945638
0.9429492707122941,2.548142173365857
0.9460924349480018,1.23243433477199
0.9492355991837094,0.8065013334872025
0.952378763419417,1.559467413275339
0.9555219276551247,1.2773778862849037
0.9586650918908323,2.2201125916705564
0.96180825612654,0.38166275328292376
0.9649514203622476,0.01328833300010901
0.9680945845979553,2.2722986754907564
0.9712377488336629,0.9694776289967699
0.9743809130693706,1.3244942603731014
0.9775240773050782,0.8168094799729303
0.9806672415407859,0.24302473786836165
0.9838104057764935,1.159194806672317
0.9869535700122012,0.7320330949305447
0.9900967342479088,1.7326550174184252
0.9932398984836164,0.559276308244447
0.9963830627193241,1.5560673096170097
0.9995262269550317,2.2738307427826228
1.0026693911907394,2.104737991336446
1.005812555426447,0.8987177175042915
1.0089557196621546,0.6830961733474664
1.0120988838978624,3.2150309323751003
1.01524204813357,0.22317809090062013
1.0183852123692776,1.2899351037376388
1.0215283766049852,0.07878090925891856
1.0246715408406928,-0.9056713365460567
1.0278147050764006,0.351346003749212
1.0309578693121082,-0.19256333948595994
1.0341010335478158,0.876131897116862
1.0372441977835234,0.7246676439153269
1.0403873620192312,0.9951345400898417
1.0435305262549388,0.15397854779943798
1.0466736904906464,0.644985536296473
1.049816854726354,0.41011181483374454
1.0529600189620618,0.7125674601634086
1.0561031831977694,-0.7913656854497902
1.059246347433477,1.581243270812519
1.0623895116691846,1.392138831086498
1.0655326759048922,1.379769381069609
1.0686758401406,0.7369292443968468
1.0718190043763076,-1.370742259234557
1.0749621686120152,-0.7084866006625745
1.0781053328477228,1.8573771901126137
1.0812484970834306,1.3766540842414
1.0843916613191382,1.797852651731676
1.0875348255548458,1.3638636910024677
1.0906779897905534,-0.19187090263900142
1.0938211540262612,1.1297435614634739
1.0969643182619688,1.6896878194441864
1.1001074824976764,0.3322770010021807
1.103250646733384,-0.8273336762467294
1.1063938109690916,1.530760807152077
1.1095369752047994,0.5155668396605217
1.112680139440507,1.5520487078206084
1.1158233036762146,1.2361814224832481
1.1189664679119222,0.7777839086267445
1.12210963214763,0.9100234464234833
1.1252527963833376,0.006105817857877005
1.1283959606190452,0.7393582045683484
1.1315391248547528,1.062243043647447
1.1346822890904604,0.01967751465167067
1.1378254533261682,0.5803491136369325
1.1409686175618758,0.17415524127337478
1.1441117817975834,0.8997062638112008
1.147254946033291,1.920150756878047
1.1503981102689989,0.3534481982428428
1.1535412745047064,0.9532191869531097
1.156684438740414,1.886941930430631
1.1598276029761216,0.14312016372436165
1.1629707672118295,1.3108284858698913
1.166113931447537,0.8909727347391273
1.1692570956832447,0.3226254484787443
1.1724002599189522,0.9454620827471711
1.1755434241546598,0.7426742750213833
1.1786865883903677,1.5737840615467307
1.1818297526260753,0.9164312788070096
1.1849729168617829,0.3083474703181036
1.1881160810974905,0.6367741899626753
1.1912592453331983,1.4777343106861325
1.1944024095689059,1.081164675531726
1.1975455738046135,1.356825964696145
1.200688738040321,1.2825394518616644
1.2038319022760289,1.3587703828345452
1.2069750665117365,-0.06998153836117416
1.210118230747444,1.5565690447410763
1.2132613949831517,0.9956374413276836
1.2164045592188593,1.8255277697090735
1.219547723454567,0.316837823432922
1.2226908876902747,0.7827934694353246
1.2258340519259823,0.8746582522085254
1.2289772161616899,0.8891773178724083
1.2321203803973977,0.4559822926145664
1.2352635446331053,1.2161870644991055
1.2384067088688129,1.3962743477852664
1.2415498731045205,0.6858395585588861
1.244693037340228,1.7120853741228879
1.2478362015759359,0.5384793557549463
1.2509793658116435,0.8116906424434666
1.254122530047351,1.6102910067370981
1.2572656942830587,1.3025740037214757
1.2604088585187665,0.7976923530599088
1.263552022754474,0.9309527444633248
1.2666951869901817,0.7331041806548779
1.2698383512258893,0.8570811584836737
1.272981515461597,1.0214665123395419
1.2761246796973047,1.4918918653623736
1.2792678439330123,0.8776465367761215
1.28241100816872,1.08992391514021
1.2855541724044275,1.3253150755805048
1.2886973366401353,0.541834227713671
1.291840500875843,0.5969484223908548
1.2949836651115505,0.7663140833247388
1.298126829347258,0.5689207801202145
1.301269993582966,0.9403360434785204
1.3044131578186735,1.297829023156139
1.307556322054381,0.5232550082420947
1.3106994862900887,1.3570982030210357
1.3138426505257965,0.14043916979912996
1.3169858147615041,1.3336694377605522
1.3201289789972117,0.7085668783456065
1.3232721432329193,0.714875240645914
1.326415307468627,0.5560595604673815
1.3295584717043347,-0.4833561338551642
1.3327016359400423,0.8225365952666781
1.33584480017575,0.8214781135974836
1.3389879644114575,0.9331471028307228
1.3421311286471653,0.20231750768244017
1.345274292882873,1.7004453862189641
1.3484174571185805,1.0442242198237295
1.3515606213542881,1.0487332105192608
1.3547037855899957,0.6257686559040474
1.3578469498257035,0.7297505209749311
1.3609901140614111,1.0113906727444102
1.3641332782971187,1.1401305444199312
1.3672764425328263,0.6454289884767095
1.3704196067685341,1.120101302979686
1.3735627710042417,0.7478660359629529
1.3767059352399493,1.0249782507700576
1.379849099475657,0.30252375039716073
1.3829922637113647,0.9644723255088562
1.3861354279470723,1.3979139102236544
1.38927859218278,2.068262209387785
1.3924217564184875,1.0910453083682583
1.3955649206541951,1.5640697154363257
1.398708084889903,1.19223617818507
1.4018512491256105,0.9015338517207099
1.4049944133613181,0.6124547418193804
1.4081375775970257,1.1563041203122169
1.4112807418327336,0.738735489711875
1.4144239060684412,0.8541479492740038
1.4175670703041487,0.9130905373261906
1.4207102345398563,1.0038716474632188
1.4238533987755642,1.3857856203959076
1.4269965630112718,1.853817987910321
1.4301397272469794,1.1529932082486267
1.433282891482687,0.8591387806914949
1.4364260557183945,1.1462048163940843
1.4395692199541024,1.585516942672269
1.44271238418981,0.9819212450550174
1.4458555484255176,0.6928856560502172
1.4489987126612252,0.9487316854587418
1.452141876896933,1.0045911937454364
1.4552850411326406,2.2687911480703393
1.4584282053683482,0.7529488472635621
1.4615713696040558,1.1326206133024153
1.4647145338397634,0.8838945833434462
1.4678576980754712,1.4309634578305728
1.4710008623111788,1.0884350192540913
1.4741440265468864,1.1085515221834363
1.477287190782594,0.9731310641221242
1.4804303550183018,0.7754279520119691
1.4835735192540094,1.0011612143681332
1.486716683489717,0.4349445185189732
1.4898598477254246,0.7243238197199918
1.4930030119611324,0.8570593925316983
1.49614617619684,1.0006720416411228
1.4992893404325476,1.0495096820522092
1.5024325046682552,0.8492269880417747
1.5055756689039628,1.1270893673388573
1.5087188331396706,0.8868189650161169
1.5118619973753782,1.4350136435438696
1.5150051616110858,1.3948190849717252
1.5181483258467934,1.1899147393883467
1.5212914900825012,0.17630522489353373
1.5244346543182088,0.7137437792148862
1.5275778185539164,0.9563242918532274
1.530720982789624,1.2009084077120926
1.5338641470253318,1.207729014140449
1.5370073112610394,1.2807217153541826
1.540150475496747,1.0997850891811738
1.5432936397324546,0.6668984834904468
1.5464368039681622,1.0008102360320212
1.54957996820387,1.398295857830742
1.5527231324395776,0.6831984487643977
1.5558662966752852,1.3162086446472856
1.5590094609109928,1.2516402034831067
1.5621526251467006,0.551915204129606
1.5652957893824082,0.8579121089452613
1.5684389536181158,0.9443488857756118
1.5715821178538234,1.2328693750671929
1.574725282089531,0.568158419417597
1.5778684463252388,0.337677538093775
1.5810116105609464,1.0510630967779726
1.584154774796654,1.393487091033217
1.5872979390323616,0.8033066696201517
1.5904411032680694,1.4150640600191071
1.593584267503777,1.3361660478374473
1.5967274317394846,1.3050929755951417
1.5998705959751922,1.3340699182539322
1.6030137602109,1.234973150787697
1.6061569244466076,1.214175744734634
1.6093000886823152,0.7388716344361683
1.6124432529180228,1.3657005937277353
1.6155864171537304,0.9737595990862679
1.6187295813894382,1.1845759300151748
1.6218727456251458,0.8823990007760918
1.6250159098608534,1.6253925388918584
1.628159074096561,0.570393790617821
1.6313022383322688,0.5387765599204195
1.6344454025679764,1.3275323325038095
1.637588566803684,0.3260605442096385
1.6407317310393916,1.220936558143885
1.6438748952750994,0.8826347978988258
1.647018059510807,0.8310823885278673
1.6501612237465146,1.583169872252232
1.6533043879822222,0.6810031108733834
1.6564475522179298,1.304517398891258
1.6595907164536376,0.5588930519924201
1.6627338806893452,1.4494896079545365
1.6658770449250528,0.31398667021697735
1.6690202091607604,0.6211975281986477
1.6721633733964683,0.7614867612593074
1.6753065376321759,0.7154107648242766
1.6784497018678834,1.0205162679308197
1.681592866103591,0.522416080459121
1.6847360303392986,1.2291656353056
1.6878791945750065,1.5848890007826166
1.691022358810714,0.7422969796513647
1.6941655230464217,0.8467007266308375
1.6973086872821292,0.6363810406436453
1.700451851517837,1.5153004686645406
1.7035950157535447,0.1462699309349168
1.7067381799892523,1.4001161079180626
1.7098813442249599,1.2758299488414897
1.7130245084606677,0.7913023004086686
1.7161676726963753,1.7288750736054475
1.7193108369320829,1.0344070135938501
1.7224540011677905,1.1838420832282623
1.725597165403498,1.139305229602649
1.7287403296392059,1.485954725515259
1.7318834938749135,0.6175136094535543
1.735026658110621,0.6779748307282416
1.7381698223463287,0.5070896069995936
1.7413129865820365,1.3209483384787326
1.744456150817744,0.4108679042142753
1.7475993150534517,0.9267658431092887
1.7507424792891593,2.1129559051530045
1.753885643524867,1.210995960760816
1.7570288077605747,0.8569613629604098
1.7601719719962823,0.7633377028998533
1.7633151362319899,1.1932683428989874
1.7664583004676975,0.6386422316962665
1.7696014647034053,0.6064145317661218
1.7727446289391129,0.5069431629628092
1.7758877931748205,0.7133611239300022
1.779030957410528,0.8629273006640422
1.782174121646236,0.6226709673462794
1.7853172858819435,1.3542233024136816
1.788460450117651,1.3528384214072404
1.7916036143533587,0.2808356318582621
1.7947467785890663,0.22907214112032248
1.797889942824774,1.38535092080846
1.8010331070604817,1.3876471642583126
1.8041762712961893,0.9804668668990748
1.807319435531897,0.22949546456926828
1.8104625997676047,1.305233870541258
1.8136057640033123,1.7829974704810243
1.81674892823902,0.9309115783675035
1.8198920924747275,0.6324415051747425
1.8230352567104353,1.8304539853041368
1.826178420946143,1.3250634710076699
1.8293215851818505,-0.021790155253665122
1.832464749417558,0.5761390537742168
1.8356079136532657,0.47592528019824054
1.8387510778889735,0.518299931597553
1.8418942421246811,1.1349836401693074
1.8450374063603887,0.9889841978872211
1.8481805705960963,0.734402316305629
1.8513237348318041,2.565962114423632
1.8544668990675117,0.6739873718520546
1.8576100633032193,0.8280363338836102
1.860753227538927,0.23728924024533882
1.8638963917746347,1.3142405058083146
1.8670395560103423,1.0609682650163323
1.87018272024605,1.3445583875408618
1.8733258844817575,0.7092590223136445
1.8764690487174651,1.1857649136761312
1.879612212953173,-0.32954851500771554
1.8827553771888805,1.9472719161584178
1.8858985414245881,0.8912729049643225
1.8890417056602957,1.3972160309695145
1.8921848698960035,1.2114117060482579
1.8953280341317111,0.8077035253188675
1.8984711983674187,0.1391686555148519
1.9016143626031263,1.186289806415533
1.904757526838834,2.514117930375102
1.9079006910745417,1.8725152829771416
1.9110438553102493,1.5904846847514384
1.914187019545957,0.43597508248348804
1.9173301837816645,1.463867394330993
1.9204733480173724,-0.47084108780854916
1.92361651225308,1.4986678197599788
1.9267596764887875,0.9584300776420026
1.9299028407244951,0.43611330428732
1.933046004960203,1.083932077889382
1.9361891691959106,1.310351898129557
1.9393323334316181,0.20964692238907234
1.9424754976673257,2.330589743822776
1.9456186619030333,0.5910030795061954
1.9487618261387412,2.2889558037608286
1.9519049903744488,0.7588244089221166
1.9550481546101564,1.3074281689220582
1.958191318845864,0.3134842973230183
1.9613344830815718,0.7975215899159582
1.9644776473172794,1.1539749384810025
1.967620811552987,1.1682406520262074
1.9707639757886946,1.2711303695259113
1.9739071400244024,-0.03457545828367903
1.97705030426011,2.13937315901431
1.9801934684958176,0.9234467836014641
1.9833366327315252,1.6051252818381778
1.9864797969672328,0.7526283907756665
1.9896229612029406,1.064598181520772
1.9927661254386482,-0.6197074548701321
1.9959092896743558,0.6324932695091916
1.9990524539100634,0.01939759248985562
2.002195618145771,0.9442954481263095
2.005338782381479,0.2358981587832295
2.0084819466171866,-1.0123578889674527
2.011625110852894,0.7707367309979498
2.014768275088602,0.25599236039133544
2.017911439324309,0.36693358430883904
2.021054603560017,-0.8323597185507408
2.024197767795725,3.3704170544643004
2.027340932031432,0.17003024143259682
2.03048409626714,0.21070976182536028
2.0336272605028474,1.9332176336588796
2.036770424738555,1.0781313264143975
2.039913588974263,1.9592247310400217
2.0430567532099704,4.428378532148875
2.046199917445678,-1.0550896129616298
2.0493430816813856,0.05991756709988216
2.0524862459170934,0.815735417668788
2.055629410152801,1.3692278717954123
2.0587725743885086,0.2122082888634016
2.0619157386242164,0.5567740900230118
2.065058902859924,-0.6037248484919642
2.0682020670956316,2.3477244498574157
2.0713452313313394,0.4670757943802155
2.074488395567047,-0.007386807269033735
2.0776315598027546,1.0240237240291796
2.0807747240384624,1.9204594451508668
2.08391788827417,1.640680364243451
2.0870610525098776,-0.5525013379178721
2.090204216745585,1.8457050123441436
2.093347380981293,0.7242622232873099
2.0964905452170006,-0.00797485906141715
2.099633709452708,1.3475035630161416
2.102776873688416,-1.1014146148300046
2.1059200379241236,0.744079686133609
2.109063202159831,2.8300455376712135
2.112206366395539,0.6467927511772145
2.115349530631246,1.8267939939915048
2.118492694866954,0.1287769382707491
2.121635859102662,-1.2457400373796044
2.124779023338369,0.5954917899806909
2.127922187574077,1.1149730947839183
2.1310653518097844,-1.3011753469399774
2.134208516045492,1.5180159529531032
2.1373516802812,3.8624077621124986
2.1404948445169074,0.9800054751002945
2.1436380087526152,1.2797291104222959
2.146781172988323,0.5170436212605931
2.1499243372240304,0.1960504527241972
2.1530675014597382,0.6917053007350089
2.1562106656954456,1.2780358262399565
2.1593538299311534,4.401612378825062
2.1624969941668613,2.826819254388977
2.1656401584025686,-2.0730321356893966
2.1687833226382764,2.16131969639366
2.171926486873984,3.6705074572243124
2.1750696511096916,0.26664506658021314
2.1782128153453995,-1.0068379454935767
2.181355979581107,0.6139870797815954
2.1844991438168146,-0.14325604371008904
2.1876423080525225,-0.7285035093054014
2.19078547228823,-2.8139832854172835
2.1939286365239377,3.1814541059881636
2.197071800759645,1.291644060954859
2.200214964995353,1.7177621504153366
2.2033581292310607,3.9519227077765677
2.206501293466768,0.544548849424947
2.209644457702476,3.038217177950551
2.2127876219381832,0.8995435195670437
2.215930786173891,0.4021432383045466
2.219073950409599,0.8172484117505558
2.2222171146453062,-0.4494135972497053
2.225360278881014,0.29545910579461704
2.228503443116722,1.8398085528327657
2.2316466073524293,1.2082358184377548
2.234789771588137,0.054614503462026676
2.2379329358238444,2.088478985220152
2.2410761000595523,1.1289895047854754
2.24421926429526,-0.039625169851026154
2.2473624285309675,1.7868078687025752
2.2505055927666753,-0.9599346489380994
2.2536487570023827,1.4524314327211563
2.2567919212380905,-1.1748651255096263
2.2599350854737983,2.57350225794535
2.2630782497095057,-1.3268016673404497
2.2662214139452135,1.1221972061282075
2.269364578180921,-1.1357491718875483
2.2725077424166287,-0.4113969479924996
2.2756509066523365,2.4034536328917557
2.278794070888044,-0.5819527379718317
2.2819372351237517,-1.3490251921691718
2.2850803993594595,0.023875445912614923
2.288223563595167,2.960685066935595
2.2913667278308747,-1.0917717049714104
2.294509892066582,-1.0706273895248912
2.29765305630229,2.784215106942928
2.3007962205379977,-1.1836383312621992
2.303939384773705,0.6940504215864021
2.307082549009413,-2.6321896440353503
2.3102257132451203,3.761108979788432
2.313368877480828,2.726790850228968
2.316512041716536,3.975899404782701
2.3196552059522433,1.2114759401315507
2.322798370187951,-3.473977299440614
2.325941534423659,2.519222959704564
2.3290846986593663,-1.0612910680243202
2.332227862895074,4.340192540228278
2.3353710271307815,1.0423359998438357
2.3385141913664893,4.141035930194445
2.341657355602197,-1.5301765351993695
2.3448005198379045,-0.6425421838316917
2.3479436840736123,2.850271153749785
2.3510868483093197,0.4221052722990473
2.3542300125450275,3.9594726016278683
2.3573731767807353,0.743452983570461
2.3605163410164427,-1.9761716026035256
2.3636595052521505,-2.675920715179909
2.3668026694878583,3.0689366168348013
2.3699458337235657,2.2149332774288055
2.3730889979592735,3.1679185345572454
2.376232162194981,3.0677407331351665
2.3793753264306887,6.601107932212791
2.3825184906663965,1.1435600079065924
2.385661654902104,0.44172153672446224
2.3888048191378117,-2.7546997672492948
2.391947983373519,2.7455767879974107
2.395091147609227,0.03577689815078999
2.3982343118449347,-0.2288389331326589
2.401377476080642,0.9096199521347363
2.40452064031635,-0.6769294644761757
2.4076638045520578,1.0343479649355851
2.410806968787765,4.312483348700401
2.413950133023473,1.9766124129661378
2.4170932972591803,2.8143838995975727
2.420236461494888,-1.8476305532868291
2.423379625730596,2.728271388354791
2.4265227899663033,-0.9638022224132731
2.429665954202011,-0.8771647966635826
2.4328091184377185,1.1970471600862607
2.4359522826734263,1.8648407943647018
2.439095446909134,6.524078079274948
2.4422386111448415,-3.404981244844162
2.4453817753805493,1.3645117898772203
2.448524939616257,-1.4302690821075275
2.4516681038519645,-1.1833168849911568
2.4548112680876724,2.7040962534558917
2.4579544323233797,3.3687109776987088
2.4610975965590876,2.459430871491006
2.4642407607947954,-1.793185305248349
2.4673839250305027,-0.3150789416493609
2.4705270892662106,-7.15578674446589
2.473670253501918,0.03698015903296803
2.4768134177376258,-1.1967209283835771
2.4799565819733336,0.33063286131783226
2.483099746209041,1.3276538547135686
2.4862429104447488,3.4094048462248674
2.489386074680456,-1.9627470549751587
2.492529238916164,-1.0787760948005662
2.4956724031518718,1.436077982309191
2.498815567387579,-4.214577831947185
2.501958731623287,-0.7741977031885179
2.505101895858995,0.24158912660534587
2.508245060094702,-1.1548392453242446
2.51138822433041,1.6978735007833925
2.5145313885661174,0.7272806412078049
2.517674552801825,3.5465098728503976
2.520817717037533,4.229375877587466
2.5239608812732404,-0.6262922849008552
2.527104045508948,2.1352883403056713
2.5302472097446556,1.8186098781911622
2.5333903739803634,-0.5975603512235959
2.536533538216071,-3.9219616932675847
2.5396767024517786,-2.8953668633846505
2.5428198666874864,0.9548785837319577
2.545963030923194,-3.2375735063483013
2.5491061951589016,-0.8668483844027016
2.5522493593946094,2.70616610196898
2.5553925236303168,2.8623708197537603
2.5585356878660246,-1.5448248922438892
2.5616788521017324,0.8947922941704657
2.56482201633744,-0.02363732152587139
2.5679651805731476,1.4129291655797591
2.571108344808855,-2.1424496731859772
2.574251509044563,-1.9137930343462972
2.5773946732802706,-3.4894954098986206
2.580537837515978,6.373914746174832
2.583681001751686,0.45221478465574816
2.5868241659873936,-1.452872676163249
2.589967330223101,-0.23919335256991792
2.593110494458809,0.5487663572179022
2.596253658694516,-0.7718334579079071
2.599396822930224,0.7535761175794081
2.602539987165932,-0.4947971432811905
2.605683151401639,-1.627319750307231
2.608826315637347,3.0120737437582554
2.6119694798730544,-0.8756357058631241
2.615112644108762,0.2156314409112558
2.61825580834447,1.8115782937293186
2.6213989725801774,0.5017287858059544
2.624542136815885,-0.6360777741313595
2.627685301051593,0.006394461268860896
2.6308284652873004,1.9233493133967832
2.6339716295230082,0.17800248215470943
2.6371147937587156,-0.7635072004300896
2.6402579579944234,1.8731841218019831
2.6434011222301312,4.198364899823892
2.6465442864658386,2.4241149090272613
2.6496874507015464,0.3473097104427446
2.652830614937254,-0.4701770715620422
2.6559737791729616,-0.49405099834330796
2.6591169434086694,2.3410831363573905
2.662260107644377,0.6116910852305033
2.6654032718800846,-4.257868003105416
2.6685464361157925,1.23473632522283
2.6716896003515,2.4746910064930625
2.6748327645872076,1.3981061264462356
2.677975928822915,3.929498116002693
2.681119093058623,2.510698766092808
2.6842622572943307,2.2677680210068245
2.687405421530038,-1.2003125699497696
2.690548585765746,2.8087477338564995
2.6936917500014532,1.8140061180744453
2.696834914237161,-2.0511765077685418
2.699978078472869,-1.2569062255153205
2.7031212427085762,1.7383236893523006
2.706264406944284,0.20470379570601124
2.7094075711799914,1.9684130712427004
2.7125507354156992,-1.6177475829759165
2.715693899651407,6.326329461224312
2.7188370638871144,1.7240628633162118
2.7219802281228223,-3.466062725856082
2.72512339235853,1.439635765372419
2.7282665565942374,-3.5177926977412994
2.7314097208299453,-2.7995605793107607
2.7345528850656526,-5.879963845012924
2.7376960493013605,-0.1665941204904915
2.7408392135370683,-2.642226901195954
2.7439823777727756,0.2057063823633677
2.7471255420084835,-2.2739348681167684
2.750268706244191,0.6655043620564113
2.7534118704798987,0.30051781019582974
2.7565550347156065,-0.10240282439088283
2.759698198951314,1.0403331646387786
2.7628413631870217,-0.28456411921117486
2.7659845274227295,0.08753888456157755
2.769127691658437,-0.8819967188772612
2.7722708558941447,2.030932316509089
2.775414020129852,0.555240776237037
2.77855718436556,3.34897402649778
2.7817003486012677,3.2664177876773746
2.784843512836975,0.06614700339542245
2.787986677072683,2.0590710669832566
2.7911298413083903,1.2268854832621718
2.794273005544098,-0.5681666651414274
2.797416169779806,0.016860548889864824
2.8005593340155133,2.9863255043726475
2.803702498251221,1.8684856883454968
2.806845662486929,1.1310640075929614
2.8099888267226363,2.1158434345724935
2.813131990958344,-2.809387926660711
2.8162751551940515,3.377158938150686
2.8194183194297593,1.7716296894878734
2.822561483665467,1.2881268698923534
2.8257046479011745,0.566166755001017
2.8288478121368823,0.6513692043967765
2.8319909763725897,-1.0146503549511316
2.8351341406082975,3.748560118194664
2.8382773048440053,-2.3852471305134157
2.8414204690797127,-0.44177935652529343
2.8445636333154205,-0.5124525556141967
2.8477067975511283,-1.9601405943644923
2.8508499617868357,0.78750201295263
2.8539931260225435,-1.939391497358995
2.857136290258251,0.07765550404798224
2.8602794544939587,2.2468225835188065
2.8634226187296665,0.2520101913954575
2.866565782965374,4.4439584896978275
2.8697089472010817,-0.659316900537505
2.872852111436789,-1.1743862198174642
2.875995275672497,-0.5103369439801597
2.8791384399082047,1.8763497444846977
2.882281604143912,-1.7362181851168685
2.88542476837962,2.2564133523857546
2.8885679326153277,0.2182348402362785
2.891711096851035,0.7593192750186779
2.894854261086743,-0.408873396879155
2.8979974253224503,-1.5912070572036145
2.901140589558158,1.4771988176079267
2.904283753793866,-1.4118788754220446
2.9074269180295733,0.2879314223392648
2.910570082265281,1.4300250169918702
2.9137132465009885,0.699940247545634
2.9168564107366963,-1.3066567416706973
2.919999574972404,1.8894589644534394
2.9231427392081115,-2.6431232251637753
2.9262859034438193,1.7152417276819256
2.9294290676795267,-0.9581212086483833
2.9325722319152345,0.8360339229317156
2.9357153961509423,0.9293220782472246
2.9388585603866497,1.2407774762354051
2.9420017246223575,-1.0822757470850792
2.9451448888580654,0.1686865276688875
2.9482880530937727,0.6642197264325681
2.9514312173294805,0.7109172285093883
2.954574381565188,0.15286952164949152
2.9577175458008957,-0.11487088820195332
2.9608607100366036,-1.0811212965157502
2.964003874272311,2.8038674847264002
2.9671470385080188,-1.1816352988748189
2.970290202743726,-1.0601377677580106
2.973433366979434,1.6503163257665532
2.9765765312151418,-2.259310961812281
2.979719695450849,-0.2688889826886868
2.982862859686557,1.6169569250654843
2.9860060239222648,0.9476063066305032
2.989149188157972,-0.03811811938491147
2.99229235239368,-0.5049348908096459
2.9954355166293873,-0.641675748288794
2.998578680865095,0.4019992498838657
3.001721845100803,1.1974848501674353
3.0048650093365104,0.09959949341372137
3.008008173572218,0.010857463591231992
3.0111513378079255,-1.322013156465164
3.0142945020436334,0.8652377387444499
3.017437666279341,-0.11032908164661545
3.0205808305150486,1.4204323340552483
3.0237239947507564,-0.35731374637797597
3.026867158986464,0.915902923174246
3.0300103232221716,0.47025612700875224
3.0331534874578794,-0.9775913372865827
3.0362966516935868,0.46518758645621594
3.0394398159292946,0.7380310376307481
3.0425829801650024,0.03253495725716071
3.0457261444007098,0.6442033696981037
3.0488693086364176,1.4183498746252978
3.052012472872125,-0.10279743487277293
3.0551556371078328,-0.06010821769346991
3.0582988013435406,1.4575139509077963
3.061441965579248,0.7317798782742366
3.064585129814956,-0.5634318159576251
3.0677282940506636,0.592725486551613
3.070871458286371,-0.25834199655824125
3.074014622522079,0.5295712248942073
3.077157786757786,0.1313871569106587
3.080300950993494,0.47098346168154237
3.083444115229202,-0.6611937439635829
3.086587279464909,0.31308324150280964
3.089730443700617,-0.015545407224849997
3.0928736079363244,0.38450695028298265
3.096016772172032,1.3461001944065283
3.09915993640774,0.17726980385850832
3.1023031006434474,-0.48865317101730843
3.105446264879155,-0.19885065474881025
3.108589429114863,-0.11669925225361791
3.1117325933505704,0.45768665020809585
3.114875757586278,-0.10596015869478892
3.1180189218219856,-0.1794868980333123
3.1211620860576934,0.4294947970343729
3.1243052502934012,-0.05298902551823023
3.1274484145291086,0.6395165301819672
3.1305915787648164,-0.6710087195678572
3.133734743000524,1.2777639647701147
3.1368779072362316,0.5572375629263999
3.1400210714719394,-0.4331430271797347
3.143164235707647,-0.34016504866174946
3.1463073999433546,-0.3285459443209387
3.149450564179062,-0.1860434563646042
3.15259372841477,-0.5863337924283897
3.1557368926504776,0.37564637433246534
3.158880056886185,-0.2827799661822626
3.162023221121893,0.40324697132916976
3.1651663853576006,0.13437981384437392
3.168309549593308,-0.2441563163984222
3.171452713829016,-0.31364050124642473
3.174595878064723,0.4324905044567371
3.177739042300431,-1.0593114754529134
3.180882206536139,-0.9542767148760939
3.184025370771846,-1.1776842281123587
3.187168535007554,-0.039095579369364766
3.1903116992432614,-0.9107181473884605
3.1934548634789692,-0.18289698654501851
3.196598027714677,0.2312444520814231
3.1997411919503844,-0.46663369219447615
3.2028843561860922,-0.4449083139854702
3.2060275204218,-0.3847838228136279
3.2091706846575074,0.2405956957946636
3.2123138488932153,-0.07237345186405343
3.2154570131289226,0.4778508275144404
3.2186001773646304,-0.7123431656002115
3.2217433416003383,0.24878721580028879
3.2248865058360456,-0.19788158159314975
3.2280296700717535,-0.5482109032981791
3.231172834307461,-0.19684636336056247
3.2343159985431686,-0.5046599251539249
3.2374591627788765,0.593717257033777
3.240602327014584,-0.4800269019647629
3.2437454912502917,-0.7477977313569074
3.2468886554859995,-1.2896813758657097
3.250031819721707,-0.8888168477266869
3.2531749839574147,-0.2992638440846606
3.256318148193122,0.1428738735586289
3.25946131242883,-0.8109695797747206
3.2626044766645377,-0.5595105184756631
3.265747640900245,0.007183655755189061
3.268890805135953,0.7000043183666395
3.2720339693716602,-0.683928678315106
3.275177133607368,-0.5026678629286117
3.278320297843076,-0.5569401729474517
3.2814634620787833,-0.38815759009342565
3.284606626314491,0.09639317540822048
3.287749790550199,-0.38253933463974926
3.2908929547859063,0.035736005705727825
3.294036119021614,-0.04408040414353749
3.2971792832573215,0.5922643764943127
3.3003224474930293,0.672690908563558
3.303465611728737,-0.4480508313477325
3.3066087759644445,-0.5230832456928364
3.3097519402001523,-0.19077261921498373
3.3128951044358597,-0.18050963036419768
3.3160382686715675,-0.2857767179913044
3.3191814329072753,-0.3694860106070885
3.3223245971429827,-0.28546997548496356
3.3254677613786905,-0.29884074026713525
3.328610925614398,0.10551587822272368
3.3317540898501057,-0.14014594288032628
3.3348972540858135,-0.4064144064185957
3.338040418321521,-0.6282559810185155
3.3411835825572287,-0.35253092768837324
3.3443267467929365,-0.3604784603452972
3.347469911028644,-0.45976768557499736
3.3506130752643517,0.4440385703374826
3.353756239500059,-0.5052646562669241
3.356899403735767,-0.3978569720854347
3.3600425679714747,-0.23087261633417508
3.363185732207182,0.007888472554370557
3.36632889644289,0.07562666760428666
3.3694720606785973,-0.2566914587941933
3.372615224914305,-0.21025933097072458
3.375758389150013,-0.08168333317073295
3.3789015533857203,-0.9800917000789744
3.382044717621428,0.0493806470164144
3.385187881857136,-0.5357548701464057
3.3883310460928433,-0.12216668339802539
3.391474210328551,0.2105437806684389
3.3946173745642585,-0.18753515891066072
3.3977605387999663,0.40199040709774486
3.400903703035674,0.02846353119688394
3.4040468672713815,-0.20874826682787112
3.4071900315070893,-0.3690352517209205
3.4103331957427967,0.10008634662054566
3.4134763599785045,0.044032402113599434
3.4166195242142123,-0.856144531759468
3.4197626884499197,0.2775141638705126
3.4229058526856275,0.5811471814679643
3.4260490169213353,-0.6492099188692416
3.4291921811570427,0.31723116116973876
3.4323353453927505,-0.35971502973604086
3.435478509628458,-0.1638763250521301
3.4386216738641657,0.02326655354333035
3.4417648380998735,-0.19113756076600574
3.444908002335581,0.4723697933857837
3.4480511665712887,-0.08815892203857875
3.451194330806996,0.13765462508613557
3.454337495042704,-0.2733010253245831
3.4574806592784117,-0.4860705497830697
3.460623823514119,-0.8985918471033008
3.463766987749827,-0.27223681486948975
3.4669101519855348,-0.5838262034657606
3.470053316221242,-0.7590472028324856
3.47319648045695,-0.6530884745340502
3.4763396446926573,-0.05454990279434996
3.479482808928365,-0.7002255980603869
3.482625973164073,-0.15857966693876543
3.4857691373997803,-1.1241988675457204
3.488912301635488,-0.418665218193074
3.4920554658711955,-0.3301046646164102
3.4951986301069033,-0.09565960969078702
3.498341794342611,-0.1981902467448531
3.5014849585783185,0.44461205230935996
3.5046281228140264,-0.31740514834017824
3.507771287049734,-0.3924111676357116
3.5109144512854416,-0.34216071692636535
3.5140576155211494,-0.4992240422675335
3.5172007797568567,-0.7572889108767846
3.5203439439925646,-0.010743099060911143
3.5234871082282724,0.6466773695036724
3.5266302724639798,-0.15514860433070185
3.5297734366996876,0.14918845308650613
3.532916600935395,-0.7880673574932427
3.5360597651711028,-0.2925340144884605
3.5392029294068106,-0.6209216517153568
3.542346093642518,-0.3032652812520258
3.5454892578782258,-0.6857540905028255
3.548632422113933,-0.6306610752284789
3.551775586349641,-0.375200709408006
3.554918750585349,-0.01662839937473337
3.558061914821056,0.042613149932669736
3.561205079056764,0.5629088224954473
3.564348243292472,0.24376589554149525
3.567491407528179,-0.7347406277204998
3.570634571763887,-0.587711699029831
3.5737777359995944,-0.03292490428701056
3.576920900235302,-0.526711879730205
3.58006406447101,-0.10371853742330361
3.5832072287067174,-0.6075598481088269
3.586350392942425,-0.5195744974968743
3.5894935571781326,0.08745794193407663
3.5926367214138404,-1.2400451868527695
3.595779885649548,-0.9963222884362742
3.5989230498852556,-1.3650519753339778
3.6020662141209634,-0.8943794065653548
3.605209378356671,-0.9635151645088507
3.6083525425923786,-0.575810841158384
3.6114957068280864,0.05204175544685313
3.614638871063794,-1.0251645317183395
3.6177820352995016,-0.3772458991864199
3.6209251995352094,-0.4965070319073766
3.624068363770917,-0.6174862822457554
3.6272115280066246,-0.6337563012234675
3.630354692242332,0.35873040894228225
3.63349785647804,-0.26782560541800715
3.6366410207137476,-0.13678358681374803
3.639784184949455,-0.5905375963316785
3.642927349185163,0.7671123812021832
3.6460705134208706,-0.5188557062780443
3.649213677656578,-0.46658231984948484
3.652356841892286,-0.3958228405450331
3.655500006127993,0.38149958964585484
3.658643170363701,-0.34086373863909347
3.661786334599409,-0.3949268597512631
3.664929498835116,-0.5520772267043736
3.668072663070824,-0.1585720865291499
3.6712158273065314,0.09683970188625479
3.674358991542239,-0.900874722937812
3.677502155777947,-0.22090719251222962
3.6806453200136544,-0.765179193781835
3.6837884842493622,-1.1956657632855934
3.68693164848507,0.3537434502110527
3.6900748127207774,-0.46395820179836195
3.6932179769564852,-0.5446968921090908
3.6963611411921926,-0.3195029005954279
3.6995043054279004,-0.8725182100483088
3.7026474696636082,-1.383271879028237
3.7057906338993156,-1.5568401078884513
3.7089337981350234,-0.6402067285641104
3.712076962370731,-0.5905097459735849
3.7152201266064386,-1.4848309032309932
3.7183632908421465,-1.2081067266759296
3.721506455077854,-1.0156110102261078
3.7246496193135616,-1.2133277997794316
3.7277927835492695,-0.045596649083224805
3.730935947784977,-0.8560042817816622
3.7340791120206847,-0.8652971183933484
3.737222276256392,-0.9434083759881621
3.7403654404921,-0.35600240529666616
3.7435086047278077,-1.1449941540348707
3.746651768963515,-0.6143034426417169
3.749794933199223,-0.16342887814993284
3.7529380974349302,-0.5588421868942409
3.756081261670638,-1.2836729746532225
3.759224425906346,-1.001047818919877
3.7623675901420532,-1.3591424894108894
3.765510754377761,0.1713215086029255
3.7686539186134684,-0.8494459686521862
3.7717970828491763,-0.4655736621026617
3.774940247084884,-0.03218993697935424
3.7780834113205914,-0.34809583744274597
3.7812265755562993,-0.818109651311909
3.784369739792007,-1.2741168829565412
3.7875129040277145,-0.34820528955036495
3.7906560682634223,-0.847669587434067
3.7937992324991296,0.6234340486614188
3.7969423967348375,-1.2458967260175988
3.8000855609705453,-0.6263389464428901
3.8032287252062527,-1.0668478872892475
3.8063718894419605,0.2623137147800504
3.809515053677668,-1.1777887091740837
3.8126582179133757,0.4289623053001549
3.8158013821490835,-0.9380683615128358
3.818944546384791,-1.393935145997688
3.8220877106204987,-0.35054460902395457
3.8252308748562065,-0.2953667803468887
3.828374039091914,0.3960304830964396
3.8315172033276217,-0.3368247412042766
3.834660367563329,-0.6414174217704877
3.837803531799037,-1.0645097632687464
3.8409466960347447,-0.5505894553337769
3.844089860270452,0.5876997976825051
3.84723302450616,-0.49505282427960395
3.8503761887418673,-1.4239175953741705
3.853519352977575,-1.2578013750138781
3.856662517213283,-2.0282912031894553
3.8598056814489903,-1.1265633281277672
3.862948845684698,-0.5260029160247428
3.866092009920406,-0.053615229049605695
3.8692351741561133,-1.0903085768805705
3.872378338391821,0.7580683822329349
3.8755215026275285,-0.43393073959455664
3.8786646668632363,-0.4218794180348475
3.881807831098944,-1.3580005649775875
3.8849509953346515,-0.20411002748281298
3.8880941595703593,-1.504795227972615
3.8912373238060667,-0.36738828226071957
3.8943804880417745,0.07974038758818125
3.8975236522774823,-0.18343650275704593
3.9006668165131897,-1.3909887076497505
3.9038099807488975,0.16888679273035767
3.9069531449846053,-0.07331978778672221
3.9100963092203127,-1.7267682244295801
3.9132394734560205,-0.3523913899022417
3.916382637691728,0.31977683213836483
3.9195258019274357,-0.7519749134349856
3.9226689661631435,-1.1775368452530734
3.925812130398851,-0.4239626970285503
3.9289552946345587,-1.6333134265960487
3.932098458870266,1.0718857312010157
3.935241623105974,-2.647713264521022
3.9383847873416817,1.1129409101652703
3.941527951577389,-0.015283402764348586
3.944671115813097,-2.3093158258337976
3.9478142800488047,-0.8074931219557793
3.950957444284512,-1.3571946922679712
3.95410060852022,1.0032656673720395
3.9572437727559273,-0.35262276192379316
3.960386936991635,0.42733748191135523
3.963530101227343,-0.9646196213978779
3.9666732654630503,0.2394891859888123
3.969816429698758,-0.7361690119180632
3.9729595939344655,-1.8644911841128613
3.9761027581701733,-0.11939089276918047
3.979245922405881,-0.49857224283244445
3.9823890866415885,-3.5665627869263483
3.9855322508772963,1.3076692292259064
3.9886754151130037,0.0680853327361316
3.9918185793487115,-1.8653234556126845
3.9949617435844194,-2.4062786857588874
3.9981049078201267,-1.6333522380207812
4.0012480720558345,-0.2748068491970934
4.004391236291542,0.6439806461170778
4.00753440052725,-1.1949787131095024
4.010677564762958,-1.6281612755855739
4.013820728998665,-0.9524177851224496
4.016963893234373,-0.8706891964993352
4.020107057470081,0.540551368964793
4.023250221705788,-2.404367998924723
4.026393385941495,-0.3635229144509279
4.029536550177204,0.8932501172508909
4.032679714412911,-2.09886934989487
4.035822878648618,-0.7548025844970614
4.038966042884327,-1.5731969568393849
4.042109207120034,-0.5750772719293085
4.045252371355741,0.013510848224652983
4.04839553559145,-0.6059147126312916
4.051538699827157,-0.16539182786683204
4.054681864062864,0.8253320774412386
4.057825028298573,-2.06052277984662
4.06096819253428,-0.15725369894135588
4.064111356769987,-0.141858251718177
4.067254521005695,-2.911363635094701
4.070397685241403,0.9992200344214611
4.07354084947711,-1.2627513540149793
4.076684013712818,-2.8550977186305673
4.079827177948526,0.8013737792640958
4.082970342184233,-0.8730197741386648
4.086113506419941,-1.6391696182994488
4.089256670655649,-1.3117350838719808
4.092399834891356,-1.3531570143448333
4.095542999127064,-2.0140335576930832
4.098686163362771,-2.018986225984251
4.101829327598479,-2.036423374674136
4.104972491834187,-0.08189447479076606
4.108115656069894,0.6499917637342548
4.111258820305602,-2.3712114217617692
4.11440198454131,-0.6910033548382473
4.117545148777017,-0.2535804177024593
4.120688313012725,-0.08749400923774509
4.123831477248433,-1.6160760506710061
4.12697464148414,-0.4251317856582192
4.130117805719848,-2.9770094340544007
4.133260969955556,-1.4735424027268313
4.136404134191263,0.2187165902326984
4.139547298426971,-1.427306025781653
4.142690462662679,-0.5980132417772366
4.145833626898386,-1.4475952460233
4.148976791134094,-0.9449229300146431
4.152119955369802,-3.4566085391455323
4.155263119605509,-1.9764660660557012
4.158406283841217,0.4402331024465719
4.161549448076925,-3.08248132412889
4.164692612312632,-0.7029983089294336
4.16783577654834,-0.2198507674675675
4.170978940784048,-1.0860017438733167
4.174122105019755,0.6044518595705937
4.177265269255463,-1.5122226070555624
4.18040843349117,-1.4787963424854906
4.183551597726878,3.3908443530402907
4.186694761962586,-1.528970837929163
4.189837926198293,1.9718357003795104
4.192981090434001,-0.7099412889364883
4.196124254669709,0.84880976906402
4.199267418905416,-0.6684625551714051
4.202410583141124,1.486360532768253
4.205553747376832,-0.13704750642777241
4.208696911612539,0.6520484906044888
4.211840075848247,-0.6238445753152175
4.214983240083955,-0.6952634411314647
4.218126404319662,0.41805444644346823
4.221269568555369,-3.4751091326326913
4.224412732791078,2.5345513900826018
4.227555897026785,2.655843540997684
4.230699061262492,-1.2482346055669389
4.233842225498201,-0.06318761053192223
4.236985389733908,-4.839732497225272
4.240128553969615,-2.08843688591608
4.243271718205324,2.1059739578200194
4.246414882441031,-0.6851061633530332
4.249558046676738,-2.9796386714177294
4.252701210912447,2.447417242026478
4.255844375148154,-2.5767654267194513
4.258987539383861,3.196732755579155
4.262130703619569,-1.5889325888241959
4.265273867855277,2.1022488247832847
4.268417032090984,-0.5232292835757565
4.271560196326692,1.0452782830628409
4.2747033605624,-2.849211439253766
4.2778465247981075,-0.6162562249474972
4.280989689033815,-0.9321833010260792
4.284132853269523,-0.49605306279130695
4.2872760175052305,-0.9919220769592363
4.290419181740938,0.9907294398035758
4.293562345976646,-2.833614197233123
4.2967055102123535,3.4795003899906343
4.299848674448061,-1.3355420437112935
4.302991838683768,-3.315850139907602
4.3061350029194765,1.3702305108005604
4.309278167155184,-1.396619997811056
4.312421331390891,0.7097265007278049
4.3155644956265995,4.404944545071757
4.318707659862307,-1.5566565961011454
4.321850824098014,-0.4608394448374085
4.3249939883337225,-4.103474828388379
4.32813715256943,-2.48913723407345
4.331280316805137,-0.6126673870131198
4.3344234810408455,-2.512113041391637
4.337566645276553,-0.6707443982090591
4.34070980951226,-0.6412818065502954
4.343852973747968,1.6712315415602004
4.346996137983676,-2.0594410407450403
4.350139302219383,-1.973185985204076
4.353282466455091,-0.1595225031043216
4.356425630690799,3.089640991823707
4.359568794926506,3.310402246267236
4.362711959162214,-4.656021997972014
4.365855123397922,-1.402316704991292
4.368998287633629,-0.8650400843860226
4.372141451869337,0.6243902790848923
4.375284616105045,0.5732540753312251
4.378427780340752,0.702172771922537
4.38157094457646,-2.942321868872668
4.384714108812167,0.4569976532071972
4.387857273047875,3.841146936584663
4.391000437283583,-1.0916793568479024
4.39414360151929,-4.21922738349997
4.397286765754998,-1.2037627811169542
4.400429929990706,-0.5930718360766509
4.403573094226413,1.154496587970902
4.406716258462121,-3.7927465588242297
4.409859422697829,-2.276630918391228
4.413002586933536,-5.169110329305384
4.416145751169244,-2.0718904222543735
4.419288915404952,-8.62888685449757
4.422432079640659,-1.2004650685519955
4.4255752438763665,-0.4553747346428093
4.428718408112075,-8.429528489058214
4.431861572347782,-2.31267456730469
4.4350047365834895,0.4215590665746327
4.438147900819198,-1.4355425973010854
4.441291065054905,-1.5552044397854714
4.4444342292906125,-0.24786506253162777
4.447577393526321,-1.0524116505137746
4.450720557762028,-2.5405996255899823
4.4538637219977355,-3.432900746401343
4.457006886233444,-2.3470813510921005
4.460150050469151,0.4879386201299666
4.4632932147048585,-1.2410672460327186
4.466436378940566,-4.310952748017111
4.469579543176274,-3.491025613201032
4.4727227074119815,0.07140608592106257
4.475865871647689,-1.3124499745455611
4.479009035883397,-4.831509811915314
4.4821522001191045,-2.79584356687106
4.485295364354812,-3.543468972633262
4.48843852859052,-6.318262615617277
4.4915816928262275,-2.2830355826445685
4.494724857061935,-1.189365346653134
4.497868021297643,-5.802661740803494
4.501011185533351,0.6408536960073482
4.504154349769058,3.946854160125902
4.507297514004765,1.808471583725655
4.510440678240474,-2.5724035007558013
4.513583842476181,-5.6933836776424585
4.516727006711888,-0.10424509484046396
4.519870170947597,0.4270262918015131
4.523013335183304,-3.9166331856906593
4.526156499419011,-0.012078304227868708
4.52929966365472,-0.4580254741892832
4.532442827890427,-0.7164835191571806
4.535585992126134,-1.8611286935950215
4.538729156361842,2.035850472062185
4.54187232059755,-1.5868830115253325
4.545015484833257,-1.365212704324325
4.548158649068965,-2.032354687548763
4.551301813304673,2.3018865522152265
4.55444497754038,3.262422017288424
4.557588141776088,1.0738104032573634
4.560731306011796,3.8500877153082897
4.563874470247503,-3.9705020220032377
4.567017634483211,0.8847330161826836
4.570160798718919,-1.3315305090186196
4.573303962954626,2.7650426042259313
4.576447127190334,-3.457962157434703
4.579590291426041,0.16571964975242115
4.582733455661749,-1.335925303685623
4.585876619897457,-3.0329484307992804
4.589019784133164,2.784267257938842
4.592162948368872,-4.412408407017073
4.59530611260458,-1.4330941271249695
4.598449276840287,0.8106659597407033
4.601592441075995,0.6030853980855085
4.604735605311703,-3.346943555047174
4.60787876954741,0.0473924354121279
4.611021933783118,1.2308243923711655
4.614165098018826,0.8516776534130396
4.617308262254533,-1.0537303111154854
4.6204514264902405,-1.5903043976791744
4.623594590725949,-4.625811100305995
4.626737754961656,-3.6115088179416377
4.6298809191973636,-0.864015522284692
4.633024083433072,0.13834473026129557
4.636167247668779,-0.4225430233564804
4.639310411904487,-5.32889502770101
4.642453576140195,-2.0253103709898337
4.645596740375902,-1.1428523289448949
4.64873990461161,-0.46711308621407055
4.651883068847318,-1.4652947948289747
4.655026233083025,-0.83193854268495
4.658169397318733,-5.878043473239657
4.66131256155444,-3.197784447983594
4.664455725790148,-2.7053944177461777
4.667598890025856,-1.1280926140592595
4.670742054261563,-1.9583747226243784
4.673885218497271,1.612305527250605
4.677028382732979,-0.13557840298598622
4.680171546968686,0.2245871543608935
4.683314711204394,-1.8011233075966966
4.686457875440102,-4.161279466294802
4.689601039675809,-6.595525686948641
4.692744203911517,-2.121478712225856
4.695887368147225,-4.426549128472484
4.699030532382932,-2.713687684210977
4.702173696618639,-0.14063849077340407
4.705316860854348,0.6048907066731622
4.708460025090055,-2.9821443137514354
4.711603189325762,0.26132030881408375
4.714746353561471,1.722753532312328
4.717889517797178,-2.978073687457595
4.721032682032885,-0.5620385979691179
4.724175846268594,-2.352479548337488
4.727319010504301,-5.6633936892428896
4.730462174740008,-1.7040076648516296
4.733605338975717,-1.5080464744420934
4.736748503211424,-0.8704922633021568
4.739891667447131,-0.8285724809650407
4.743034831682839,-2.87427813156499
4.746177995918547,0.9398584178316537
4.749321160154254,-0.23059930094250192
4.752464324389962,0.5650907972136664
4.75560748862567,0.11668618206958081
4.758750652861377,-0.7608100592142006
4.761893817097085,-3.7051258476000353
4.765036981332793,-4.010690711324235
4.7681801455685004,-1.2514622658552286
4.771323309804208,-0.7045857547964689
4.774466474039916,-2.4001533248064755
4.7776096382756235,0.18441241590315527
4.780752802511331,-0.7654845718858361
4.783895966747038,-0.7269225855760562
4.7870391309827465,-4.028171058445363
4.790182295218454,0.32881662337528483
4.793325459454161,-2.3458978241145063
4.7964686236898695,-2.6421393873972217
4.799611787925577,1.162906054899072
4.802754952161284,0.4976398867088013
4.8058981163969925,0.4171779940830217
4.8090412806327,-3.7202739755254868
4.812184444868407,-1.4813675667172639
4.8153276091041155,1.1642318754649144
4.818470773339823,1.999659455140801
4.82161393757553,1.1811418047696467
4.824757101811238,-2.185328218938659
4.827900266046946,-1.433932663964531
4.831043430282653,-1.7765999065568423
4.834186594518361,0.8135025522073953
4.837329758754069,-1.7053058260432565
4.840472922989776,0.20005999389795737
4.843616087225484,-0.44340375758012984
4.846759251461192,0.2197134402077643
4.849902415696899,0.0038330577513147057
4.853045579932607,-2.685091520749704
4.856188744168315,-1.1800378466320434
4.859331908404022,-1.902932896984031
4.86247507263973,-2.559081818795501
4.865618236875437,-0.9077164729679317
4.868761401111145,-2.210475475430464
4.871904565346853,-1.4694286711105033
4.87504772958256,-1.157539685993164
4.878190893818268,-0.15195604499106197
4.881334058053976,-0.03231670736695891
4.884477222289683,-3.5186455326113086
4.887620386525391,-2.1276151242894086
4.890763550761099,-0.6527716696115481
4.893906714996806,0.06729604455090266
4.897049879232514,-0.37490744946952126
4.900193043468222,-2.0014180679762537
4.903336207703929,-2.3262887871910096
4.9064793719396365,-0.4123849876678686
4.909622536175345,-3.367146868476227
4.912765700411052,-1.0047680748882535
4.9159088646467595,-2.770128519558015
4.919052028882468,-1.3028893293512889
4.922195193118175,-1.841909361499411
4.9253383573538825,1.5779936189372301
4.928481521589591,-0.39402289434646487
4.931624685825298,-0.1839706474517513
4.9347678500610055,-0.09383515206977389
4.937911014296713,0.44735331258783406
4.941054178532421,-2.932098465123592
4.9441973427681285,-1.301285800788143
4.947340507003836,0.39909902984672774
4.950483671239544,-0.13633764678313876
4.9536268354752515,0.02081418716755834
4.956769999710959,-2.4313662708227683
4.959913163946667,-0.4719984937448208
4.9630563281823745,-2.6820806119313247
4.966199492418082,-0.42123828507226924
4.96934265665379,-1.9863455314298977
4.9724858208894975,0.40890796197746604
4.975628985125205,0.6755698080828105
4.978772149360912,-1.4399710871577458
4.9819153135966205,-0.023949912557528763
4.985058477832328,-2.762995856331525
4.988201642068035,-2.0822442301973667
4.9913448063037436,0.6048117673329381
4.994487970539451,-1.0912029336965963
4.997631134775158,-0.7907195385296111
5.000774299010867,-1.6631080092128516
5.003917463246574,-0.3265899537937752
5.007060627482281,-1.8305370210957972
5.01020379171799,-0.7287024053637233
5.013346955953697,0.10628688584316126
5.016490120189404,-2.491114204236136
5.019633284425112,-0.3658550378060573
5.02277644866082,-1.8612180720095148
5.025919612896527,-0.26987928333174505
5.029062777132235,-1.5162961738503076
5.032205941367943,-1.1549052751545454
5.03534910560365,-2.1106873504245325
5.038492269839358,-1.5692723601500917
5.041635434075066,-0.5680539248992218
5.044778598310773,-0.11192543570344049
5.047921762546481,-1.5878068799536917
5.051064926782189,-1.5725789356430657
5.054208091017896,-0.24104048369401787
5.057351255253604,-1.1235560273217657
5.060494419489311,-1.3885044707678709
5.063637583725019,-0.6603175843086391
5.066780747960727,-2.0979902986711387
5.069923912196434,-0.1479203637434816
5.073067076432142,-1.1762391434015478
5.07621024066785,-2.5784810547171877
5.079353404903557,0.34310839584316133
5.082496569139265,-1.4874452487586742
5.085639733374973,-1.5651178990378003
5.08878289761068,-1.9001509052278274
5.091926061846388,-1.2357209832379228
5.095069226082096,-0.14244313242382078
5.098212390317803,0.014910247405312327
5.1013555545535105,-0.6531280824534985
5.104498718789219,0.12179117239402681
5.107641883024926,-0.9112018042276819
5.1107850472606335,-0.9997163289374066
5.113928211496342,-0.3580608228675861
5.117071375732049,0.38049949856586185
5.1202145399677566,-0.9343123853509309
5.123357704203465,-1.4523078317335738
5.126500868439172,-0.11955181631961709
5.12964403267488,-0.8963216011431719
5.132787196910588,-0.7585997295193697
5.135930361146295,-0.29906301435275706
5.139073525382003,-1.5954420326038985
5.14221668961771,-0.7755981937688764
5.145359853853418,-0.8347378995417645
5.148503018089126,-0.574547276082414
5.151646182324833,-0.6367335426735101
5.154789346560541,-0.752477765941012
5.157932510796249,-1.6599524322604238
5.161075675031956,-0.821952714894272
5.164218839267664,-1.7481586588176248
5.167362003503372,-0.8826070069290176
5.170505167739079,-0.4250540208867617
5.173648331974787,-0.9112865995941882
5.176791496210495,-1.012660542152977
5.179934660446202,-0.6345042801817893
5.183077824681909,-0.885975480763952
5.186220988917618,-0.4528102313541281
5.189364153153325,-0.589459386970244
5.192507317389032,-0.3735112798855357
5.195650481624741,-1.0931867284399244
5.198793645860448,-1.6858660997459234
5.201936810096155,-0.37928395630485634
5.205079974331864,-1.0806401643095425
5.208223138567571,-0.8694664662886581
5.211366302803278,-1.8180713216533189
5.214509467038987,-1.7616853393302145
5.217652631274694,-0.46314940551671174
5.220795795510401,-1.1620218758843315
5.223938959746109,-0.48436808729454955
5.227082123981817,-0.6073073250160667
5.230225288217524,-0.3329653089197583
5.233368452453232,-0.9725438862565209
5.23651161668894,-0.16601868250923624
5.239654780924647,-1.216430485291973
5.242797945160355,-1.169944432431816
5.245941109396063,-0.4932547357740925
5.24908427363177,-0.13702189053551395
5.252227437867478,-0.7969838983706284
5.255370602103186,-1.8798609909411117
5.2585137663388934,-0.8355284500083918
5.261656930574601,-1.7269291806771903
5.264800094810308,-0.16415483081441973
5.2679432590460165,-0.6453139468463582
5.271086423281724,-0.8541455308713075
5.274229587517431,-0.7700897397675193
5.2773727517531395,-0.3665587249509248
5.280515915988847,-0.7262885446263145
5.283659080224554,-0.7298999571570585
5.2868022444602625,-1.0443940287525815
5.28994540869597,-1.552920546509527
5.293088572931677,-1.0673845074508503
5.2962317371673855,-1.2726991931365554
5.299374901403093,-0.5508703912525565
5.3025180656388,-1.4290627002404688
5.305661229874508,-0.47568790561939844
5.308804394110216,0.015214471298706678
5.311947558345923,-0.5011942972003294
5.315090722581631,-0.8374351366435574
5.318233886817339,-0.017728401965847795
5.321377051053046,-1.6789273290164068
5.324520215288754,-0.5638715666330835
5.327663379524462,-0.4058633179158763
5.330806543760169,-1.8151894023052346
5.333949707995877,-1.0688477736852837
5.337092872231585,-0.4846588856523103
5.340236036467292,-0.921559807368006
5.343379200703,-0.38460845439581676
5.346522364938707,-1.194730919431045
5.349665529174415,-0.7731128943610737
5.352808693410123,-0.3134950741641908
5.35595185764583,-0.47073913744919715
5.359095021881538,-0.23720245225506298
5.362238186117246,-1.28553672440848
5.365381350352953,-0.42687351481854513
5.368524514588661,-0.8548916344427554
5.371667678824369,-0.9417051085881025
5.374810843060076,-0.8507393790031995
5.377954007295783,-0.7903264940793333
5.381097171531492,-0.6720510175265233
5.384240335767199,-0.19030959057116503
5.3873835000029064,-0.4363688726852989
5.390526664238615,-0.29994613185377345
5.393669828474322,-0.33128134028474415
5.3968129927100295,-1.3043362592569694
5.399956156945738,-0.3311533238467662
5.403099321181445,-1.755655637513162
5.4062424854171525,-0.7289800532387556
5.409385649652861,0.10079254397007364
5.412528813888568,-0.04824811722770794
5.4156719781242755,-0.9300519169826529
5.418815142359983,-0.19179403846005627
5.421958306595691,-0.7495456825755514
5.4251014708313985,-0.6819815933087109
5.428244635067106,-1.2012131807997746
5.431387799302814,0.015130365882366714
5.4345309635385215,-1.2029481849664103
5.437674127774229,-1.1924038134790806
5.440817292009937,-0.3169566908748179
5.4439604562456445,-0.3938053519300789
5.447103620481352,-0.7710138266909786
5.45024678471706,-0.9582354613314149
5.4533899489527675,-0.41796709299098533
5.456533113188475,-0.8476297402417778
5.459676277424182,-0.571061164317926
5.4628194416598905,-0.2442435990014219
5.465962605895598,-0.5246857388810924
5.469105770131305,-0.49113184884197825
5.4722489343670135,-0.8475956043298131
5.475392098602721,-0.2758370244964459
5.478535262838428,-1.4733409754744078
5.4816784270741366,-1.2616619277706878
5.484821591309844,-0.5924877415519216
5.487964755545551,-0.6452099740379549
5.49110791978126,-0.2355180470865923
5.494251084016967,-0.6419053231256485
5.497394248252674,-0.5788808821199257
5.500537412488382,-0.7139079927287848
5.50368057672409,-0.7389028907216831
5.506823740959797,-0.7601192449156096
5.509966905195505,-0.30513593700058433
5.513110069431213,-0.8832439958542843
5.51625323366692,-1.3562197998545122
5.519396397902628,0.13910706292871888
5.522539562138336,-0.6501324409669832
5.525682726374043,-0.5771078328645878
5.528825890609751,-0.3566885455571555
5.531969054845459,0.0901436223490546
5.535112219081166,-0.652791233814696
5.538255383316874,-0.4340486436445259
5.541398547552581,-0.2984734145078777
5.544541711788289,-1.0165110374815818
5.547684876023997,0.02943263966649412
5.550828040259704,0.22860924221576429
5.553971204495412,-0.8483596385305872
5.55711436873112,-0.5272222525865209
5.560257532966827,-0.7955966370358079
5.563400697202535,-0.2812066059075637
5.566543861438243,-1.0537214795759389
5.56968702567395,-1.5401242778454707
5.572830189909658,-1.0368119174962431
5.575973354145366,-0.40198514938000907
5.579116518381073,-0.8410292179218641
5.5822596826167805,-1.0973594412061018
5.585402846852489,-0.5207143650801596
5.588546011088196,-1.320804796126049
5.5916891753239035,-0.35641853377833765
5.594832339559612,-0.584189351570879
5.597975503795319,-0.9175852093899441
5.6011186680310265,-0.9760359547305424
5.604261832266735,-0.12447442034510159
5.607404996502442,-0.2958418145984318
5.6105481607381495,-1.0001063393898102
5.613691324973858,-0.33470671311664646
5.616834489209565,-0.1881183502172335
5.619977653445273,-0.5972341923218188
5.62312081768098,-0.4381107782666331
5.626263981916688,-0.4498614755115202
5.629407146152396,-0.7030366996130363
5.632550310388103,-0.982242150277872
5.635693474623811,-0.9712886034720396
5.638836638859519,-0.24682047138671354
5.641979803095226,-1.6279443710725205
5.645122967330934,-0.38848870718465356
5.648266131566642,-0.23467369536726668
5.651409295802349,0.33738702315079716
5.654552460038057,-0.5708815682726235
5.657695624273765,-0.9778739863585834
5.660838788509472,-0.707527660030157
5.663981952745179,-0.6238286792068545
5.667125116980888,-0.34891319213016647
5.670268281216595,-1.0685994541785848
5.673411445452302,-0.21726847898951296
5.676554609688011,0.6050213118726778
5.679697773923718,-0.6057713954627582
5.682840938159425,-0.32588721402230664
5.685984102395134,-0.6504024819927137
5.689127266630841,-1.146737770263712
5.692270430866548,-0.06666082731166834
5.695413595102257,-1.0004192531905576
5.698556759337964,-0.6296817837163733
5.701699923573671,-0.7471002910099492
5.704843087809379,-0.3531863436318988
5.707986252045087,-0.933049931838822
5.711129416280794,-1.566856095036361
5.714272580516502,-0.9592216442312237
5.71741574475221,-0.45173399809418424
5.720558908987917,-0.24979257756633394
5.723702073223625,0.077768163443373
5.726845237459333,-0.8970400136917287
5.72998840169504,-0.5922615284670719
5.733131565930748,-1.0312547089299284
5.736274730166456,-0.8577667813551714
5.739417894402163,0.13100880941271986
5.742561058637871,-1.677339998672532
5.745704222873578,-0.7802976448667402
5.7488473871092864,-1.13667558288228
5.751990551344994,-0.6419735074186229
5.755133715580701,-0.37622872109439104
5.7582768798164095,-1.0116652613155046
5.761420044052117,-0.940581032605909
5.764563208287824,-0.38011047177557206
5.7677063725235325,-0.5554706342771772
5.77084953675924,-0.8538419963981356
5.773992700994947,-0.9127244646942846
5.7771358652306555,-1.206637035015303
5.780279029466363,-0.21992733253022306
5.78342219370207,-0.36905544747648106
5.786565357937778,-0.6351228757581946
5.789708522173486,-0.398793640842915
5.792851686409193,-0.7212460520332769
5.795994850644901,-0.5929375187730267
5.799138014880609,-0.9628992006015715
5.802281179116316,-1.395780382791815
5.805424343352024,-0.11103097005620721
5.808567507587732,0.23016158174551926
5.811710671823439,-0.25975158903818185
5.814853836059147,-0.01345830873288284
5.817997000294854,-0.21757761694601968
5.821140164530562,-0.933111979243712
5.82428332876627,0.39082071819625014
5.827426493001977,-1.2358611785255422
5.830569657237685,0.17554403910489763
5.833712821473393,-0.11330658132846894
5.8368559857091,0.6501193588625495
5.839999149944808,-0.4645237431281412
5.843142314180516,-0.807477821008508
5.846285478416223,1.158475279276928
5.849428642651931,-0.883428862467657
5.852571806887639,-0.15714033503167324
5.855714971123346,-0.6516947865857633
5.858858135359053,-0.24747839110139727
5.862001299594762,0.620848494721969
5.865144463830469,-0.026821001683023427
5.868287628066176,0.18180535338813153
5.871430792301885,0.42447204459701776
5.874573956537592,-0.05164436576981779
5.877717120773299,-1.881044126986387
5.880860285009008,-0.8038462475026362
5.884003449244715,-0.14089600800380236
5.8871466134804225,-0.47053817479263665
5.890289777716131,0.3735738743866866
5.893432941951838,-0.550988193766369
5.8965761061875455,-0.6207153459237637
5.899719270423253,-0.9352626689705101
5.902862434658961,-0.07386076430871158
5.9060055988946685,-0.25385191905072496
5.909148763130376,-0.12339070251085868
5.912291927366084,-0.16797209986316777
5.9154350916017915,0.32944983071489653
5.918578255837499,0.08230296888760696
5.921721420073207,0.18174564177269475
5.9248645843089145,-1.3974486830791029
5.928007748544622,0.42143677269605384
5.93115091278033,0.004550118851610052
5.9342940770160375,0.7998243018162652
5.937437241251745,0.1139138907768632
5.940580405487452,1.138425823982045
5.9437235697231605,0.5718415796850435
5.946866733958868,1.1502114431204462
5.950009898194575,-1.4425597878733667
5.9531530624302835,0.2950967956415516
5.956296226665991,0.0934792323453974
5.959439390901698,-0.6232155163762491
5.9625825551374065,-0.1786346967291379
5.965725719373114,0.5980867875168179
5.968868883608821,-0.9160990834308329
5.9720120478445295,0.6346122634828582
5.975155212080237,0.04164386802117587
5.978298376315944,-0.7831260462145471
5.981441540551652,-0.8951606160869525
5.98458470478736,0.15322306634148364
5.987727869023067,0.04992393371607051
5.990871033258775,-0.017362836408882698
5.994014197494483,0.09851101033025783
5.99715736173019,-0.12861941052638085
6.000300525965898,-0.029553377828920258
6.003443690201606,-0.05546409096887178
6.006586854437313,0.8863640021121084
6.009730018673021,-1.0234304755474293
6.012873182908729,-1.3946743276067692
6.016016347144436,-0.4991668854129979
6.019159511380144,0.2514405788109619
6.022302675615851,-0.009026074387920802
6.025445839851559,-0.8560746839702269
6.028589004087267,1.2551614835365101
6.031732168322974,-0.13673553209368178
6.034875332558682,0.7014568747955532
6.03801849679439,0.07388037231011019
6.041161661030097,-0.04829959362850117
6.044304825265805,1.4821068816269312
6.047447989501513,2.2922908463198364
6.05059115373722,-0.32364026712577126
6.053734317972928,2.1690011972179795
6.056877482208636,-1.9099209828933386
6.060020646444343,0.2135026624001238
6.0631638106800505,0.6289102307572708
6.066306974915759,-1.033941319996394
6.069450139151466,2.0174534453405855
6.0725933033871735,0.3133428447151574
6.075736467622882,-0.034238970415119835
6.078879631858589,-0.4797623680297466
6.0820227960942965,0.38010780978978476
6.085165960330005,-0.7483106071591448
6.088309124565712,-1.0529847859024903
6.0914522888014195,-1.8291017601955284
6.094595453037128,-0.21488892751906608
6.097738617272835,0.012874167816568305
6.1008817815085425,-1.0550512182243112
6.10402494574425,0.5921114858747005
6.107168109979958,1.1565823696647453
6.1103112742156656,-0.5670648057985
6.113454438451373,-0.21042310283911067
6.116597602687081,-0.7893755146478973
6.119740766922789,0.5305286785736871
6.122883931158496,1.658068832574835
6.126027095394204,-3.6533775030065576
6.129170259629912,1.7220179547443732
6.132313423865619,-0.4106487050891756
6.135456588101327,0.4619290381105632
6.138599752337035,-0.8734658641091823
6.141742916572742,-0.21369227774012184
6.144886080808449,0.6267967498425314
6.148029245044158,-0.5489044893929043
6.151172409279865,-1.7360443659082383
6.154315573515572,-0.5278354324111485
6.157458737751281,-0.23667020909273695
6.160601901986988,0.8569903300938889
6.163745066222695,-1.8103451854805828
6.166888230458404,0.5990217318461891
6.170031394694111,0.6477490635495426
6.173174558929818,1.2707826580788608
6.176317723165527,-0.3512196746250151
6.179460887401234,0.8722890257850537
6.182604051636941,-1.5690043226618648
6.185747215872649,-0.31604829950637214
6.188890380108357,-1.5350946040682865
6.192033544344064,-0.8263508110392366
6.195176708579772,-3.3497945211202786
6.19831987281548,0.011594518449361366
6.201463037051187,-3.116602857417212
6.204606201286895,-0.8106731383700978
6.207749365522603,-3.217373737114383
6.21089252975831,1.52549275204322
6.214035693994018,-1.1399347367917412
6.217178858229726,1.337043161771522
6.220322022465433,0.5514759191515635
6.223465186701141,-1.1645572379092104
6.226608350936848,1.3930465086089547
6.229751515172556,-1.860184567596928
6.232894679408264,2.2613675023377726
6.236037843643971,0.41382242299488026
6.239181007879679,-0.41271233639870997
6.242324172115387,1.2385927269504975
6.245467336351094,-3.366973452404908
6.2486105005868025,3.198615694556901
6.25175366482251,2.6347610843720046
6.254896829058217,-1.7997944963039394
6.258039993293925,-0.5426631478976766
6.261183157529633,-1.0749100322122362
6.26432632176534,0.6199793998303383
6.267469486001048,2.1592669968932294
6.270612650236756,-0.3023561148000564
6.273755814472463,1.8161538051423234
6.276898978708171,0.7238715011778304
6.280042142943879,-2.2685012274344643
6.283185307179586,0.08442867146455511
