-18.84955592153876,1.3229906436789989
-18.830696936124514,1.256714894274114
-18.811837950710267,1.5973249654571486
-18.792978965296022,0.8970209625094312
-18.774119979881775,0.7140424211300551
-18.75526099446753,0.5980217916821673
-18.736402009053283,0.6536997712212469
-18.71754302363904,1.0466540010241487
-18.69868403822479,0.1889632460846256
-18.679825052810546,0.6748871259487625
-18.6609660673963,0.01600161579319148
-18.642107081982054,0.9521787865051647
-18.623248096567806,0.8884300852789385
-18.604389111153562,0.8419410595279555
-18.585530125739318,0.27289622915422346
-18.56667114032507,1.9173689373006635
-18.547812154910826,1.1893740454775006
-18.528953169496578,0.821449099517297
-18.510094184082334,0.16353886379225868
-18.491235198668086,0.25140027251034797
-18.472376213253842,0.4713523462225069
-18.453517227839594,1.1595601236510413
-18.43465824242535,1.3736518929514254
-18.415799257011102,0.3409815659073517
-18.396940271596858,0.4029594663288897
-18.37808128618261,0.9102039427558695
-18.359222300768366,0.7962289684375895
-18.34036331535412,1.5823970449358868
-18.321504329939874,0.0007176850633006104
-18.30264534452563,0.8845285624555997
-18.28378635911138,0.16059147012116548
-18.264927373697137,0.9901181314175086
-18.24606838828289,0.37683302437510946
-18.227209402868645,1.100154285362897
-18.208350417454398,0.6975511176868886
-18.189491432040153,1.2971646571546471
-18.170632446625905,1.0125129106195054
-18.15177346121166,-0.6502060148259345
-18.132914475797413,1.7304617515440712
-18.11405549038317,0.30961002219512673
-18.095196504968925,-1.0082413384753908
-18.076337519554677,0.21372878066832102
-18.057478534140433,1.4247294626623508
-18.038619548726185,0.9179387883658474
-18.01976056331194,0.817427509805478
-18.000901577897693,0.5171406798725235
-17.98204259248345,1.0012151519886623
-17.9631836070692,0.636507629216256
-17.944324621654957,0.6119904780577636
-17.92546563624071,0.5334108913101747
-17.906606650826465,0.07981399468557604
-17.88774766541222,1.4007669033194061
-17.868888679997973,0.18238387325250416
-17.85002969458373,0.5970849548399171
-17.83117070916948,0.6470168549894119
-17.812311723755236,1.4863486369299554
-17.79345273834099,0.03568268263648078
-17.774593752926744,1.4111937618439838
-17.755734767512497,0.004737866800174628
-17.736875782098252,0.9070145555987935
-17.718016796684005,1.4728671706169094
-17.69915781126976,0.3692932859426599
-17.680298825855512,0.016836980713958005
-17.66143984044127,1.4819849295796663
-17.64258085502702,2.4024164491650892
-17.623721869612776,0.15901658987485723
-17.604862884198532,0.9225433494114186
-17.586003898784284,0.6988297734126749
-17.56714491337004,0.7720061315285658
-17.548285927955792,0.7974515584193692
-17.529426942541548,0.7875423643228447
-17.5105679571273,0.7011569193769696
-17.491708971713056,1.15231017533831
-17.472849986298808,1.3141405947211755
-17.453991000884564,1.6962340179650264
-17.435132015470316,0.8929569934619725
-17.41627303005607,1.9831095436754729
-17.397414044641828,0.6025386287832742
-17.37855505922758,0.5650222116513909
-17.359696073813335,1.0794826663915429
-17.340837088399088,1.832241069795915
-17.321978102984843,0.3094668866864124
-17.303119117570596,0.9887214275374483
-17.28426013215635,0.9322674579631912
-17.265401146742104,0.38278685908876675
-17.24654216132786,0.4638288952317342
-17.22768317591361,1.4894169715203653
-17.208824190499367,-0.7199401923564939
-17.18996520508512,0.7684514283573376
-17.171106219670875,1.8686690209052763
-17.152247234256627,0.4431137913883456
-17.133388248842383,0.9156005490824567
-17.11452926342814,0.3043741377113407
-17.09567027801389,1.7881385127779543
-17.076811292599647,1.8470499260201036
-17.0579523071854,0.9858200504467735
-17.039093321771155,0.19442994144622838
-17.020234336356907,1.516165555480707
-17.001375350942663,1.8828598265837275
-16.982516365528415,0.5646856780012957
-16.96365738011417,1.3805330058448035
-16.944798394699923,0.9122019713498107
-16.92593940928568,2.2135915640076944
-16.907080423871435,1.5032755285128951
-16.888221438457187,1.2435795803763945
-16.869362453042942,0.15772988101501761
-16.850503467628695,0.9189188994045975
-16.83164448221445,1.2224219837225319
-16.812785496800203,1.0451125176923368
-16.79392651138596,0.5375924849459676
-16.77506752597171,1.541544638811929
-16.756208540557466,0.9923712729111787
-16.73734955514322,2.073380959691313
-16.718490569728974,1.1409572734996225
-16.69963158431473,0.7799980995528427
-16.680772598900482,1.3625810762752084
-16.661913613486234,2.125131627294645
-16.64305462807199,2.3344800940926365
-16.624195642657746,1.471708180575435
-16.605336657243498,1.8432381200615602
-16.586477671829254,-0.48802501386520136
-16.567618686415006,1.8530718815204765
-16.548759701000762,0.9483395987943077
-16.529900715586514,0.4105251370458082
-16.51104173017227,0.7321011878863238
-16.492182744758022,0.20834657565187453
-16.473323759343778,1.0276601739241025
-16.45446477392953,0.4641450781403186
-16.435605788515286,0.7601825382523424
-16.41674680310104,3.287897639256102
-16.397887817686794,1.4346177906161728
-16.37902883227255,1.3659089969022937
-16.3601698468583,2.635467441176898
-16.341310861444057,0.7759191862624979
-16.32245187602981,0.8432497043274425
-16.303592890615565,0.5647059610800009
-16.284733905201318,1.4790058373561998
-16.265874919787073,1.3728720877474834
-16.247015934372826,1.9834055495614147
-16.22815694895858,0.6092121388008132
-16.209297963544337,1.26155994398004
-16.19043897813009,1.3015223279283148
-16.17157999271584,1.8050763316555662
-16.152721007301597,0.8807390090730516
-16.133862021887353,0.45089195537304627
-16.115003036473105,-0.32132694639002934
-16.09614405105886,1.0223857283942313
-16.077285065644613,1.1495366002132974
-16.05842608023037,0.9331996255218615
-16.03956709481612,0.919400994869018
-16.020708109401877,1.7018567880938091
-16.00184912398763,0.8688574942661409
-15.982990138573385,0.3587987294898918
-15.964131153159139,1.185847324340203
-15.945272167744893,0.3871593287817918
-15.926413182330647,0.7009325973216086
-15.9075541969164,-0.5898321222054987
-15.888695211502155,1.1192805720651002
-15.869836226087909,1.4221950347730963
-15.850977240673664,0.030126585174842124
-15.832118255259417,0.9865328151558916
-15.813259269845172,0.9852425912380226
-15.794400284430926,1.0053425133455496
-15.77554129901668,0.8180517743640985
-15.756682313602434,0.7129233507685034
-15.737823328188188,0.9873444179833382
-15.718964342773942,0.6598057597944774
-15.700105357359696,1.2582113023450852
-15.68124637194545,1.2939729943113392
-15.662387386531204,0.8313656398520728
-15.643528401116958,0.6053322319473682
-15.624669415702712,1.2441447195919453
-15.605810430288468,1.2134205676946181
-15.58695144487422,-0.06299363086517507
-15.568092459459976,0.8096612457085607
-15.54923347404573,1.2451867563900625
-15.530374488631484,0.23287292823656547
-15.511515503217238,1.281447574036322
-15.492656517802992,0.6878039707797057
-15.473797532388746,1.787691574170043
-15.4549385469745,2.081089536419639
-15.436079561560254,0.7137104099395405
-15.417220576146008,1.1088101537266914
-15.398361590731762,0.9402393044110999
-15.379502605317516,0.24807505672906704
-15.360643619903271,0.8815635645727006
-15.341784634489024,2.0298877607642187
-15.32292564907478,2.154219661394373
-15.304066663660533,1.5787036561087984
-15.285207678246287,1.8374144120004932
-15.266348692832041,1.522590117814444
-15.247489707417795,1.6590626253512506
-15.22863072200355,1.3735566659322334
-15.209771736589303,0.5227259791105466
-15.190912751175057,1.6055559465838685
-15.172053765760811,0.5069976808532575
-15.153194780346565,1.3435940073215977
-15.13433579493232,1.314519221050932
-15.115476809518075,0.267013408612378
-15.096617824103827,0.346988236168263
-15.077758838689583,1.8371815505208098
-15.058899853275337,0.380124290492992
-15.04004086786109,2.1865123784738074
-15.021181882446845,0.9639632446834859
-15.002322897032599,0.7997281230241693
-14.983463911618353,0.6613124073215759
-14.964604926204107,0.34853887172601605
-14.94574594078986,1.313277597109174
-14.926886955375615,0.8767475420793532
-14.908027969961369,0.6995120584155468
-14.889168984547123,1.910093055803089
-14.870309999132878,1.335693863167195
-14.85145101371863,0.5699968754975937
-14.832592028304386,0.6469971259780976
-14.813733042890139,-0.17201112813478403
-14.794874057475894,1.613839657859382
-14.776015072061648,-0.14087576692139436
-14.757156086647402,0.7717834818601428
-14.738297101233156,1.2148297755706
-14.71943811581891,1.6075046518214826
-14.700579130404664,1.3471112430226773
-14.681720144990418,1.920095540468627
-14.662861159576174,1.7265004533773425
-14.644002174161926,0.6976526700224481
-14.625143188747682,0.8608197201036836
-14.606284203333434,1.0293688002281953
-14.58742521791919,0.2254495741420537
-14.568566232504942,0.3690343808849976
-14.549707247090698,1.0303524288416797
-14.530848261676452,1.226852870291066
-14.511989276262206,0.8283530629132674
-14.49313029084796,0.6318934809931849
-14.474271305433714,1.0849205131365567
-14.455412320019468,1.4659522685680964
-14.436553334605222,1.4597896303807758
-14.417694349190977,-0.1336974231339555
-14.39883536377673,0.6937788963456111
-14.379976378362485,1.94257574355292
-14.361117392948238,-0.17135149350431123
-14.342258407533993,0.5104136971366239
-14.323399422119747,0.5494367181558408
-14.304540436705501,1.8911577146983714
-14.285681451291255,2.1813699743383443
-14.26682246587701,2.2262504997743213
-14.247963480462763,0.22548781683666708
-14.229104495048517,2.0831430873042427
-14.210245509634271,1.3770516624719282
-14.191386524220025,1.3595607317578846
-14.172527538805781,0.2882043310879372
-14.153668553391533,1.4093500410177902
-14.134809567977289,0.6849086193134437
-14.115950582563041,1.023898196370846
-14.097091597148797,0.9385556217019368
-14.07823261173455,1.5002473628393664
-14.059373626320305,0.06627334529527706
-14.040514640906059,1.6140820680869719
-14.021655655491813,1.040163860813371
-14.002796670077567,1.109732396521957
-13.98393768466332,1.1349736276286349
-13.965078699249075,0.3297391306779659
-13.946219713834829,0.778013966305263
-13.927360728420584,1.0142145291233444
-13.908501743006337,1.6820435614426852
-13.889642757592092,-0.23812753037885825
-13.870783772177845,0.9208812076335138
-13.8519247867636,2.0148177259779594
-13.833065801349354,1.2033702773590427
-13.814206815935108,1.1897647102547841
-13.795347830520862,1.5634339453102668
-13.776488845106616,1.1418417639204774
-13.75762985969237,1.4316810728254943
-13.738770874278124,0.6696344544327457
-13.719911888863878,-0.04729255479743244
-13.701052903449632,0.4874655165622784
-13.682193918035388,1.3517537922861917
-13.66333493262114,1.089880655454533
-13.644475947206896,1.2723127349210044
-13.625616961792648,1.7760533106211884
-13.606757976378404,1.2812314960813043
-13.587898990964158,0.7888766891014262
-13.569040005549912,2.3440295057278053
-13.550181020135666,0.6081023437302377
-13.53132203472142,0.5926694643993385
-13.512463049307174,0.4234961720952976
-13.493604063892928,1.349193199673823
-13.474745078478684,0.3933577213710808
-13.455886093064436,0.5955624104583896
-13.437027107650191,0.35244839346368706
-13.418168122235944,1.1189541039313278
-13.3993091368217,0.8573465299574669
-13.380450151407452,0.9583031192851288
-13.361591165993207,1.6749622700747597
-13.342732180578961,0.43922894547710845
-13.323873195164715,0.9369435367265926
-13.30501420975047,0.3816601115639827
-13.286155224336223,0.590522127872662
-13.267296238921977,1.2293693453567558
-13.248437253507731,0.9863729946500083
-13.229578268093487,-0.31858276509228933
-13.21071928267924,-0.08350828866433635
-13.191860297264995,-0.38991961546048315
-13.173001311850747,0.7367717754861637
-13.154142326436503,0.32886902215260455
-13.135283341022255,2.182091647367452
-13.116424355608011,1.51973796080317
-13.097565370193765,0.7218344570001103
-13.078706384779519,1.5605761650386345
-13.059847399365273,1.0964014633190668
-13.040988413951027,-0.06533177997184347
-13.02212942853678,0.6249310544427359
-13.003270443122535,1.6699809007579187
-12.98441145770829,-0.3585622207396887
-12.965552472294043,0.26453399527503696
-12.946693486879798,1.7405130805440137
-12.92783450146555,0.3972243045875626
-12.908975516051306,1.2697055168254994
-12.890116530637059,1.416623002383329
-12.871257545222814,0.9663842208474918
-12.852398559808568,1.1028775849263914
-12.833539574394322,1.2448351865759308
-12.814680588980076,-0.11944094255532456
-12.79582160356583,0.7373863142667351
-12.776962618151584,0.3270112198097764
-12.758103632737338,0.9039700398768069
-12.739244647323094,0.1392165641525549
-12.720385661908846,0.31661613282295764
-12.701526676494602,1.017246062532906
-12.682667691080354,-0.15327352581761855
-12.66380870566611,-0.37605289355067006
-12.644949720251862,-0.45408134786591847
-12.626090734837618,-0.027754591419519747
-12.607231749423372,0.4419362290554277
-12.588372764009126,-0.770561559754541
-12.56951377859488,1.0737592070951638
-12.550654793180634,0.30514241818253357
-12.531795807766388,0.1948923533676234
-12.512936822352142,0.7427061337443971
-12.494077836937898,-0.6395203704896026
-12.47521885152365,1.285799099490129
-12.456359866109405,0.17593769389616626
-12.437500880695158,0.07922707306176263
-12.418641895280913,1.1036096390406582
-12.399782909866666,0.7403674441699652
-12.380923924452421,0.08010821738877816
-12.362064939038175,1.421067903975235
-12.34320595362393,1.166068726505624
-12.324346968209683,0.9710985565783807
-12.305487982795437,-0.08440909674413277
-12.286628997381191,0.9671551536502729
-12.267770011966945,1.019726102754993
-12.248911026552701,1.4668722986338096
-12.230052041138453,1.255795382099394
-12.211193055724209,0.18166525445006
-12.192334070309961,0.9931383407913057
-12.173475084895717,0.5783835163278074
-12.15461609948147,1.0036916793454815
-12.135757114067225,0.5352635091361018
-12.116898128652979,-0.4275394824346286
-12.098039143238733,1.4245968488146268
-12.079180157824487,-0.4216496641840127
-12.06032117241024,1.5185016665644981
-12.041462186995995,0.2657753164377191
-12.022603201581749,0.8396726691839494
-12.003744216167505,0.7744684827871409
-11.984885230753257,0.5662381427877579
-11.966026245339012,0.48802061722788764
-11.947167259924765,1.3723985277050417
-11.92830827451052,0.692989225524373
-11.909449289096274,1.0910584729781505
-11.890590303682028,0.44790229568717355
-11.871731318267782,1.0989499965894394
-11.852872332853536,1.4235624119347126
-11.83401334743929,0.40064014862420483
-11.815154362025044,1.13093121806867
-11.796295376610798,0.28905246935535317
-11.777436391196552,-0.20349141737580934
-11.758577405782308,-0.20452895380216662
-11.73971842036806,0.5374023450001174
-11.720859434953816,0.5777757093147036
-11.702000449539568,0.011633425263591679
-11.683141464125324,-0.5206674933420861
-11.664282478711078,0.5604119800705482
-11.645423493296832,0.005399768141366834
-11.626564507882586,-0.26083079934559805
-11.60770552246834,0.16572487137852107
-11.588846537054094,-0.5655060903978062
-11.569987551639848,0.10361533578638604
-11.551128566225602,0.48889193707878575
-11.532269580811356,-0.15892536234675037
-11.513410595397112,0.9952689824409895
-11.494551609982864,-0.17527284218116196
-11.47569262456862,0.49198783665798695
-11.456833639154372,0.1486596390540181
-11.437974653740127,-0.14636614191128605
-11.419115668325881,0.7816958821568707
-11.400256682911635,0.7502627685804846
-11.38139769749739,-0.11012963573861467
-11.362538712083143,0.3995710519168878
-11.343679726668897,0.29199812644542883
-11.324820741254651,-0.13285939079242604
-11.305961755840405,0.2978648689291962
-11.28710277042616,0.3134097471504607
-11.268243785011915,0.7302907856433332
-11.249384799597667,0.07431654578365643
-11.230525814183423,0.3112376881236978
-11.211666828769175,0.9738999034196084
-11.192807843354931,-1.4800202821819413
-11.173948857940685,-0.15304692524112548
-11.155089872526439,-0.16582405696180047
-11.136230887112193,-0.4788681234949016
-11.117371901697947,1.533710562813328
-11.0985129162837,0.07821371263651236
-11.079653930869455,0.36077040294515206
-11.06079494545521,-0.23207541447444194
-11.041935960040963,0.3952905809728506
-11.023076974626719,0.6838692736696755
-11.00421798921247,0.5462890455582107
-10.985359003798226,0.35155718538766834
-10.966500018383979,-0.06099320423711177
-10.947641032969734,0.37635298758056857
-10.928782047555488,0.9683355391227219
-10.909923062141242,0.7132498638209777
-10.891064076726996,-0.08524712021870698
-10.87220509131275,0.4526120893120922
-10.853346105898504,1.1048785999610142
-10.834487120484258,0.2582487051618829
-10.815628135070012,0.1400677364233042
-10.796769149655766,-0.41973159776939245
-10.77791016424152,-0.20067364058362355
-10.759051178827276,0.38396074032216926
-10.74019219341303,0.20088875042635124
-10.721333207998784,0.43397646434561815
-10.702474222584538,-0.09492937335045143
-10.683615237170292,-0.5927870403108871
-10.664756251756046,0.05250422878229061
-10.6458972663418,-0.8590438847837006
-10.627038280927554,0.1529419958380505
-10.608179295513308,0.5793643009051241
-10.589320310099062,-1.1086862979646561
-10.570461324684816,-0.2820601184893503
-10.55160233927057,1.0752855484306354
-10.532743353856324,0.7510059439344852
-10.51388436844208,1.038706662708068
-10.495025383027833,0.19325687672286532
-10.476166397613587,-0.3777310636756147
-10.457307412199341,-0.09834076088867841
-10.438448426785095,0.5001563646067689
-10.41958944137085,1.0522527919415814
-10.400730455956603,-0.5122571570900449
-10.381871470542357,-0.2372767340806783
-10.363012485128111,0.04649096585859138
-10.344153499713865,0.14281236825484955
-10.32529451429962,-1.2714529063048756
-10.306435528885373,-0.3844584915127044
-10.287576543471127,-0.1193198420403582
-10.268717558056883,-0.4117243123681888
-10.249858572642637,-0.2455981992773659
-10.230999587228391,-0.0016810130116412941
-10.212140601814145,-0.08720438651137545
-10.193281616399899,0.49112123033632304
-10.174422630985653,0.5122284655284062
-10.155563645571407,0.28017205673248324
-10.13670466015716,-0.5544054792021029
-10.117845674742915,-0.8178158046753737
-10.098986689328669,0.05367395278991689
-10.080127703914423,-0.0657039825422561
-10.061268718500177,0.6195496479100143
-10.04240973308593,-0.2338711787884773
-10.023550747671687,0.059930458115512814
-10.00469176225744,-0.4045027569511273
-9.985832776843194,-0.7056507206559726
-9.966973791428948,-0.5844746261125175
-9.948114806014702,-0.7634934709622364
-9.929255820600456,-0.023846009788269062
-9.91039683518621,0.6383103765867004
-9.891537849771964,-1.0688448504382182
-9.872678864357718,-0.2172656649850421
-9.853819878943472,-0.20939447727827584
-9.834960893529226,-0.4335481213307325
-9.81610190811498,-0.3750108319363218
-9.797242922700736,-0.0823898087835247
-9.77838393728649,-0.39086178545998235
-9.759524951872244,-0.22504693150925154
-9.740665966457998,0.10281246286767709
-9.721806981043752,0.03877632457286315
-9.702947995629506,-0.3536536122820697
-9.68408901021526,0.22954788878429042
-9.665230024801014,0.45508742474947256
-9.646371039386768,-0.6049342533388795
-9.627512053972522,0.13319243704857175
-9.608653068558276,-0.16892969584328554
-9.58979408314403,-0.06981524868259736
-9.570935097729784,0.17513066112984854
-9.55207611231554,-0.44061570664225125
-9.533217126901294,-0.4366335047480653
-9.514358141487048,-0.568316893324773
-9.495499156072801,-0.6717250250086313
-9.476640170658555,-0.5068119061118461
-9.45778118524431,-0.4062194148496439
-9.438922199830063,0.33924593513764284
-9.420063214415817,-0.3224892503695197
-9.401204229001571,0.38219758754870947
-9.382345243587325,-0.12100375492728768
-9.36348625817308,-0.972026763936774
-9.344627272758833,-0.3292342883716156
-9.325768287344587,-0.4913651180556157
-9.306909301930343,-0.5907145389511498
-9.288050316516097,-0.6583176194179983
-9.269191331101851,-1.122709794364952
-9.250332345687605,-1.1031916086431628
-9.231473360273359,-0.27535133803707357
-9.212614374859113,-0.6478224008455575
-9.193755389444867,-0.4895155933984554
-9.174896404030621,-1.326663759466323
-9.156037418616375,-0.29463908320067234
-9.137178433202129,-0.566698057319572
-9.118319447787883,-0.7515089273863715
-9.099460462373637,-0.5281790562713475
-9.08060147695939,-0.781097143657015
-9.061742491545147,0.0844126809343329
-9.0428835061309,-0.5845538706559098
-9.024024520716655,0.014764827273523351
-9.005165535302408,-0.05436631798621172
-8.986306549888162,-0.47364770480931706
-8.967447564473916,-0.4734295223959932
-8.94858857905967,-0.5753882492866405
-8.929729593645424,-0.6220451016427069
-8.910870608231178,-0.005375474997846408
-8.892011622816932,-0.6428627523667827
-8.873152637402686,0.74577224085529
-8.85429365198844,0.5182034699648702
-8.835434666574194,-0.5563412320089911
-8.81657568115995,-0.34706790739125926
-8.797716695745704,-1.251755386064389
-8.778857710331458,-1.0526315543623683
-8.759998724917212,0.1351253686995365
-8.741139739502966,-0.32727625440222097
-8.72228075408872,-0.8730726702634563
-8.703421768674474,-0.0553916267648526
-8.684562783260228,-0.5921313891822136
-8.665703797845982,-0.25470900756796094
-8.646844812431736,-0.8343190658742214
-8.62798582701749,-0.21790897143395438
-8.609126841603244,-0.6204557716287977
-8.590267856188998,0.13179515504441952
-8.571408870774754,-0.6618910738781063
-8.552549885360508,-0.7766299824349583
-8.533690899946262,0.31152511973202834
-8.514831914532015,0.009900112804824168
-8.49597292911777,-0.11279461387145046
-8.477113943703523,-0.8426305435659964
-8.458254958289277,-1.2351924481743695
-8.439395972875031,-0.2547823907541365
-8.420536987460785,-0.10788446688691428
-8.40167800204654,-0.5126176160891537
-8.382819016632293,-1.1810849932148653
-8.363960031218047,-0.7184920770153942
-8.345101045803803,-0.45976053726482796
-8.326242060389557,-0.6267797240247945
-8.307383074975311,-1.1185549323453452
-8.288524089561065,-0.5416067817987329
-8.269665104146819,-0.11266397476273904
-8.250806118732573,-0.6679979649422109
-8.231947133318327,-1.0458575213840755
-8.213088147904081,-0.6504842172193384
-8.194229162489835,-1.475924854101596
-8.175370177075589,-1.420872893573014
-8.156511191661343,-0.050180611649894624
-8.137652206247097,-0.7116108815595793
-8.11879322083285,-0.6065704750869417
-8.099934235418607,-0.4796603123228917
-8.08107525000436,-0.38201697078321817
-8.062216264590115,-0.7468596260069057
-8.043357279175869,-1.0236797124432597
-8.024498293761622,-0.5857320978269661
-8.005639308347376,-0.15262821990658004
-7.9867803229331304,-1.0053897662495535
-7.967921337518884,-0.5756918572611156
-7.949062352104638,-0.7048420134465101
-7.930203366690392,-0.8277831469464954
-7.911344381276146,-0.4861121205334955
-7.8924853958619,-1.4126642269663492
-7.873626410447654,-0.5057317617088294
-7.85476742503341,-0.7803736790373674
-7.835908439619164,-2.300880517621937
-7.817049454204918,-0.8181746225850954
-7.798190468790672,-0.4564764808417671
-7.779331483376426,-0.4683184301398915
-7.76047249796218,-0.7657684991649059
-7.741613512547934,-1.2490876670996285
-7.722754527133688,-1.0393854005942211
-7.703895541719442,-0.47011042465531555
-7.685036556305196,-0.9787763782690337
-7.66617757089095,-0.8717512320074909
-7.647318585476704,-0.5628413285443613
-7.628459600062458,-0.8569096799507785
-7.609600614648214,-0.6162713177984951
-7.590741629233968,-0.479159352462381
-7.5718826438197215,-0.48000022840518614
-7.5530236584054755,-0.9673555638385516
-7.5341646729912295,-0.9722153638783574
-7.5153056875769835,-0.5214402269538969
-7.4964467021627375,-0.8111674849802266
-7.477587716748491,0.04489311518482686
-7.458728731334245,-0.6842999581114445
-7.439869745919999,-0.9521495154397316
-7.421010760505753,-1.266640097483844
-7.402151775091507,-1.355306522199061
-7.383292789677263,-0.2281885596730736
-7.364433804263017,-0.70950278511166
-7.345574818848771,-0.2345838924408562
-7.326715833434525,-0.4025195119478444
-7.307856848020279,-0.6825972058145949
-7.288997862606033,-0.5949945867244903
-7.270138877191787,-0.6515117270677885
-7.251279891777541,-0.5184933432619665
-7.232420906363295,-0.4063929323413307
-7.213561920949049,-0.11101889277823596
-7.194702935534803,-1.016358219390474
-7.175843950120557,-2.027296568260504
-7.156984964706311,-0.5463920935710402
-7.138125979292067,-0.7117463673543492
-7.119266993877821,-1.108149880670541
-7.100408008463575,-0.8033501934998306
-7.0815490230493285,-0.6540305416289053
-7.0626900376350825,-1.616388978781186
-7.0438310522208365,-1.299320548742985
-7.0249720668065905,-1.1864207910071183
-7.0061130813923445,-0.08536044203047388
-6.987254095978098,-0.4822348816325436
-6.968395110563852,-0.14617342643785347
-6.949536125149606,-0.7511249971223629
-6.93067713973536,-0.5556678404406927
-6.911818154321114,-1.5506879098193231
-6.89295916890687,-1.2908847321443415
-6.874100183492624,-0.35877263777800006
-6.855241198078378,-1.3647930397160464
-6.836382212664132,0.36659559462916946
-6.817523227249886,-0.9478744742735681
-6.79866424183564,0.23361114966425445
-6.779805256421394,-0.8565002271722586
-6.760946271007148,-0.9079859076719612
-6.742087285592902,-1.3497774776477232
-6.723228300178656,-1.4786873992495824
-6.70436931476441,-0.7846122328494554
-6.685510329350164,-1.4844519569579173
-6.666651343935918,-1.06576631579164
-6.647792358521674,-1.3131120750832816
-6.628933373107428,-0.6850053293161971
-6.610074387693182,-0.5046899504472734
-6.5912154022789355,-0.4445586632239951
-6.5723564168646895,-1.0440869376093729
-6.5534974314504435,-0.6424983439960061
-6.5346384460361975,-0.9763630800917822
-6.5157794606219515,-1.3262427055671475
-6.496920475207705,-1.3684845027361456
-6.478061489793459,-0.9769851668727654
-6.459202504379213,-0.7001662913615954
-6.440343518964967,-0.7032574659396813
-6.421484533550721,-0.8412896886800867
-6.402625548136477,-0.977603681794799
-6.383766562722231,-0.6844821059568975
-6.364907577307985,-0.44836893896724844
-6.346048591893739,-0.9805793225773487
-6.327189606479493,-0.6993467561764434
-6.308330621065247,-0.7890343613251886
-6.289471635651001,-1.060942664431868
-6.270612650236755,-0.8979200313008532
-6.251753664822509,-0.9804894563121422
-6.232894679408263,-0.8160747723940542
-6.214035693994017,-1.7460349142651708
-6.195176708579771,-0.8675546218319636
-6.176317723165525,-0.8249468663848669
-6.157458737751281,-0.6489992321516427
-6.138599752337035,-1.0723256023224605
-6.119740766922789,-0.9544264761118894
-6.1008817815085425,-1.1549687849476826
-6.0820227960942965,-0.7950710527043015
-6.0631638106800505,-1.3497987665674285
-6.0443048252658045,-1.1056395074894527
-6.0254458398515585,-0.6595051891491266
-6.006586854437312,-1.2569325106872382
-5.987727869023066,-0.9024284863313754
-5.96886888360882,-1.7799592353879476
-5.950009898194574,-1.122938942965354
-5.93115091278033,-0.3117794568595341
-5.912291927366084,-1.0810159443417882
-5.893432941951838,-1.0917068515793398
-5.874573956537592,-0.4250168770917535
-5.855714971123346,-1.4167947103096734
-5.8368559857091,-0.8945344810903633
-5.817997000294854,-0.5513647299896569
-5.799138014880608,-0.7269287903251556
-5.780279029466362,-0.939521857888869
-5.761420044052116,-1.0961583763539184
-5.74256105863787,-1.0642060513075071
-5.723702073223624,-1.1665757340319134
-5.704843087809378,-1.1917666592929461
-5.685984102395134,-1.000410825942334
-5.667125116980888,-1.3360524750250025
-5.648266131566642,-0.7810639833091942
-5.629407146152396,-0.9114934465935339
-5.6105481607381495,-0.8693466105861224
-5.5916891753239035,-0.44625121189796846
-5.5728301899096575,-1.3316162272328078
-5.5539712044954115,-1.0379096020795875
-5.5351122190811655,-0.1871871160757983
-5.516253233666919,-0.7878791917644897
-5.497394248252673,-1.514328872264124
-5.478535262838427,-0.7278666671388447
-5.459676277424181,-1.0563866932238424
-5.440817292009937,-1.668568778888722
-5.421958306595691,-1.6727606902267471
-5.403099321181445,-0.9382197850457099
-5.384240335767199,-1.3591530639212281
-5.365381350352953,-0.6603610109147369
-5.346522364938707,-1.2461148661169477
-5.327663379524461,-1.0388482402783694
-5.308804394110215,-0.762881686382956
-5.289945408695969,-0.9223571553380857
-5.271086423281723,-1.064617797177011
-5.252227437867477,-0.8699427549201934
-5.233368452453231,-1.021764720773371
-5.214509467038985,-1.3439631571996362
-5.195650481624741,-1.1114921754782503
-5.176791496210495,-0.8997172553748005
-5.157932510796249,-0.828042796166417
-5.139073525382003,-0.8901262894552282
-5.1202145399677566,-0.31886205785872157
-5.1013555545535105,-1.0014269175249895
-5.0824965691392645,-0.7194888822719185
-5.0636375837250185,-0.6159929636012753
-5.0447785983107725,-1.3086249172057038
-5.0259196128965264,-1.6056069690168235
-5.00706062748228,-0.8481549027392474
-4.988201642068034,-1.0619413770556436
-4.96934265665379,-0.6199746966927624
-4.950483671239544,-0.7259095502621356
-4.931624685825298,-1.0342353881662927
-4.912765700411052,-0.6596732724852614
-4.893906714996806,-0.9998179737465211
-4.87504772958256,-0.9171443150073132
-4.856188744168314,-1.2934853900051926
-4.837329758754068,-1.3104827532121535
-4.818470773339822,-0.9642300364418078
-4.799611787925576,-1.3072054355054723
-4.78075280251133,-1.0386395237905681
-4.761893817097084,-0.6249703553542554
-4.743034831682838,-0.5090440660256899
-4.724175846268594,-0.9672500153570243
-4.705316860854348,-0.49509428650807563
-4.686457875440102,-1.0117482141884717
-4.667598890025856,-0.698550506012903
-4.64873990461161,-1.0626158865769488
-4.6298809191973636,-0.6058003459752843
-4.6110219337831175,-0.7591247350712519
-4.5921629483688715,-1.8237885228991506
-4.5733039629546255,-1.099293751232474
-4.5544449775403795,-1.6353490410132987
-4.5355859921261334,-0.569281103863204
-4.516727006711887,-0.8005378040036095
-4.497868021297641,-1.0453118871060345
-4.479009035883397,-0.9377615812874579
-4.460150050469151,-1.446475550926156
-4.441291065054905,-1.2288883275334173
-4.422432079640659,-1.4201563738805363
-4.403573094226413,-1.2508647360471772
-4.384714108812167,-0.7415176905428852
-4.365855123397921,-1.5942738552007159
-4.346996137983675,-0.4841764651540286
-4.328137152569429,-0.6428624807043344
-4.309278167155183,-1.071618772281298
-4.290419181740937,-1.1976289388339862
-4.271560196326691,-1.1671569859902537
-4.252701210912445,-1.1290509822427852
-4.233842225498201,-1.098695068383073
-4.214983240083955,-0.8668659573628824
-4.196124254669709,-1.2566714464726854
-4.177265269255463,-0.42211556684651663
-4.158406283841217,-0.4906485139816618
-4.139547298426971,-1.1013116675546204
-4.1206883130127245,-0.34572599287080896
-4.1018293275984785,-1.0229067158880774
-4.0829703421842325,-1.1679749658494747
-4.0641113567699865,-0.4561798095118709
-4.0452523713557405,-0.4848836106954445
-4.026393385941494,-1.1142776550591882
-4.007534400527248,-0.7513638549034126
-3.988675415113004,-1.05601787503636
-3.969816429698758,-0.9884969748951716
-3.950957444284512,-1.02513043001913
-3.932098458870266,-1.235554002999215
-3.91323947345602,-1.0080691729394746
-3.894380488041774,-0.4141783414248099
-3.875521502627528,-1.1199338658185547
-3.856662517213282,-0.7535136099430779
-3.837803531799036,-0.5523633357486175
-3.81894454638479,-0.5552326401198358
-3.800085560970544,-0.39492047893448756
-3.781226575556298,-0.9681223102060409
-3.762367590142052,-0.8341193114921588
-3.7435086047278077,-1.4993048076119226
-3.7246496193135616,-0.10940229939101553
-3.7057906338993156,0.015668177359754454
-3.6869316484850696,-1.0284462144525481
-3.6680726630708236,-1.0237521454411935
-3.6492136776565776,-0.7870876552541621
-3.6303546922423315,-0.5981715677551578
-3.6114957068280855,-0.8592350095287257
-3.5926367214138395,-0.41519340038649527
-3.5737777359995935,-0.8724116064576256
-3.5549187505853475,-1.3952605251438295
-3.5360597651711014,-0.6421251360634292
-3.517200779756857,-0.463006708331251
-3.498341794342611,-1.312761536867534
-3.479482808928365,-1.5040798303253125
-3.460623823514119,-0.9799254110104219
-3.441764838099873,-0.6597952626262429
-3.422905852685627,-1.4017525569370979
-3.404046867271381,-1.3270842858819685
-3.385187881857135,-0.8779705876449574
-3.366328896442889,-1.156449992062527
-3.347469911028643,-1.2454371372204946
-3.328610925614397,-0.7532392096210582
-3.309751940200151,-0.6028561827995395
-3.290892954785905,-0.9090105128097123
-3.2720339693716607,-0.22895976683003583
-3.2531749839574147,-1.1201915651866632
-3.2343159985431686,-0.30454942382021655
-3.2154570131289226,-0.8385022624915637
-3.1965980277146766,-0.5979610195966876
-3.1777390423004306,-0.12655179949223383
-3.1588800568861846,-0.8105614174654405
-3.1400210714719385,-1.0528419666306235
-3.1211620860576925,-0.6578632346290951
-3.1023031006434465,0.009131214133656362
-3.0834441152292005,-1.4082066439730165
-3.0645851298149545,-0.9737320844964248
-3.0457261444007084,-0.5796496889719495
-3.026867158986464,-1.0693281876620668
-3.008008173572218,-0.5851153415103115
-2.989149188157972,-1.2167500577330355
-2.970290202743726,-0.20694832754606685
-2.95143121732948,-0.5782753612708982
-2.932572231915234,-0.7543304955127724
-2.913713246500988,-0.38157286554934094
-2.894854261086742,-1.0970696025761217
-2.875995275672496,-0.8562784556291385
-2.85713629025825,-0.7429338358236613
-2.8382773048440058,-0.9319675216657082
-2.819418319429758,-0.8948014449483233
-2.8005593340155137,-1.0093465570754756
-2.781700348601266,-0.6581636886669547
-2.7628413631870217,-1.1872263315931963
-2.743982377772774,-1.0387608415264542
-2.7251233923585296,-1.0690247564284472
-2.706264406944282,-0.3866792928514179
-2.6874054215300376,-0.7070901225623119
-2.6685464361157933,-0.35771181623181003
-2.6496874507015455,-0.9493757506507474
-2.6308284652873013,-0.6743847325931411
-2.6119694798730535,-0.7519190156737507
-2.5931104944588093,-0.9649626104136185
-2.5742515090445615,-0.3426147607715139
-2.555392523630317,-0.6288704652450203
-2.5365335382160694,-1.1052680940269437
-2.517674552801825,-0.06027321551664533
-2.4988155673875774,-0.4940963845258108
-2.479956581973333,-1.2574740388919854
-2.4610975965590853,-0.6158548203726546
-2.442238611144841,-0.7124066583896561
-2.423379625730597,-0.392713075604829
-2.404520640316349,-1.208841285495874
-2.385661654902105,-0.37672267478374477
-2.366802669487857,-1.3180091214223242
-2.3479436840736128,-0.6938209445947816
-2.329084698659365,-0.4938162802602195
-2.3102257132451207,-0.6530267900381069
-2.291366727830873,-0.7277923205536898
-2.2725077424166287,-0.7047254928047152
-2.253648757002381,-0.7099735407857776
-2.2347897715881366,-0.35532988333689597
-2.215930786173889,-0.6247216949016287
-2.1970718007596446,-0.4307259302609855
-2.1782128153454003,-0.6478007885337206
-2.1593538299311525,-0.6385934727512748
-2.1404948445169083,-0.06736153306238457
-2.1216358591026605,0.29664703544768134
-2.1027768736884163,-0.31515670265397355
-2.0839178882741685,-0.64413955504762
-2.065058902859924,-0.6092760481836049
-2.0461999174456764,0.16326965812519867
-2.027340932031432,-0.8674237416495436
-2.0084819466171844,-0.4680107532113242
-1.9896229612029401,-0.815272268166753
-1.9707639757886923,-0.8855889365825551
-1.951904990374448,-0.8948591627759674
-1.9330460049602038,-0.1883908993186033
-1.914187019545956,-0.8565852654041433
-1.8953280341317118,-1.2502708690399105
-1.876469048717464,-0.7312395330062201
-1.8576100633032198,-0.3706132703013253
-1.838751077888972,-0.5434485174061571
-1.8198920924747277,0.3431112110993024
-1.80103310706048,-0.034809237724710784
-1.7821741216462357,-0.6540843852343284
-1.7633151362319879,-0.9205847362907006
-1.7444561508177436,-0.1063811984657202
-1.7255971654034958,-0.8008524954410945
-1.7067381799892516,-0.9053656140424532
-1.6878791945750073,-1.0002859824942987
-1.6690202091607595,-1.2700239872752168
-1.6501612237465153,-0.7078334753644614
-1.6313022383322675,-0.7956354248722407
-1.6124432529180233,-0.9865258077274883
-1.5935842675037755,-0.5222623403281572
-1.5747252820895312,-0.506376263783502
-1.5558662966752834,-0.2905659057159743
-1.5370073112610392,-0.9134573223565912
-1.5181483258467914,-0.6479795871434327
-1.4992893404325471,-0.6308612948488421
-1.4804303550182993,-0.4887186080991109
-1.461571369604055,-1.1103732021993316
-1.4427123841898108,-0.942371918451762
-1.423853398775563,0.20672667965649966
-1.4049944133613188,0.1705860636276736
-1.386135427947071,-0.39468132683619184
-1.3672764425328268,-0.5997765940200914
-1.348417457118579,0.07286886399470266
-1.3295584717043347,-0.3858359477953763
-1.310699486290087,-0.04153544004933768
-1.2918405008758427,-0.39026879599830544
-1.2729815154615949,-0.20725297219278382
-1.2541225300473506,-0.5468623347964188
-1.2352635446331028,-0.63474647239953
-1.2164045592188586,-0.3992456460142746
-1.1975455738046143,-0.7812590922744094
-1.1786865883903666,-1.0397096805247217
-1.1598276029761223,-0.7379657655471306
-1.1409686175618745,-0.06226342195656015
-1.1221096321476303,-0.05764614533366419
-1.1032506467333825,-0.8759113375124536
-1.0843916613191382,-0.7285628443583207
-1.0655326759048904,-0.1427774239168078
-1.0466736904906462,0.017454282014787326
-1.0278147050763984,0.06278324894690251
-1.0089557196621541,-0.348184134959984
-0.9900967342479063,-0.12255621161797636
-0.9712377488336621,-0.5069223693344351
-0.9523787634194179,-0.29341919495261776
-0.93351977800517,0.15642253255836874
-0.9146607925909258,-0.4496149290083139
-0.895801807176678,-0.5890335270903403
-0.8769428217624338,-0.6135699065412137
-0.858083836348186,-0.6967488691305043
-0.8392248509339417,-0.3818891305829767
-0.8203658655196939,-0.28865152874934025
-0.8015068801054497,-0.8849930817345927
-0.7826478946912019,0.031158884270050174
-0.7637889092769576,0.08147471794982489
-0.7449299238627134,-0.5166355636511639
-0.7260709384484656,0.03223941156782473
-0.7072119530342214,-0.703718475119311
-0.6883529676199736,-0.5536192449066608
-0.6694939822057293,-0.04264322784381608
-0.6506349967914815,-0.9731480155274846
-0.6317760113772373,0.035999396061203365
-0.6129170259629895,-0.16159839367707057
-0.5940580405487452,-0.8822897702694845
-0.5751990551344974,0.13456530369297368
-0.5563400697202532,0.012388649713510336
-0.5374810843060054,-0.018725376265267296
-0.5186220988917611,-0.1678480855545833
-0.4997631134775169,-0.8934714296229875
-0.4809041280632691,-0.7379940973394549
-0.46204514264902485,0.34007227506519333
-0.44318615723477706,-0.5723741941875694
-0.4243271718205328,0.046996311771901084
-0.405468186406285,0.007214144452154736
-0.38660920099204077,-0.45132484670002765
-0.36775021557779297,0.12841653481126153
-0.3488912301635487,-0.3516549347311149
-0.33003224474930093,0.8415075298647546
-0.3111732593350567,-0.789484877404725
-0.2923142739208089,-0.10802044211353871
-0.27345528850656464,-0.1365305655346606
-0.2545963030923204,-0.5051700714172895
-0.2357373176780726,-0.11499712405122212
-0.21687833226382836,-0.5754868653965449
-0.19801934684958056,-0.010668992047404909
-0.1791603614353363,0.49433082198781975
-0.16030137602108852,0.20074216931191052
-0.14144239060684427,0.4669900817370186
-0.12258340519259647,-0.06413627129905594
-0.10372441977835223,0.10254946523520275
-0.08486543436410443,-0.6094672324766015
-0.06600644894986019,-0.4501419860749077
-0.04714746353561239,-0.20476004510536383
-0.028288478121368144,0.5286750012531058
-0.009429492707123899,0.5117525583258048
0.009429492707123899,-0.5883881175735718
0.028288478121368144,0.23125071468154593
0.04714746353561594,0.5591233114988452
0.06600644894986019,-0.2068399690961769
0.08486543436410798,-0.0564787923336251
0.10372441977835223,0.4138694166601838
0.12258340519260003,-0.19357265924303982
0.14144239060684427,-0.33086954783352324
0.16030137602109207,-0.002259343237677458
0.1791603614353363,-0.04470360757368514
0.1980193468495841,-0.18418669602207072
0.21687833226382836,0.16498935069505294
0.2357373176780726,0.0965764296817948
0.2545963030923204,0.5623292550808233
0.27345528850656464,0.48889564835530014
0.29231427392081244,0.05934706824814375
0.3111732593350567,-0.1300440536804312
0.3300322447493045,-0.4325742323416362
0.3488912301635487,0.5177325719973407
0.3677502155777965,0.003817585345215785
0.38660920099204077,0.4133399736386432
0.40546818640628857,-0.802928948768659
0.4243271718205328,-0.1035777584305376
0.4431861572347806,0.04404068151002108
0.46204514264902485,0.9162424493113406
0.4809041280632691,0.25093072535827043
0.4997631134775169,-0.5744005807820061
0.5186220988917611,0.6065054274637436
0.5374810843060089,0.15015613613595633
0.5563400697202532,0.6240584930711601
0.575199055134501,-0.25269796136219336
0.5940580405487452,0.43624181203668216
0.612917025962993,0.5273946377523125
0.6317760113772373,0.9663322164468664
0.6506349967914851,0.14079064697858484
0.6694939822057293,0.4195203923764253
0.6883529676199771,-0.6546651994041153
0.7072119530342214,0.07622286065724393
0.7260709384484656,0.8006855598824092
0.7449299238627134,-0.059182508416370794
0.7637889092769576,-0.0883200299307946
0.7826478946912054,0.4034935592038018
0.8015068801054497,0.2670421751106885
0.8203658655196975,0.11145826099190048
0.8392248509339417,-0.45726480553263005
0.8580838363481895,-0.2544343320024964
0.8769428217624338,0.47762338262668813
0.8958018071766816,0.16339662233232127
0.9146607925909258,0.19133428108168446
0.9335197780051736,0.032578032514463895
0.9523787634194179,0.07534290584662476
0.9712377488336621,0.5347223358348379
0.9900967342479099,-0.28867329927711793
1.0089557196621541,0.5379898896226052
1.027814705076402,0.45226454054684523
1.0466736904906462,0.28781761146891083
1.065532675904894,1.2662143474358818
1.0843916613191382,0.16077721796336517
1.103250646733386,0.7840654076265152
1.1221096321476303,0.12878701054851258
1.140968617561878,0.0127369701105704
1.1598276029761223,-0.03346777290967212
1.17868658839037,0.34413305656208293
1.1975455738046143,0.49583348856890586
1.2164045592188586,1.0536355652438678
1.2352635446331064,-0.5421949389984424
1.2541225300473506,-0.1249595230689548
1.2729815154615984,0.37589428012460363
1.2918405008758427,0.7436652655319145
1.3106994862900905,0.3367226595081367
1.3295584717043347,1.3717906355236476
1.3484174571185825,0.7336643085097894
1.3672764425328268,0.7289622272521434
1.3861354279470746,0.2550197328580783
1.4049944133613188,0.050992982076982274
1.4238533987755666,0.9897490033228233
1.4427123841898108,0.20988213217679308
1.461571369604055,0.8777677265065149
1.480430355018303,0.399356636536269
1.4992893404325471,0.6735032214823367
1.518148325846795,1.4252830130456269
1.5370073112610392,0.08828980740716075
1.555866296675287,0.026712991621108018
1.5747252820895312,0.7028694910082968
1.593584267503779,0.7200336740135213
1.6124432529180233,0.33784093705414064
1.631302238332271,0.4942337040933374
1.6501612237465153,0.22039064050468465
1.669020209160763,0.6812744042839972
1.6878791945750073,0.6311291124729966
1.7067381799892516,0.7685979609727505
1.7255971654034994,0.7435227663662277
1.7444561508177436,0.8193848669190995
1.7633151362319914,-0.11627431031679425
1.7821741216462357,0.133882600645852
1.8010331070604835,0.14867815906674453
1.8198920924747277,0.49047993837996734
1.8387510778889755,0.5267460759441351
1.8576100633032198,0.37029826029963764
1.8764690487174676,0.5998107789517545
1.8953280341317118,0.7498570703789854
1.914187019545956,0.41065432925793555
1.9330460049602038,1.0433109658664725
1.951904990374448,0.6456235033863712
1.9707639757886959,-0.20506058801066074
1.9896229612029401,0.5386062528253676
2.008481946617188,0.8507577275494433
2.027340932031432,1.399262111216991
2.04619991744568,0.6520518140015019
2.065058902859924,0.8012682144856491
2.083917888274172,0.49837647655152056
2.1027768736884163,0.029916469193531747
2.121635859102664,0.7403384151002737
2.1404948445169083,0.28425452817221
2.1593538299311525,0.5704565875546895
2.1782128153454003,0.7043993155322219
2.1970718007596446,0.8345860668018521
2.2159307861738924,0.5042115559207941
2.2347897715881366,0.588735538317358
2.2536487570023844,1.443742473275189
2.2725077424166287,0.03912969345530881
2.2913667278308765,0.6591568149612128
2.3102257132451207,0.6501935267020058
2.3290846986593685,1.3178948433690905
2.3479436840736128,0.8942508262992863
2.3668026694878606,0.4477099139568349
2.385661654902105,0.14903855728229953
2.404520640316349,0.024729497522175792
2.423379625730597,0.420901316064288
2.442238611144841,0.9238917133060183
2.461097596559089,-0.19109872328084943
2.479956581973333,1.1030987312454696
2.498815567387581,0.5402824861913219
2.517674552801825,0.6616116112843842
2.536533538216073,0.8668164089584576
2.555392523630317,0.2605549763524378
2.574251509044565,0.8768112661305021
2.5931104944588093,0.4237516704122211
2.611969479873057,0.011767818266214869
2.6308284652873013,1.0292735896410594
2.6496874507015455,1.24449040090614
2.6685464361157933,1.0180473448575638
2.6874054215300376,0.8084832355141315
2.7062644069442854,0.5022491289538789
2.7251233923585296,0.5764997925223225
2.7439823777727774,0.419942202999623
2.7628413631870217,0.6200529114874858
2.7817003486012695,0.6913569788731364
2.8005593340155137,1.0380251019325535
2.8194183194297615,0.6101099863419215
2.8382773048440058,0.6367904826570251
2.8571362902582536,0.848269194354615
2.875995275672498,1.5417746966809487
2.894854261086742,0.7579030112427357
2.91371324650099,0.8268207040588635
2.932572231915234,0.44535568418364924
2.951431217329482,0.9499652873958488
2.970290202743726,1.1120096706851097
2.989149188157974,0.5483297105103966
3.008008173572218,0.40785522361605814
3.026867158986466,0.7496783492358099
3.04572614440071,1.0962441658006281
3.064585129814958,1.0384789262455376
3.0834441152292023,1.2876668553993695
3.10230310064345,0.9032641709220326
3.1211620860576943,1.3001519678536946
3.1400210714719385,1.172284420459627
3.1588800568861863,0.8701144811684628
3.1777390423004306,0.42566088497934446
3.1965980277146784,0.6414432123456315
3.2154570131289226,1.0506253532918066
3.2343159985431704,1.3739117373796925
3.2531749839574147,1.126437400786201
3.2720339693716625,0.982993780680167
3.2908929547859067,0.4857457453474084
3.3097519402001545,1.280654867803197
3.3286109256143988,0.8248442766036231
3.3474699110286465,0.7379405248297304
3.366328896442891,1.3884329589275453
3.385187881857135,1.0445260720499712
3.404046867271383,0.7923819260169693
3.422905852685627,-0.0607778237911355
3.441764838099875,1.1129080722716869
3.460623823514119,1.0876724420310733
3.479482808928367,0.9040660906899983
3.498341794342611,1.6719783344634092
3.517200779756859,0.6620931969140706
3.536059765171103,1.1553681489787593
3.554918750585351,0.9325762832842311
3.5737777359995953,1.2264386255888922
3.592636721413843,0.5684710594203666
3.6114957068280873,1.1617029631281914
3.6303546922423315,1.0367806120038097
3.6492136776565793,0.9979947866156462
3.6680726630708236,1.569800396175385
3.6869316484850714,1.2343541288002142
3.7057906338993156,0.8336145879200785
3.7246496193135634,1.0626039444102047
3.7435086047278077,0.07931256406076448
3.7623675901420555,0.6516625456067314
3.7812265755562997,0.911670882103663
3.8000855609705475,1.1894147986154644
3.8189445463847917,0.4706672710337753
3.8378035317990395,0.15579070484916235
3.856662517213284,1.0920791894294697
3.875521502627528,1.1789939543621888
3.894380488041776,1.2520820613164498
3.91323947345602,0.6672975334258641
3.932098458870268,0.23966648638394128
3.950957444284512,1.1057756222139725
3.96981642969876,0.6232028774943257
3.988675415113004,0.5743758862374934
4.007534400527252,1.203093430865533
4.026393385941496,1.0060245861617747
4.045252371355744,1.18879285289882
4.064111356769988,0.4720853734118393
4.0829703421842325,0.43800653387412547
4.10182932759848,1.500965747909468
4.1206883130127245,0.9129609746851435
4.139547298426972,0.5202243213520062
4.158406283841217,1.4102420391228085
4.177265269255464,0.58302914990049
4.196124254669709,0.8113049874067904
4.214983240083956,1.4171788860325276
4.233842225498201,1.0846942295290827
4.2527012109124485,0.9637998305570059
4.271560196326693,1.1640622071686084
4.2904191817409405,0.4347021372565816
4.309278167155185,1.844984025102947
4.328137152569429,1.2323038693402295
4.346996137983677,1.1322702561403557
4.365855123397921,0.6997658315555368
4.384714108812169,1.2777745006928245
4.403573094226413,1.06019140619055
4.422432079640661,0.9000668018152151
4.441291065054905,0.6743238014128806
4.460150050469153,0.7800800345511534
4.479009035883397,1.3018816306018985
4.497868021297645,0.2645805400255513
4.516727006711889,1.0600763827344082
4.535585992126137,0.9731824599256567
4.554444977540381,1.1923852231350442
4.5733039629546255,1.050053164892435
4.592162948368873,1.3516118420808247
4.6110219337831175,1.1865975510567455
4.629880919197365,0.7888806191220361
4.64873990461161,0.9419927379908082
4.667598890025857,0.9454927877855805
4.686457875440102,0.7196451891081572
4.705316860854349,2.207695235504027
4.724175846268594,1.2913180508442692
4.7430348316828415,0.5133154616578237
4.761893817097086,0.2704431402642047
4.7807528025113335,1.3387020367141016
4.799611787925578,1.5983749788905701
4.818470773339822,1.917928430838652
4.83732975875407,0.7447784946920896
4.856188744168314,1.7453012542658373
4.875047729582562,1.651164881443751
4.893906714996806,0.7610101244464208
4.912765700411054,1.4355104077419887
4.931624685825298,0.34998557007606224
4.950483671239546,1.2320375406628883
4.96934265665379,1.4364636587644888
4.988201642068038,1.276346465169734
5.007060627482282,1.0270022203244182
5.02591961289653,0.172500382144414
5.044778598310774,0.9967907887813874
5.0636375837250185,0.7451391848601081
5.082496569139266,1.2559292831233448
5.1013555545535105,1.3244557501028607
5.120214539967758,1.312940092709288
5.139073525382003,0.3806983731011683
5.15793251079625,1.7685414949040128
5.176791496210495,1.278066172168233
5.195650481624742,0.5412882156038197
5.214509467038987,0.7990533467893367
5.2333684524532345,1.3569522071152365
5.252227437867479,0.9276840970185493
5.2710864232817265,0.676817853122625
5.289945408695971,1.1001470842457242
5.308804394110215,1.5262863238711941
5.327663379524463,1.0568487461065987
5.346522364938707,0.7635887467571294
5.365381350352955,1.6944765665065096
5.384240335767199,1.4295258534443687
5.403099321181447,0.8779777529544743
5.421958306595691,1.0684425531541266
5.440817292009939,2.0544682581350844
5.459676277424183,0.416066285517138
5.478535262838431,0.8961917378044463
5.497394248252675,1.219551663270474
5.516253233666923,0.8436241439211591
5.535112219081167,0.579052703413454
5.5539712044954115,0.9212599047926844
5.572830189909659,0.9714330630791541
5.5916891753239035,0.4279143786948325
5.610548160738151,0.8407722344937475
5.629407146152396,0.8747685171957003
5.648266131566643,1.4678663058141492
5.667125116980888,0.7965559773238835
5.685984102395135,0.5083609467908204
5.70484308780938,0.5943557577850399
5.7237020732236275,0.79925352401344
5.742561058637872,0.9141107190348007
5.7614200440521195,1.2501564878808387
5.780279029466364,1.3205062314899887
5.799138014880608,1.0198831346146398
5.817997000294856,1.8568883443453337
5.8368559857091,0.8794295869420796
5.855714971123348,0.44259618227572084
5.874573956537592,1.2181266755945257
5.89343294195184,0.9135012379973689
5.912291927366084,1.145935134250759
5.931150912780332,-0.12283934446038469
5.950009898194576,1.0522611106410997
5.968868883608824,1.2958089117548863
5.987727869023068,0.7535291886416724
6.006586854437316,0.6987129097245709
6.02544583985156,1.272491092890124
6.0443048252658045,0.24686081787787284
6.063163810680052,0.5774294763619185
6.0820227960942965,1.1045248702606976
6.100881781508544,1.478421184520959
6.119740766922789,1.6397351425285471
6.138599752337036,1.7063482390422982
6.157458737751281,0.7872865289437425
6.176317723165528,1.5228899730253802
6.195176708579773,1.4609873222109728
6.2140356939940204,0.3582898921876395
6.232894679408265,0.5846306175164375
6.2517536648225125,1.170433774728308
6.270612650236757,0.2912355103474682
6.289471635651001,1.243190295349255
6.308330621065249,0.6269396197313395
6.327189606479493,0.8381071748509894
6.346048591893741,0.6418787016391075
6.364907577307985,1.0618091280361301
6.383766562722233,0.4511640227093768
6.402625548136477,1.7097913524866408
6.421484533550725,1.1410279489664183
6.440343518964969,1.2088860794123704
6.459202504379217,0.4613411442371178
6.478061489793461,1.6392892337772453
6.496920475207709,1.6943503784866691
6.515779460621953,0.21928664635977058
6.5346384460361975,0.4925543380340298
6.553497431450445,0.9758317048273675
6.5723564168646895,0.3634771525326421
6.591215402278937,0.5780513952282885
6.610074387693182,1.1301251354690953
6.628933373107429,0.7844777119927786
6.647792358521674,1.1860752301084951
6.666651343935921,1.0386971459754188
6.685510329350166,1.054000374256211
6.7043693147644134,-0.23751063900327396
6.723228300178658,0.879088969194721
6.742087285592902,1.402358980274057
6.76094627100715,1.2874448488205905
6.779805256421394,0.7382504153184564
6.798664241835642,1.5463974504282187
6.817523227249886,0.3471799980817015
6.836382212664134,0.08820211819154988
6.855241198078378,0.8009169033949387
6.874100183492626,0.24365094383144548
6.89295916890687,0.3542676430228976
6.911818154321118,1.0204066625932555
6.930677139735362,1.460913572828523
6.94953612514961,1.1085664016017964
6.968395110563854,0.6358593473072067
6.987254095978098,1.3487952937557568
7.006113081392346,1.4578142208625848
7.0249720668065905,0.8027636592792763
7.043831052220838,0.6656816884488502
7.0626900376350825,1.315116777833575
7.08154902304933,0.5310268142108234
7.100408008463575,0.8212567596400484
7.119266993877822,1.2354544627391169
7.138125979292067,0.6166121124280651
7.156984964706314,0.24553104111133617
7.175843950120559,1.0856055180358308
7.194702935534806,0.6943345339242206
7.213561920949051,1.499986912358446
7.232420906363295,0.3968329511553588
7.251279891777543,0.9691172342145759
7.270138877191787,1.7446541864190603
7.288997862606035,1.1511541531495353
7.307856848020279,1.2758915418618706
7.326715833434527,0.29620225800417743
7.345574818848771,0.492148663234272
7.364433804263019,0.9010587617585584
7.383292789677263,1.481518171947422
7.402151775091511,1.6198423966335178
7.421010760505755,1.6813500784318869
7.439869745920003,1.7043536309171474
7.458728731334247,2.0961736757742373
7.477587716748491,1.4164293795506357
7.496446702162739,0.2385712039856568
7.5153056875769835,0.28489899934710644
7.534164672991231,1.9646193263172216
7.5530236584054755,1.450950264308903
7.571882643819723,1.0931949658861013
7.590741629233968,0.7261639906732722
7.609600614648215,0.6090616110650222
7.62845960006246,-0.10680933399355486
7.647318585476707,1.7899492342148253
7.666177570890952,1.27096294979934
7.685036556305199,0.5342924663792655
7.703895541719444,0.11081677377656773
7.722754527133688,0.983959863968704
7.741613512547936,-0.39048576458741235
7.76047249796218,2.326052172801018
7.779331483376428,0.7850732634455101
7.798190468790672,1.2478132773860282
7.81704945420492,-1.4365454494428034
7.835908439619164,0.22576656354128194
7.854767425033412,0.7867773723253727
7.873626410447656,-0.7269420913175308
7.892485395861904,1.2844291481058376
7.911344381276148,1.3066704111969942
7.930203366690396,0.1465815136415155
7.94906235210464,0.4497696849480008
7.967921337518884,1.2682615298710362
7.986780322933132,0.5281239389404347
8.005639308347376,0.5009148339117464
8.024498293761624,0.7949891963302171
8.043357279175869,0.21279841519978998
8.062216264590116,0.8819802418637821
8.08107525000436,-0.1884635729205747
8.099934235418608,1.0512644614999485
8.118793220832853,1.1726092755350344
8.1376522062471,0.6029959726456428
8.156511191661345,2.0086337204932487
8.175370177075592,0.9123589171027192
8.194229162489837,0.9347908757672285
8.213088147904081,0.6220615145630705
8.231947133318329,1.7386991799070075
8.250806118732573,1.6686095075249732
8.26966510414682,1.0247491456881437
8.288524089561065,-0.7641263900504753
8.307383074975313,0.6173554254056326
8.326242060389557,0.4712328298753794
8.345101045803805,0.6140799120786675
8.363960031218049,2.0989149126289384
8.382819016632297,0.08352930155895888
8.401678002046541,-0.22300378389024222
8.420536987460789,-1.2829539797571692
8.439395972875033,0.1331483843468218
8.458254958289277,0.024223856041086234
8.477113943703525,0.21942627271239307
8.49597292911777,0.5579828289166153
8.514831914532017,1.8647197308251084
8.533690899946262,0.4285533010138458
8.55254988536051,0.7684973941243175
8.571408870774754,-0.3684854988593451
8.590267856189001,1.227847393040082
8.609126841603246,-1.3079423812910762
8.627985827017493,0.2611667117057134
8.646844812431738,-0.4345001832393368
8.665703797845985,0.6195262339458871
8.68456278326023,2.7480012009929515
8.703421768674474,-0.665273190210719
8.722280754088722,0.39367448654461473
8.741139739502966,-0.05806318183482184
8.759998724917214,-0.031616305177909754
8.778857710331458,-0.6073840950951158
8.797716695745706,0.6698561378613702
8.81657568115995,-0.8909036902688471
8.835434666574198,-0.11345349632016544
8.854293651988442,0.2595018079304866
8.87315263740269,0.08043712118345847
8.892011622816934,1.2196955580342699
8.910870608231178,0.3496977796802292
8.929729593645426,-0.2758214862768998
8.94858857905967,2.091308332039094
8.967447564473918,2.2578479200672215
8.986306549888162,-0.3128636995327437
9.00516553530241,-0.7568865131893712
9.024024520716655,1.3795448959481535
9.042883506130902,-0.8645678944347808
9.061742491545147,-0.9584342844385034
9.080601476959394,0.9379493872382003
9.099460462373639,0.7585814900831946
9.118319447787886,0.35852336072977603
9.13717843320213,0.34580841366354304
9.156037418616375,-0.003567214248710704
9.174896404030623,0.1358032731533369
9.193755389444867,2.5792838791027526
9.212614374859115,-0.012429288858000098
9.231473360273359,0.4841218290628481
9.250332345687607,2.7452294291866663
9.269191331101851,0.6268759562281809
9.288050316516099,0.8469169646639607
9.306909301930343,-1.5746039886424221
9.32576828734459,-1.090865014297576
9.344627272758835,0.6249030062728174
9.363486258173083,-0.5228276497053823
9.382345243587327,-1.2412626563674767
9.401204229001571,0.08115585679419807
9.42006321441582,0.5172510739732483
9.438922199830063,-0.3240127658964366
9.457781185244311,1.824294968517231
9.476640170658555,1.2761868492560315
9.495499156072803,-0.24811505991110405
9.514358141487048,-0.12200852879337842
9.533217126901295,0.20139326643025515
9.55207611231554,-0.13834379238975114
9.570935097729787,-0.3613313960176162
9.589794083144032,0.8622459989268477
9.60865306855828,-0.25083966532031465
9.627512053972524,1.0733170507799457
9.646371039386768,-0.18670694464553106
9.665230024801016,0.22335171296735698
9.68408901021526,0.781640162604893
9.702947995629508,-0.4626393888923687
9.721806981043752,1.7910452784224138
9.740665966458,0.47057711022818943
9.759524951872244,-0.29207731953847477
9.778383937286492,0.03373538008343621
9.797242922700736,-1.1784487634463718
9.816101908114984,-0.6891555476186637
9.834960893529228,0.03657361256976702
9.853819878943476,0.08905921630807163
9.87267886435772,2.678097274293204
9.891537849771964,2.475741353527936
9.910396835186212,-1.0225247947234544
9.929255820600456,-0.002277122263765058
9.948114806014704,1.1785714059345351
9.966973791428948,0.1548776604144039
9.985832776843196,0.25976241758432084
10.00469176225744,2.0742970457064795
10.023550747671688,0.24394398371230586
10.042409733085933,0.46211077500343595
10.06126871850018,-0.2995129873990725
10.080127703914425,1.0079246078141166
10.098986689328672,-1.1304160884213545
10.117845674742917,0.8773912862938219
10.13670466015716,2.2181747515487467
10.155563645571409,0.5041455108515585
10.174422630985653,0.4810226582955186
10.1932816163999,0.27946074933693393
10.212140601814145,1.1699049027397317
10.230999587228393,1.8513890535530666
10.249858572642637,-0.7302014818716049
10.268717558056885,-0.5706954811163064
10.287576543471129,2.8667564198587714
10.306435528885377,0.5108101093400506
10.325294514299621,1.8066098250605171
10.344153499713869,2.4583054106679043
10.363012485128113,-1.619250862955
10.381871470542357,-0.6163056692778855
10.400730455956605,-1.0969920983288315
10.41958944137085,0.5881807743033789
10.438448426785097,-0.023338593867456223
10.457307412199341,0.8622163573462343
10.47616639761359,0.611612411527238
10.495025383027833,-1.0559795730794443
10.513884368442081,-1.5654076618855752
10.532743353856326,-0.8251221096005985
10.551602339270573,-0.32693136311506227
10.570461324684818,-0.6104368544229183
10.589320310099065,0.08534986769478399
10.60817929551331,-1.6117603972149213
10.627038280927554,-0.367861408288236
10.645897266341802,-0.7014754917194425
10.664756251756046,1.1500503616698685
10.683615237170294,-1.532348374522388
10.702474222584538,1.1854090387472225
10.721333207998786,0.547232805018405
10.74019219341303,0.5936273246392837
10.759051178827278,0.10693359667012435
10.777910164241522,0.9734380245081516
10.79676914965577,-0.5064585040569489
10.815628135070014,0.39505491064197723
10.834487120484262,0.9705524380147799
10.853346105898506,1.6082273794462767
10.87220509131275,-0.615018854070557
10.891064076726998,-1.090533469921299
10.909923062141242,-0.49863868496285324
10.92878204755549,-1.1925553601784589
10.947641032969734,-0.34766482832908896
10.966500018383982,0.6211325648485826
10.985359003798226,-0.27662491262983313
11.004217989212474,-1.1069683704078677
11.023076974626719,-1.3368657595425457
11.041935960040966,-0.23091612439918785
11.06079494545521,0.9548047863551093
11.079653930869458,0.22945314006509576
11.098512916283703,0.9729036103169253
11.117371901697947,1.0529372630423897
11.136230887112195,-0.31436543022221985
11.155089872526439,0.27144321936135424
11.173948857940687,0.3849674086907955
11.192807843354931,3.207794075351481
11.211666828769179,2.6500984966877077
11.230525814183423,-0.7165576664440002
11.24938479959767,0.48860609472689376
11.268243785011915,-1.3230390509563374
11.287102770426163,0.5594120744026401
11.305961755840407,0.6487190896106283
11.324820741254655,0.23946003166801116
11.3436797266689,0.0003158081504022192
11.362538712083143,-0.05295180922779416
11.381397697497391,0.8687192147514087
11.400256682911635,-0.35953267522232346
11.419115668325883,1.6043585430084137
11.437974653740127,-3.4412181424794275
11.456833639154375,-1.110065560782174
11.47569262456862,0.3765424205406269
11.494551609982867,-1.527056557247626
11.513410595397112,-0.5969797682999988
11.53226958081136,-1.3829920605996784
11.551128566225604,0.2962528233917429
11.569987551639848,0.6142156899103073
11.588846537054096,-1.4211823985949283
11.60770552246834,-0.3034731367819789
11.626564507882588,0.49496730214159435
11.645423493296832,0.3066664421009023
11.66428247871108,-0.9238453045993651
11.683141464125324,-0.1569482533685899
11.702000449539572,0.7291074898098306
11.720859434953816,1.0772805451132652
11.739718420368064,0.0012706165919800227
11.758577405782308,0.39122987013013966
11.777436391196556,1.355573342863066
11.7962953766108,-2.4243135053956837
11.815154362025044,0.520663649349907
11.834013347439292,-1.9802126813373016
11.852872332853536,-1.7128805045856443
11.871731318267784,0.32572315795396595
11.890590303682028,1.2773724095624994
11.909449289096276,-0.06294516876109296
11.92830827451052,0.21360109531435673
11.947167259924768,0.43589756641785443
11.966026245339012,-0.6550349525081749
11.98488523075326,-0.6497624613295967
12.003744216167505,-0.5345512496312486
12.022603201581752,0.4614977175080185
12.041462186995997,1.8115939432912196
12.06032117241024,-1.094791330975038
12.079180157824489,-0.430770297814797
12.098039143238733,0.38508823162109973
12.11689812865298,-2.523041292284427
12.135757114067225,1.1967851341621678
12.154616099481473,-0.11867679996481523
12.173475084895717,0.5754578431356947
12.192334070309965,1.1585570402352556
12.211193055724209,-0.954768091401575
12.230052041138457,-0.21518380004513127
12.248911026552701,-1.5421204252410976
12.267770011966949,-0.5372147679064667
12.286628997381193,-0.44908521377257365
12.305487982795437,-2.5482193856736224
12.324346968209685,-1.0335340100487849
12.34320595362393,-1.558016995332353
12.362064939038177,0.8994334806615855
12.380923924452421,-1.255149134914271
12.39978290986667,-0.66036662484133
12.418641895280913,0.16018659512447542
12.437500880695161,-1.0823058454749601
12.456359866109405,-0.75237041328772
12.475218851523653,-1.4196652490284634
12.494077836937898,-0.5444357853894644
12.512936822352145,0.956147232767808
12.53179580776639,-0.08624815435556482
12.550654793180634,0.11822934020918785
12.569513778594882,-0.03336051768375037
12.588372764009126,-0.4990049852270182
12.607231749423374,0.46320724108065103
12.626090734837618,-1.2793412884135815
12.644949720251866,-1.7980439821147773
12.66380870566611,-2.296581175043472
12.682667691080358,-2.3300018446749737
12.701526676494602,0.8878996251170939
12.72038566190885,0.021974233038838276
12.739244647323094,-1.463956470369482
12.758103632737342,-2.4501168894854004
12.776962618151586,0.4129784491745452
12.79582160356583,0.15320080153111126
12.814680588980078,-1.5497035901605352
12.833539574394322,0.5192043756993893
12.85239855980857,-1.9792591180906296
12.871257545222814,-3.0517343595113076
12.890116530637062,-1.766168687507144
12.908975516051306,-0.4887702953639599
12.927834501465554,0.3628440192090341
12.946693486879798,-1.5426572592642018
12.965552472294046,-0.2652928903776402
12.98441145770829,-1.0298256546731945
13.003270443122538,-2.1208943972140872
13.022129428536783,-1.812974172883835
13.040988413951027,-1.213612430447379
13.059847399365275,0.39131438189525314
13.078706384779519,-0.2679240288000724
13.097565370193767,-1.6757967012457555
13.116424355608011,-1.5113198000923505
13.135283341022259,-0.8825169946085755
13.154142326436506,-1.1019280140951146
13.173001311850747,-2.6925957704794037
13.191860297264995,-0.42600335697609815
13.210719282679243,-2.316710528598775
13.22957826809349,-0.3200829551603746
13.248437253507731,0.2327008999624004
13.267296238921979,-1.8016262786122068
13.286155224336227,1.3086090963084773
13.305014209750468,-1.43534075721554
13.323873195164715,-3.710173757565318
13.342732180578963,-0.9694229343508989
13.361591165993211,-0.8063022205928472
13.380450151407452,-1.828510236276411
13.3993091368217,-2.85017104251276
13.418168122235947,-1.1627235650032968
13.437027107650195,-2.6373884161606864
13.455886093064436,-2.284519716879339
13.474745078478684,-0.4199016542743
13.493604063892931,1.258095799060376
13.512463049307172,-1.142890518266512
13.53132203472142,-1.4027594921426214
13.550181020135668,-1.4377008524459445
13.569040005549915,0.5958213632092086
13.587898990964156,-1.3077029648604777
13.606757976378404,1.277761918068113
13.625616961792652,0.12084052492953379
13.6444759472069,-0.03139413212169029
13.66333493262114,-0.2414094224674359
13.682193918035388,-3.1232697535748803
13.701052903449636,0.19514453696982692
13.719911888863884,-0.03560863455323693
13.738770874278124,0.7511849352443527
13.757629859692372,0.4390864956188121
13.77648884510662,-0.8977876257052195
13.79534783052086,0.5622892052125616
13.814206815935108,0.9841761260185145
13.833065801349356,-0.19749849194413416
13.851924786763604,0.084277626558241
13.870783772177845,0.40966138003755115
13.889642757592092,-0.6782769360230159
13.90850174300634,-0.7230706027225541
13.927360728420588,0.2629008282286197
13.946219713834829,-1.04015892379436
13.965078699249077,0.14939223182209826
13.983937684663324,-1.1319685914488347
14.002796670077565,-0.8922531172399826
14.021655655491813,-0.5670557698712206
14.04051464090606,-2.9951311354058383
14.059373626320308,0.5127045109830871
14.078232611734549,0.35416283895865863
14.097091597148797,1.2843191808702188
14.115950582563045,0.8787729340671184
14.134809567977292,-1.4619379643549673
14.153668553391533,-1.576562580397229
14.172527538805781,-1.3735591488706986
14.191386524220029,-2.5062964966472685
14.210245509634277,-0.029106501782958483
14.229104495048517,0.9017207575654312
14.247963480462765,-2.481006002355186
14.266822465877013,-2.006778966150968
14.285681451291254,0.6883289131815487
14.304540436705501,-0.5702660019236333
14.32339942211975,-2.973512226554581
14.342258407533997,0.47383939635048955
14.361117392948238,-2.3718199922146743
14.379976378362485,-0.02571059616796645
14.398835363776733,-2.281924727103778
14.417694349190981,-1.038518328277156
14.436553334605222,-0.9565510245669612
14.45541232001947,-0.08225848231945943
14.474271305433717,-2.2488338426125845
14.493130290847958,1.2483365175211567
14.511989276262206,-0.9807875189225977
14.530848261676454,-0.7976615216129649
14.549707247090701,1.1249380071975774
14.568566232504942,-1.1826862722584484
14.58742521791919,-0.9147424862253685
14.606284203333438,-0.8754086172611933
14.625143188747685,-0.9156714486716722
14.644002174161926,-1.002032615159551
14.662861159576174,-1.1365620985249703
14.681720144990422,-0.5514063068091748
14.70057913040467,-2.5830768789292304
14.71943811581891,-1.4310338534436458
14.738297101233158,-0.9813317734491958
14.757156086647406,0.3745991674406902
14.776015072061647,-0.7812777929842778
14.794874057475894,-2.52687935129724
14.813733042890142,-0.4556537258223151
14.83259202830439,-0.7897702859873825
14.85145101371863,-1.227987118770498
14.870309999132878,-0.395487903279351
14.889168984547126,-2.1828844368999416
14.908027969961374,-0.06141177966990419
14.926886955375615,-1.897108145381908
14.945745940789863,-1.5904402773095625
14.96460492620411,-1.1345545507713353
14.983463911618351,0.7470688906328593
15.002322897032599,-1.796331991191947
15.021181882446847,0.4260096847743522
15.040040867861094,-2.057681431712783
15.058899853275335,-0.25336680956339075
15.077758838689583,-0.19124739986924832
15.09661782410383,0.6089624045276162
15.115476809518078,-2.2000898153179294
15.13433579493232,0.12553594725408335
15.153194780346567,-1.5324700054407066
15.172053765760815,-1.863269762949023
15.190912751175055,0.03380497190876364
15.209771736589303,-2.2338480918176034
15.228630722003551,-0.07884023132381113
15.247489707417799,-0.8673461945813832
15.26634869283204,-1.2170273482923415
15.285207678246287,-1.5229898282899281
15.304066663660535,-2.0680725383994822
15.322925649074783,-0.7351488480665516
15.341784634489024,-1.5593234176591615
15.360643619903271,-0.609393634191787
15.37950260531752,1.2911936510722646
15.398361590731767,-2.543087225209274
15.417220576146008,-0.022895075673542986
15.436079561560256,0.0852006944818855
15.454938546974503,-1.6636636266059956
15.473797532388744,-1.641682029601704
15.492656517802992,-1.9167874271635552
15.51151550321724,-1.3554543111359578
15.530374488631487,-3.2474874857520795
15.549233474045728,-0.33756644097997135
15.568092459459976,-1.6072381300682204
15.586951444874224,0.24955819291614656
15.605810430288471,-0.713091920296077
15.624669415702712,-0.7879626347303239
15.64352840111696,-0.012868221817393444
15.662387386531208,-0.8001018926919883
15.681246371945448,1.122337484287554
15.700105357359696,-2.438993945448552
15.718964342773944,0.3277698189956635
15.737823328188192,0.5100470958531007
15.756682313602433,-0.6481591146438774
15.77554129901668,-0.9406228840271479
15.794400284430928,-1.1697771941371389
15.813259269845176,-1.3200327339600775
15.832118255259417,0.3698297644525179
15.850977240673664,-1.5340943753429452
15.869836226087912,-1.8344168211232992
15.88869521150216,-2.5029166406756844
15.9075541969164,1.1641195929451194
15.926413182330649,-0.028300091279163664
15.945272167744896,-2.6392661179139187
15.964131153159137,-1.086387012301308
15.982990138573385,-1.042621278692311
16.001849123987633,-2.080289807085321
16.02070810940188,-0.3130724515443246
16.03956709481612,-1.4847376043658738
16.05842608023037,-3.615314652572611
16.077285065644617,0.8164306240414196
16.096144051058864,-0.8681439004740782
16.115003036473105,-1.6511720980068976
16.133862021887353,-1.3629834707870783
16.1527210073016,-0.7657172767044322
16.17157999271584,-0.9265193990130934
16.19043897813009,-2.395400078546733
16.209297963544337,-0.08746337066508769
16.228156948958585,0.8256241351027168
16.247015934372826,0.06711052989317445
16.265874919787073,-1.6928574167827244
16.28473390520132,-0.7611973953880476
16.30359289061557,0.6017240119357471
16.32245187602981,-2.1904511014490304
16.341310861444057,-2.255010349121553
16.360169846858305,-1.0421485657853558
16.379028832272553,-1.7036478459158975
16.397887817686794,0.5223554169032453
16.41674680310104,-1.152324919268497
16.43560578851529,1.339421694792431
16.45446477392953,1.2576116357077418
16.473323759343778,-0.5079303291580144
16.492182744758026,0.5086982478314115
16.511041730172273,0.7817660050853446
16.529900715586514,-3.628107457505179
16.548759701000762,-3.347219177631713
16.56761868641501,0.3697044619546209
16.586477671829257,0.640761775222606
16.605336657243498,-1.5920575416369949
16.624195642657746,-1.8151673282784548
16.643054628071994,-1.0659315259336524
16.661913613486234,-0.9460154768607966
16.680772598900482,0.4628033353069966
16.69963158431473,-0.2923799139978971
16.718490569728978,-0.0001613737799396331
16.73734955514322,-2.332387454897529
16.756208540557466,-1.6073890613335955
16.775067525971714,-1.1923906698914277
16.793926511385962,-0.6928915384637959
16.812785496800203,0.17280142668672038
16.83164448221445,-2.8933283765407585
16.850503467628698,-1.2694122203831375
16.869362453042946,0.08843815948980505
16.888221438457187,-0.0037785175479136957
16.907080423871435,-0.7902403062350446
16.925939409285682,1.0780283421988788
16.944798394699923,-0.982039553170729
16.96365738011417,0.7649046915077957
16.98251636552842,-0.7271265793911306
17.001375350942666,-0.9922890821706245
17.020234336356907,-1.5959071195506151
17.039093321771155,-1.8795798181006331
17.057952307185403,0.1169932686126709
17.07681129259965,-1.0929927374427042
17.09567027801389,-1.85741396995573
17.11452926342814,-3.3462421178377193
17.133388248842387,-0.7112371280319174
17.152247234256627,-1.853402919042162
17.171106219670875,-0.7771849485334329
17.189965205085123,-0.5568183715667214
17.20882419049937,-0.0876790331201246
17.22768317591361,-0.5336190629657358
17.24654216132786,-1.0340180326316666
17.265401146742107,-0.03381955815840543
17.284260132156355,-2.688467051615623
17.303119117570596,-0.637084602561292
17.321978102984843,1.2843285645878502
17.34083708839909,-0.4368936018570961
17.359696073813332,-1.8547363831796522
17.37855505922758,-0.7019658913072628
17.397414044641828,0.1732162795075579
17.416273030056075,-0.8636974068791385
17.435132015470316,-1.2873004353267967
17.453991000884564,-0.5025696443839616
17.47284998629881,0.0016226450567972117
17.49170897171306,-1.790772944036108
17.5105679571273,-1.0346474341600906
17.529426942541548,0.24551123108946415
17.548285927955796,-2.0712711058237234
17.567144913370043,-0.3906543244284392
17.586003898784284,-0.6361762250749243
17.604862884198532,-1.8149801893755821
17.62372186961278,-1.2045178899925881
17.64258085502702,-0.2706575683278968
17.66143984044127,-2.1223154109486027
17.680298825855516,-0.5372022249799304
17.699157811269764,-2.1066030024896842
17.718016796684005,-1.6648250075302937
17.736875782098252,-1.2524986864260146
17.7557347675125,0.05975362526762751
17.774593752926748,-1.2337870951443721
17.79345273834099,-0.9101700063578944
17.812311723755236,-2.4277630853014607
17.831170709169484,-0.8886170841632927
17.850029694583725,-0.8875735838820761
17.868888679997973,-2.2474108097380743
17.88774766541222,-1.2626148031495892
17.90660665082647,-2.254408703598155
17.92546563624071,-1.0827954710374321
17.944324621654957,0.48060093731079323
17.963183607069205,-1.600334419848238
17.982042592483452,0.3665269823275693
18.000901577897693,-1.543685907922476
18.01976056331194,-2.5339789437466997
18.03861954872619,1.1694226674706119
18.057478534140436,-0.8598693774057486
18.076337519554677,-1.8508049002642455
18.095196504968925,-0.878275634788786
18.114055490383173,-0.7595303227183223
18.132914475797413,-0.8142858363382037
18.15177346121166,-1.9557668175216754
18.17063244662591,-1.5879989747459076
18.189491432040157,0.6280430822368809
18.208350417454398,-2.5221249177003147
18.227209402868645,-1.4698311585054147
18.246068388282893,0.3535093814761199
18.26492737369714,-1.929980240570793
18.28378635911138,-1.9243792902408314
18.30264534452563,-2.174241078290137
18.321504329939877,-0.34148300679401916
18.340363315354118,-0.00018245853908205323
18.359222300768366,-3.027904391800191
18.378081286182613,-1.6188419748960892
18.39694027159686,0.11671129561063642
18.415799257011102,0.8892899131492492
18.43465824242535,-2.3062458917845157
18.453517227839598,-2.031061070093328
18.472376213253845,-1.601668991978093
18.491235198668086,-1.570358647166675
18.510094184082334,-1.877319299199018
18.52895316949658,-0.9030350417591271
18.54781215491083,-0.7827024659069164
18.56667114032507,-1.9710952467267622
18.585530125739318,-1.9772420494198157
18.604389111153566,-0.6702755243680246
18.623248096567806,-2.128930768962049
18.642107081982054,-1.9464305443002998
18.660966067396302,0.285010042673833
18.67982505281055,-1.0087499018500208
18.69868403822479,-0.618358672441026
18.71754302363904,-0.44431637858908785
18.736402009053286,0.19681393904633582
18.755260994467534,-0.3459931026076738
18.774119979881775,0.14730107475112053
18.792978965296022,-0.7887974504631098
18.81183795071027,-1.9838951799066329
18.83069693612451,-1.392965142711203
18.84955592153876,-0.13580442806682685
