0.0,3.154654702041413
0.0031415926535897933,1.7523560323677885
0.006283185307179587,-0.64193088237659
0.00942477796076938,2.468959856039958
0.012566370614359173,1.425600365030284
0.015707963267948967,-0.1711519244905414
0.01884955592153876,-0.2154099343438603
0.021991148575128554,1.2167507317101591
0.025132741228718346,1.4501202978120702
0.02827433388230814,0.3718893586727035
0.031415926535897934,1.3814387495462783
0.034557519189487726,1.5036742447939146
0.03769911184307752,0.10168490480361408
0.04084070449666731,-1.9455579266197383
0.04398229715025711,-2.9753663692823364
0.0471238898038469,1.2319206523557202
0.05026548245743669,-0.5107943650375854
0.053407075111026485,0.7596196254006797
0.05654866776461628,-0.8669495587278822
0.059690260418206076,1.0342372852402815
0.06283185307179587,0.030175433538883738
0.06597344572538566,0.997684037411098
0.06911503837897545,0.395864113070714
0.07225663103256524,0.05290567747516842
0.07539822368615504,0.1554015659021253
0.07853981633974483,1.577245371674756
0.08168140899333462,-0.6423770538435523
0.08482300164692443,-0.19674002446053052
0.08796459430051422,-1.539752690484133
0.09110618695410401,-1.8443069695881686
0.0942477796076938,-0.11814379515185919
0.0973893722612836,1.4933577413219907
0.10053096491487339,-0.5454043568880937
0.10367255756846318,1.8387716113045145
0.10681415022205297,0.8495950110898823
0.10995574287564276,1.5748221549497985
0.11309733552923255,-0.9600501617756994
0.11623892818282235,1.5649470363690883
0.11938052083641215,1.5526175187772093
0.12252211349000194,2.028511537576927
0.12566370614359174,-0.9900706700026707
0.12880529879718153,0.45551188524887243
0.13194689145077132,0.902633536368607
0.1350884841043611,-0.7006517924371868
0.1382300767579509,-0.36247304013159887
0.1413716694115407,-0.02516283416556911
0.1445132620651305,0.5866222267775626
0.14765485471872028,-2.143716074749327
0.15079644737231007,-2.758610295700704
0.15393804002589986,1.149645339265939
0.15707963267948966,1.117369647244183
0.16022122533307945,2.293774615406245
0.16336281798666924,-0.8828484947050335
0.16650441064025903,3.705850213477973
0.16964600329384885,-1.0737010075739306
0.17278759594743864,-0.7795710388803966
0.17592918860102844,1.5584455001104645
0.17907078125461823,1.069064912295703
0.18221237390820802,0.9875046640818949
0.1853539665617978,1.38602421583824
0.1884955592153876,-0.11241120666314008
0.1916371518689774,-0.02455360513172794
0.1947787445225672,0.27283988238179885
0.19792033717615698,-2.0554435176063115
0.20106192982974677,-1.3164147728583162
0.20420352248333656,-0.7949306521009109
0.20734511513692636,-0.780849354044395
0.21048670779051615,0.3257526730288794
0.21362830044410594,0.6596588588082336
0.21676989309769573,1.1511145434293422
0.21991148575128552,0.29461606536756224
0.22305307840487532,1.7694952606241006
0.2261946710584651,-1.4963989341153032
0.2293362637120549,0.3925500872499631
0.2324778563656447,-0.6600626456054688
0.2356194490192345,1.5105051243039433
0.2387610416728243,1.6162361065198465
0.2419026343264141,-0.598633095294195
0.2450442269800039,2.7761513132097013
0.24818581963359368,0.8113187086544948
0.25132741228718347,0.5831407706989274
0.25446900494077324,0.24561442652794827
0.25761059759436306,0.24194033475344906
0.2607521902479528,3.4392367218135407
0.26389378290154264,3.1330639025054223
0.2670353755551324,-1.3842801088987078
0.2701769682087222,3.565078585655313
0.27331856086231204,0.39910191670343914
0.2764601535159018,0.007741408758929924
0.2796017461694916,0.343878886072326
0.2827433388230814,0.9347839984285781
0.2858849314766712,-2.530554586123493
0.289026524130261,-0.6705128027052627
0.2921681167838508,2.9920141336870163
0.29530970943744056,1.313488363593701
0.2984513020910304,1.018210058735139
0.30159289474462014,-1.2135041754541818
0.30473448739820996,2.5702030663925832
0.3078760800517997,1.8455187133820838
0.31101767270538955,-0.32611538424605196
0.3141592653589793,-1.326249331836256
0.31730085801256913,0.48852185282134514
0.3204424506661589,2.367950392748638
0.3235840433197487,1.4783203535477984
0.3267256359733385,0.3216453563251724
0.3298672286269283,1.6868706822686508
0.33300882128051806,-1.7723038953180938
0.3361504139341079,0.7351809962719642
0.3392920065876977,2.33819607352973
0.34243359924128747,2.533467621238068
0.3455751918948773,1.0597391779313916
0.34871678454846705,3.943621936883319
0.35185837720205687,0.49163336818347664
0.35499996985564664,0.6576950539126527
0.35814156250923646,3.152817127478717
0.3612831551628262,-0.42912383803265736
0.36442474781641604,2.228088230671106
0.3675663404700058,0.6112238192499395
0.3707079331235956,1.9561596150590996
0.3738495257771854,2.4972350518039663
0.3769911184307752,3.147162303578824
0.38013271108436497,1.2358450974847004
0.3832743037379548,-1.6233862620203665
0.38641589639154456,3.669544864373226
0.3895574890451344,0.4752998160368548
0.39269908169872414,3.4975685359481528
0.39584067435231396,-0.7543703579976124
0.3989822670059037,2.8164285919426
0.40212385965949354,3.0486914720558254
0.40526545231308336,0.6598664083994937
0.4084070449666731,-0.7972041371668489
0.41154863762026295,1.5809838926932394
0.4146902302738527,3.923408139867817
0.41783182292744253,0.8712869070933773
0.4209734155810323,1.6527384452493488
0.4241150082346221,1.746038597929273
0.4272566008882119,1.5363150209702943
0.4303981935418017,1.1991785360964533
0.43353978619539146,2.7339305710798714
0.4366813788489813,2.156327070161951
0.43982297150257105,2.300759851056436
0.44296456415616087,1.1908744487528053
0.44610615680975063,0.8785307021239913
0.44924774946334045,0.5353710966863602
0.4523893421169302,2.090110847517211
0.45553093477052004,0.8716427045993236
0.4586725274241098,0.971876398721133
0.4618141200776996,0.4664438951850259
0.4649557127312894,0.5183024663450406
0.4680973053848792,2.106575705566394
0.471238898038469,1.1831198458830392
0.4743804906920588,2.303577764320873
0.4775220833456486,-2.6008731321803333
0.48066367599923837,3.19641567937764
0.4838052686528282,-1.1530438327333479
0.48694686130641796,1.950412247176509
0.4900884539600078,3.5981550547068624
0.49323004661359754,3.4941791569144236
0.49637163926718736,3.4520856490097582
0.4995132319207771,-1.398559004356834
0.5026548245743669,-0.41216937917628527
0.5057964172279568,0.9513779129151091
0.5089380098815465,2.288480950780684
0.5120796025351363,2.6770829071972715
0.5152211951887261,3.4649102792893824
0.5183627878423159,3.7369745401219676
0.5215043804959056,0.12658548694186927
0.5246459731494955,2.1311289988524686
0.5277875658030853,2.2254515732577786
0.5309291584566751,1.2270537749685255
0.5340707511102648,1.7719393678894493
0.5372123437638546,1.2720237508416607
0.5403539364174444,-0.48697701940592564
0.5434955290710343,0.08517018530128573
0.5466371217246241,1.7103271653383878
0.5497787143782138,2.3381450186521633
0.5529203070318036,-0.6269078517344342
0.5560618996853934,1.9680663674373728
0.5592034923389833,3.4632701210100127
0.562345084992573,-0.3036664389622813
0.5654866776461628,2.4871349145276964
0.5686282702997526,0.41591343878791515
0.5717698629533424,-0.29708763325397536
0.5749114556069321,-0.5245275878961684
0.578053048260522,-0.3602505326305493
0.5811946409141118,-2.130392861799745
0.5843362335677016,2.180395668470213
0.5874778262212913,3.869553750354801
0.5906194188748811,1.7698122029909007
0.5937610115284709,2.302561327663533
0.5969026041820608,0.6001750031584182
0.6000441968356505,-0.5846165410954429
0.6031857894892403,2.380924134296698
0.6063273821428301,2.149774680380586
0.6094689747964199,1.7860489259051444
0.6126105674500097,-0.5371508118405885
0.6157521601035995,-0.7295822751342255
0.6188937527571893,-0.1520267297332194
0.6220353454107791,2.3079035501777394
0.6251769380643689,2.5322136197314555
0.6283185307179586,-1.673387665590709
0.6314601233715484,0.7048535315545912
0.6346017160251383,1.1583383457749874
0.6377433086787281,-1.1252924273596916
0.6408849013323178,2.7392406137025724
0.6440264939859076,2.9279521334451735
0.6471680866394974,2.6611039239527265
0.6503096792930873,1.2920939821863928
0.653451271946677,3.380465662152857
0.6565928646002668,1.7228267938988222
0.6597344572538566,1.157684178025529
0.6628760499074464,-0.040294999704583834
0.6660176425610361,0.7619672228827905
0.669159235214626,2.904670249701343
0.6723008278682158,2.051760573679542
0.6754424205218056,-1.4561068005320577
0.6785840131753954,-1.9064931374482588
0.6817256058289851,3.747436923982905
0.6848671984825749,1.8315640401348436
0.6880087911361648,1.8191252047982454
0.6911503837897546,1.4745707972557316
0.6942919764433443,2.2460668644605484
0.6974335690969341,2.4158026432649935
0.7005751617505239,2.8826265396526596
0.7037167544041137,5.314708384694471
0.7068583470577035,4.548266667795868
0.7099999397112933,0.653193791987904
0.7131415323648831,1.3783546025178086
0.7162831250184729,2.6912478890776472
0.7194247176720626,-1.1101275532461163
0.7225663103256524,3.8239403830859544
0.7257079029792423,0.2275762021237543
0.7288494956328321,4.614903670302345
0.7319910882864218,3.832108534491393
0.7351326809400116,2.2067632537780026
0.7382742735936014,1.4610125158759029
0.7414158662471912,1.671285140582472
0.7445574589007811,-1.4934487036507818
0.7476990515543708,4.905277194665303
0.7508406442079606,0.40698384531708676
0.7539822368615504,1.9768980381058936
0.7571238295151402,-0.5550646247334641
0.7602654221687299,0.9724870795707892
0.7634070148223198,2.9592902660127187
0.7665486074759096,1.032528606736493
0.7696902001294994,1.775192720253897
0.7728317927830891,3.6870516766753942
0.7759733854366789,5.4343518420312975
0.7791149780902688,2.900534512915379
0.7822565707438586,0.3729071429923252
0.7853981633974483,2.037857987096571
0.7885397560510381,-0.3578077305692883
0.7916813487046279,-0.6121488573726728
0.7948229413582177,3.4486959638469235
0.7979645340118074,3.0387425460980113
0.8011061266653973,1.605678994737832
0.8042477193189871,1.753332998816656
0.8073893119725769,4.55365933135509
0.8105309046261667,3.121345752602943
0.8136724972797564,3.079341438583473
0.8168140899333463,1.6594785345607097
0.8199556825869361,2.2786550312020224
0.8230972752405259,2.1235002977018227
0.8262388678941156,6.172579189836233
0.8293804605477054,1.5985175746003828
0.8325220532012952,1.0637732763251122
0.8356636458548851,2.1998919985114576
0.8388052385084748,1.4373810750386882
0.8419468311620646,-0.49625818831883495
0.8450884238156544,4.709933714442254
0.8482300164692442,-0.19792035692775
0.8513716091228339,0.052098929030756636
0.8545132017764238,0.06276250377791115
0.8576547944300136,2.152997572440575
0.8607963870836034,3.2441523803144356
0.8639379797371931,0.31929482714954316
0.8670795723907829,0.006583524217130932
0.8702211650443727,2.8395123259642827
0.8733627576979626,0.5632808501278735
0.8765043503515524,3.2991501395419713
0.8796459430051421,2.775851066266925
0.8827875356587319,4.218168384612551
0.8859291283123217,3.639760185545591
0.8890707209659116,-0.5490860580218342
0.8922123136195013,4.471545845388681
0.8953539062730911,2.486663933046445
0.8984954989266809,3.509221474563029
0.9016370915802707,-1.7651049955460567
0.9047786842338604,2.546617681795171
0.9079202768874503,2.0411461529055988
0.9110618695410401,3.527384945346322
0.9142034621946299,0.3655406544140989
0.9173450548482196,5.021651258717192
0.9204866475018094,1.1181901711074402
0.9236282401553992,1.220009172103143
0.9267698328089891,5.145636911013649
0.9299114254625788,1.5898422526333456
0.9330530181161686,1.146462220452563
0.9361946107697584,0.3565814230518479
0.9393362034233482,3.2644190532411246
0.942477796076938,0.4560845832189293
0.9456193887305278,1.9969553085506955
0.9487609813841176,0.05140036237062384
0.9519025740377074,-1.1199131744180195
0.9550441666912972,1.186331001318748
0.9581857593448869,3.9333329871694764
0.9613273519984767,3.824295378212419
0.9644689446520666,0.3472982394837003
0.9676105373056564,-0.509698473528423
0.9707521299592461,0.8430673407300919
0.9738937226128359,5.589243912462541
0.9770353152664257,1.1787847948497923
0.9801769079200155,2.094655231366034
0.9833185005736053,0.032400277470258865
0.9864600932271951,1.3266777510605055
0.9896016858807849,2.3670462110784665
0.9927432785343747,3.026565415201861
0.9958848711879644,2.359263810116523
0.9990264638415542,2.6403905282984104
1.002168056495144,3.287971390036546
1.0053096491487339,0.7378577181834374
1.0084512418023237,2.7827373061014145
1.0115928344559135,4.791135344307262
1.0147344271095033,2.4800818601742067
1.017876019763093,3.1656093995138113
1.0210176124166828,2.581544863213585
1.0241592050702726,1.631653514741219
1.0273007977238624,2.730838629790229
1.0304423903774522,2.662053902161513
1.033583983031042,5.010271129961321
1.0367255756846319,3.2590629944928455
1.0398671683382217,3.774138889520178
1.0430087609918113,7.15212317555207
1.046150353645401,4.737185575194237
1.049291946298991,-1.2909374035926302
1.0524335389525807,1.0685346221190843
1.0555751316061706,2.103236238942419
1.0587167242597604,2.433775895306163
1.0618583169133502,5.144389132977885
1.06499990956694,1.963366301996907
1.0681415022205296,-0.6032498325164918
1.0712830948741194,5.278661686804234
1.0744246875277093,2.7092807024414896
1.077566280181299,3.850658646862987
1.080707872834889,4.5427343608480415
1.0838494654884787,1.1091953482915806
1.0869910581420685,7.135388995020098
1.0901326507956584,3.9187442744041974
1.0932742434492482,1.071643112854022
1.0964158361028378,3.2861966894076833
1.0995574287564276,3.2898406556813735
1.1026990214100174,3.940761115068292
1.1058406140636072,2.03688744049356
1.108982206717197,0.3829303020989049
1.1121237993707869,4.078196197285949
1.1152653920243767,2.061252929977252
1.1184069846779665,5.1504697229134795
1.121548577331556,3.5702383248660046
1.124690169985146,2.4467162362729167
1.1278317626387357,0.8615886154398747
1.1309733552923256,3.1594809925509786
1.1341149479459154,0.3836650245984857
1.1372565405995052,3.260748052752149
1.140398133253095,2.543368246309151
1.1435397259066848,2.7765357690655956
1.1466813185602747,-0.09231205077179261
1.1498229112138643,2.944744618391637
1.152964503867454,2.819408340094246
1.156106096521044,3.5893274344251447
1.1592476891746337,3.6344142099604664
1.1623892818282235,-2.125679343400687
1.1655308744818134,4.886126009893831
1.1686724671354032,3.2953284843637625
1.171814059788993,6.161719843115613
1.1749556524425826,4.546974720565309
1.1780972450961724,4.614345955658027
1.1812388377497622,2.1858902596598675
1.184380430403352,1.551643320709466
1.1875220230569419,2.7110517985438203
1.1906636157105317,5.573080674616326
1.1938052083641215,2.5153707439606254
1.1969468010177113,2.028471339391585
1.200088393671301,1.6447963986572578
1.2032299863248908,1.0783658257484146
1.2063715789784806,1.8161494161912581
1.2095131716320704,1.26203714447086
1.2126547642856602,1.6316395258986482
1.21579635693925,5.780291608696954
1.2189379495928399,3.965571094806512
1.2220795422464297,2.843876687938631
1.2252211349000195,4.7508474916239845
1.228362727553609,2.7287638067027515
1.231504320207199,1.0788792949473818
1.2346459128607887,1.4283585092869748
1.2377875055143785,3.304608738705138
1.2409290981679684,4.886414939946587
1.2440706908215582,5.7268249872254495
1.247212283475148,2.059385759215341
1.2503538761287378,5.333179752037939
1.2534954687823274,3.4128628367279767
1.2566370614359172,2.1263328678473963
1.259778654089507,2.929862315122596
1.2629202467430969,3.5030604146363356
1.2660618393966867,4.323029205861914
1.2692034320502765,2.036721722984656
1.2723450247038663,0.44797425321227413
1.2754866173574562,2.139930644843753
1.278628210011046,6.181146556354987
1.2817698026646356,3.418075086160484
1.2849113953182254,0.7917911740195622
1.2880529879718152,2.1643627718789635
1.291194580625405,3.973289445172327
1.2943361732789949,5.025258241713149
1.2974777659325847,2.540668444526359
1.3006193585861745,5.940279442961204
1.3037609512397643,4.010013223785891
1.306902543893354,5.549392811075773
1.3100441365469437,3.392866814550712
1.3131857292005336,2.559622435275413
1.3163273218541234,1.9467092844234262
1.3194689145077132,2.7094530937411734
1.322610507161303,4.530085535694059
1.3257520998148928,4.068096719602265
1.3288936924684827,2.269206074359623
1.3320352851220723,1.0865480565729904
1.335176877775662,2.9717360821071503
1.338318470429252,2.6067177500419727
1.3414600630828417,3.2366196209459117
1.3446016557364315,0.49821741264895647
1.3477432483900214,2.668948403658364
1.3508848410436112,2.3920241319529816
1.354026433697201,0.7414993019198902
1.3571680263507908,3.7886616288098507
1.3603096190043804,4.045185034498233
1.3634512116579702,2.8961045796177545
1.36659280431156,1.3879544538226676
1.3697343969651499,1.469743440773404
1.3728759896187397,1.5384510671292597
1.3760175822723295,2.3343823005387048
1.3791591749259193,3.302764280224146
1.3823007675795091,3.8389685886021487
1.3854423602330987,3.8842392749386043
1.3885839528866886,0.06716245905926788
1.3917255455402784,3.329461788602466
1.3948671381938682,0.7177418372862573
1.398008730847458,1.4257309329521717
1.4011503235010478,5.350605111974163
1.4042919161546377,6.039199462672569
1.4074335088082275,4.034151601231878
1.4105751014618173,4.083733347129145
1.413716694115407,3.8169432552458304
1.4168582867689967,3.082328557935843
1.4199998794225865,1.3355158335742432
1.4231414720761764,2.913209146434735
1.4262830647297662,-1.4964429567643664
1.429424657383356,4.809118277165003
1.4325662500369458,4.020546578331389
1.4357078426905356,2.825999636281861
1.4388494353441252,2.3303745614903826
1.441991027997715,2.24731328816807
1.4451326206513049,2.019682603284466
1.4482742133048947,6.185147524986608
1.4514158059584845,4.8333674293661995
1.4545573986120743,4.372158825793468
1.4576989912656642,2.2766648916139087
1.460840583919254,4.2537919800064845
1.4639821765728436,2.911121546774827
1.4671237692264334,1.7374813700402183
1.4702653618800232,2.9866982813963583
1.473406954533613,-0.8744867757819973
1.4765485471872029,3.0711894650930898
1.4796901398407927,0.17710208589558674
1.4828317324943825,1.5641814913483452
1.4859733251479723,2.5793791470567173
1.4891149178015621,4.437143198469503
1.4922565104551517,1.28452979540285
1.4953981031087415,1.803749811245691
1.4985396957623314,0.570942158271273
1.5016812884159212,1.5468567688521226
1.504822881069511,3.7564832033355184
1.5079644737231008,4.544792367189709
1.5111060663766906,4.031418387718179
1.5142476590302805,5.367015384445253
1.51738925168387,3.2258778495327913
1.5205308443374599,3.048643510872483
1.5236724369910497,3.0398299285987065
1.5268140296446395,2.935418371814333
1.5299556222982293,1.2636441831841911
1.5330972149518192,3.056401063437059
1.536238807605409,-0.023743176809052136
1.5393804002589988,3.096268600603385
1.5425219929125886,2.766918328259559
1.5456635855661782,1.6202385668651902
1.548805178219768,1.6935871561177769
1.5519467708733579,1.4915176966910573
1.5550883635269477,4.0378282191832655
1.5582299561805375,3.118844935100606
1.5613715488341273,1.9016168226303725
1.5645131414877171,2.746444626012453
1.567654734141307,2.309348773894154
1.5707963267948966,3.1879445374311235
1.5739379194484864,2.7858730055528462
1.5770795121020762,3.3249137200753163
1.580221104755666,3.3608767007917892
1.5833626974092558,3.3033574616465016
1.5865042900628457,3.5019103916624204
1.5896458827164355,2.3984274992606514
1.5927874753700253,3.6928759594067135
1.595929068023615,3.041187653032682
1.5990706606772047,3.1771848440000854
1.6022122533307945,3.0416629834185627
1.6053538459843844,2.497773808536884
1.6084954386379742,2.8625672816812036
1.611637031291564,2.756299076570391
1.6147786239451538,2.6490985777035023
1.6179202165987436,2.908381853700642
1.6210618092523335,2.649243964008038
1.624203401905923,2.8182856114107393
1.6273449945595129,2.629653793262534
1.6304865872131027,2.748596898295799
1.6336281798666925,3.706901513034535
1.6367697725202823,3.0869537066466535
1.6399113651738721,2.997033313817034
1.643052957827462,3.3032283165901912
1.6461945504810518,2.9752934630070538
1.6493361431346414,2.995603402382361
1.6524777357882312,2.7614512531023023
1.655619328441821,2.5149675518099563
1.6587609210954108,2.8179631813804944
1.6619025137490007,2.7910338051584027
1.6650441064025905,3.3602674098194996
1.6681856990561803,2.851112316339737
1.6713272917097701,2.676339185712215
1.6744688843633597,2.898177889412924
1.6776104770169495,2.6329263292927045
1.6807520696705394,3.4087270886027703
1.6838936623241292,2.834323624313458
1.687035254977719,2.605748508877248
1.6901768476313088,2.792173005257827
1.6933184402848986,3.261412207436635
1.6964600329384885,3.073646683242409
1.6996016255920783,3.372723967818812
1.7027432182456679,3.078522172548565
1.7058848108992577,2.81060019014477
1.7090264035528475,3.3319161124594774
1.7121679962064373,3.3961965093729027
1.7153095888600272,3.172782655384822
1.718451181513617,2.828880999784423
1.7215927741672068,2.4239739071468738
1.7247343668207966,3.2842225602284945
1.7278759594743862,2.463047210623134
1.731017552127976,3.2641972245124204
1.7341591447815659,3.280684426891943
1.7373007374351557,3.232570617204045
1.7404423300887455,2.391061084140788
1.7435839227423353,2.060081405136194
1.7467255153959251,2.7319674792859794
1.749867108049515,2.6810138926494176
1.7530087007031048,2.655427993044796
1.7561502933566944,3.357472684329884
1.7592918860102842,2.7718874127054485
1.762433478663874,3.044027134300163
1.7655750713174638,3.2419787547371524
1.7687166639710536,2.808337490775411
1.7718582566246435,3.0129242260053193
1.7749998492782333,3.2689639020385703
1.778141441931823,2.8843043292151385
1.7812830345854127,3.1591446798344727
1.7844246272390025,2.6797171385772875
1.7875662198925923,3.131914684483262
1.7907078125461822,2.8655982125573565
1.793849405199772,2.6112584345895984
1.7969909978533618,2.746748813904043
1.8001325905069516,3.1767963066570517
1.8032741831605414,2.7719614563373094
1.806415775814131,2.914395655266123
1.8095573684677209,2.9165377206583765
1.8126989611213107,2.841153545604039
1.8158405537749005,2.6006731761731983
1.8189821464284903,2.7508805665249323
1.8221237390820801,2.782825858357832
1.82526533173567,3.3204565045811814
1.8284069243892598,3.3279149007483277
1.8315485170428496,3.2912814206933287
1.8346901096964392,3.2484776066017016
1.837831702350029,3.22879358927885
1.8409732950036188,2.904733328459321
1.8441148876572087,2.800467509985495
1.8472564803107985,2.7776425039190604
1.8503980729643883,3.3681036649166938
1.8535396656179781,2.8316249193494976
1.856681258271568,2.709508428927872
1.8598228509251575,3.1348765240071597
1.8629644435787474,2.9105706593373957
1.8661060362323372,2.9542791114290936
1.869247628885927,2.6454326782988016
1.8723892215395168,3.0727892383699613
1.8755308141931066,3.3274887917902083
1.8786724068466965,2.3801071110976757
1.8818139995002863,2.378273766851219
1.884955592153876,2.9893962929131312
1.8880971848074657,2.3963228991454795
1.8912387774610555,2.7856291755089413
1.8943803701146453,3.004329663886396
1.8975219627682351,2.7633308281121627
1.900663555421825,2.74283648959154
1.9038051480754148,3.049847937266243
1.9069467407290046,2.9782125743020935
1.9100883333825944,3.368167173617466
1.913229926036184,2.2635928179403577
1.9163715186897738,3.084428121782042
1.9195131113433637,3.283514026568975
1.9226547039969535,2.8896396451316093
1.9257962966505433,3.2641790970304925
1.9289378893041331,2.4139715895860343
1.932079481957723,2.4846428241757534
1.9352210746113128,2.6505029969865372
1.9383626672649024,2.431506081637539
1.9415042599184922,2.9012438813798482
1.944645852572082,2.734184904081541
1.9477874452256718,2.747909013687865
1.9509290378792616,2.890858217528133
1.9540706305328515,2.8433713409413692
1.9572122231864413,2.6618049104316324
1.960353815840031,2.3699455867615287
1.963495408493621,2.9025131449190975
1.9666370011472105,2.952883756953713
1.9697785938008003,2.6686266908587912
1.9729201864543902,2.339511564404187
1.97606177910798,2.767216723069995
1.9792033717615698,2.2950851442835765
1.9823449644151596,2.5624901066459493
1.9854865570687494,2.6723069828279167
1.9886281497223393,2.9500640193277987
1.9917697423759289,2.8520430350280246
1.9949113350295187,2.4776839944195252
1.9980529276831085,3.3379387191077248
2.0011945203366985,2.3535666744825154
2.004336112990288,3.019167848726737
2.0074777056438777,2.458650234150104
2.0106192982974678,2.256516237884664
2.0137608909510574,2.864444002684191
2.0169024836046474,2.803193208008121
2.020044076258237,2.8409866500694703
2.023185668911827,2.6379828230614137
2.0263272615654166,2.7091110683416364
2.0294688542190067,2.4056694007962696
2.0326104468725963,2.2607217536733297
2.035752039526186,2.9248754624777034
2.038893632179776,2.524077785912688
2.0420352248333655,2.8744117780438105
2.0451768174869556,2.7812789854831497
2.048318410140545,2.7912658239632853
2.051460002794135,2.632684727093818
2.054601595447725,2.7835916200665647
2.0577431881013144,2.3382861041410763
2.0608847807549044,2.522384769290677
2.064026373408494,2.8782469471019745
2.067167966062084,2.3043025692619614
2.0703095587156737,2.5324857465289305
2.0734511513692637,2.298755465081369
2.0765927440228533,2.6215080671885946
2.0797343366764434,2.8133321338488244
2.082875929330033,2.051239912734225
2.0860175219836226,2.593637760395917
2.0891591146372126,2.6082877748863305
2.092300707290802,2.3221909102780787
2.0954422999443922,2.399278068302011
2.098583892597982,2.5074082111042815
2.101725485251572,2.275433854817523
2.1048670779051615,2.7286591528323054
2.1080086705587515,2.270998457161365
2.111150263212341,1.9397222682283382
2.1142918558659307,2.472560527553008
2.1174334485195208,2.586412516677312
2.1205750411731104,2.044893964803393
2.1237166338267004,2.7537124331553056
2.12685822648029,2.4649977483507524
2.12999981913388,2.3288227287742087
2.1331414117874696,2.5779643276928885
2.1362830044410592,2.774029992877501
2.1394245970946493,2.534144965029226
2.142566189748239,2.4353731463714463
2.145707782401829,2.247241546414923
2.1488493750554185,2.3591622466664663
2.1519909677090086,2.245384921103663
2.155132560362598,2.398694585473224
2.158274153016188,2.6236622737068584
2.161415745669778,1.8115256090805074
2.1645573383233674,2.487711047476904
2.1676989309769574,2.821729383291525
2.170840523630547,1.9817365285439363
2.173982116284137,2.4811716765907095
2.1771237089377267,2.2460489429610244
2.1802653015913167,2.295677667330537
2.1834068942449063,2.528436856209301
2.1865484868984963,2.745657985521994
2.189690079552086,2.570096731213037
2.1928316722056755,2.365479540998529
2.1959732648592656,2.471835243264149
2.199114857512855,2.2849052321622185
2.2022564501664452,2.3286186006969842
2.205398042820035,2.8246672664980634
2.208539635473625,2.35348457505566
2.2116812281272145,2.740116580404692
2.2148228207808045,2.3927760255261767
2.217964413434394,2.6768672289965387
2.2211060060879837,2.4860040503912133
2.2242475987415737,2.0149390063571504
2.2273891913951633,2.3468535136402258
2.2305307840487534,2.261865170675556
2.233672376702343,2.4012340704991266
2.236813969355933,2.1672601120995805
2.2399555620095226,2.3213702391762987
2.243097154663112,2.3872223310600047
2.2462387473167023,2.758030865597028
2.249380339970292,2.847845941362997
2.252521932623882,2.7564865753188283
2.2556635252774715,2.2819409649648685
2.2588051179310615,2.3206550777670047
2.261946710584651,2.049479249641926
2.265088303238241,2.027944394156041
2.2682298958918308,1.7495932513135222
2.2713714885454204,2.3642015821337328
2.2745130811990104,2.7071185835948173
2.2776546738526,1.5380640849851124
2.28079626650619,2.4196028829325225
2.2839378591597796,1.9601529840040601
2.2870794518133697,2.0102010656342646
2.2902210444669593,2.6875088466423143
2.2933626371205493,2.3252856072963066
2.296504229774139,1.8572458496621298
2.2996458224277285,2.312192253148977
2.3027874150813186,1.624147807645174
2.305929007734908,2.3202705106529518
2.309070600388498,2.154870050688142
2.312212193042088,2.1134664498461975
2.315353785695678,2.3344458541179987
2.3184953783492674,1.8872251843998602
2.321636971002857,1.862815797600204
2.324778563656447,2.7010647232805782
2.3279201563100367,2.4568541321963493
2.3310617489636267,2.1677153807372336
2.3342033416172163,1.9430911152413466
2.3373449342708064,2.0291675428768
2.340486526924396,2.116838772534577
2.343628119577986,2.1814513466057703
2.3467697122315756,2.356383172930601
2.349911304885165,1.9423627666515335
2.3530528975387552,2.369614964062382
2.356194490192345,1.9877267179205795
2.359336082845935,2.168528132320353
2.3624776754995245,1.5587784012459136
2.3656192681531145,2.2174250428208753
2.368760860806704,2.0397419504174104
2.371902453460294,2.419897771976781
2.3750440461138838,2.2191430460588837
2.3781856387674734,2.535826353488004
2.3813272314210634,1.3171307322404469
2.384468824074653,1.9833891542508555
2.387610416728243,1.9407821804347887
2.3907520093818326,2.334079179599885
2.3938936020354227,1.8662293729567008
2.3970351946890123,1.8101452998812513
2.400176787342602,2.9491820323898854
2.403318379996192,2.1087674196128585
2.4064599726497815,2.2245930983820634
2.4096015653033716,1.8605863739339554
2.412743157956961,1.9754614671715731
2.415884750610551,1.821675475731237
2.419026343264141,2.0561117730958394
2.422167935917731,1.6213415395190909
2.4253095285713204,1.6673749265660494
2.42845112122491,1.547138733840579
2.4315927138785,1.9528108158172672
2.4347343065320897,2.09464217046521
2.4378758991856797,1.4688909569511326
2.4410174918392693,1.9502799750790252
2.4441590844928593,1.1343732498408279
2.447300677146449,1.5199680799338244
2.450442269800039,2.498875048079931
2.4535838624536286,2.6446772177637636
2.456725455107218,1.6067835612663952
2.4598670477608082,1.9404487244129638
2.463008640414398,2.4130030546153445
2.466150233067988,1.9233770744089043
2.4692918257215775,2.32122501086054
2.4724334183751675,1.7322376599839138
2.475575011028757,1.741930715800709
2.4787166036823467,1.5850803274133243
2.4818581963359367,1.8995800981338373
2.4849997889895263,2.0288045702695654
2.4881413816431164,1.3397082588589226
2.491282974296706,1.6783237003008975
2.494424566950296,2.0457074026494237
2.4975661596038856,1.8897067102604161
2.5007077522574757,2.1206204272233617
2.5038493449110653,1.243003888157197
2.506990937564655,2.3443315735333123
2.510132530218245,1.7223996619243955
2.5132741228718345,1.4597354164618848
2.5164157155254245,1.7200595910368643
2.519557308179014,1.8816460300517348
2.522698900832604,1.4829377618903847
2.5258404934861938,2.114106777611984
2.528982086139784,1.9633617795519158
2.5321236787933734,1.6510963435334711
2.535265271446963,2.680449520571737
2.538406864100553,1.249165364225669
2.5415484567541426,1.3207845507694238
2.5446900494077327,1.818437786723094
2.5478316420613223,1.714165826692823
2.5509732347149123,1.2262428047759382
2.554114827368502,1.4733166493389886
2.557256420022092,1.4230713523640643
2.5603980126756816,1.1861431496677637
2.563539605329271,0.7333340463087972
2.566681197982861,1.4314862399489492
2.569822790636451,1.768961245178227
2.572964383290041,1.6310623174658279
2.5761059759436304,1.8667022974200047
2.5792475685972205,1.4613293008890436
2.58238916125081,1.6128370667129859
2.5855307539043997,0.9776907402578225
2.5886723465579897,1.387349617812344
2.5918139392115793,1.7515186575365438
2.5949555318651694,1.1505510413408044
2.598097124518759,1.3961744494848847
2.601238717172349,0.7839343499989766
2.6043803098259386,1.495866164159857
2.6075219024795286,1.5228356657092361
2.6106634951331182,1.168652740104081
2.613805087786708,1.409178560040943
2.616946680440298,1.1165052373849982
2.6200882730938875,1.5121761615052118
2.6232298657474775,1.744513410044183
2.626371458401067,1.3861271785395544
2.629513051054657,1.4885461735763101
2.6326546437082468,1.2591400994829287
2.635796236361837,1.4078284079860395
2.6389378290154264,1.3004697890342531
2.642079421669016,1.9470735005668063
2.645221014322606,1.2984318163447883
2.6483626069761956,1.4736056013670473
2.6515041996297857,1.432248474224706
2.6546457922833753,1.251085268780936
2.6577873849369653,1.4429905365129139
2.660928977590555,1.8338471583337648
2.6640705702441445,1.9197764638041561
2.6672121628977346,1.9517100394907554
2.670353755551324,1.504257552629828
2.673495348204914,0.8555389710292467
2.676636940858504,1.13045811182395
2.679778533512094,1.0202452386990286
2.6829201261656834,1.5583843652171325
2.6860617188192735,1.1503169141774174
2.689203311472863,1.280777056107965
2.6923449041264527,2.1132128317211114
2.6954864967800427,1.515232858031965
2.6986280894336323,1.3534872052211075
2.7017696820872223,1.466999822840266
2.704911274740812,1.6260706990337952
2.708052867394402,0.5786485385405316
2.7111944600479916,0.9409108378942372
2.7143360527015816,1.4800283139927823
2.7174776453551712,1.551858956547463
2.720619238008761,1.1575343389021537
2.723760830662351,1.0676758985727497
2.7269024233159405,1.5186107873823644
2.7300440159695305,1.1485357403209742
2.73318560862312,1.223345611521429
2.73632720127671,1.3690236640481837
2.7394687939302997,1.2240101855766703
2.7426103865838893,1.2013555381823995
2.7457519792374794,1.3175874086033543
2.748893571891069,1.1530300872451784
2.752035164544659,0.9211337999552716
2.7551767571982486,1.127914204605084
2.7583183498518387,1.3271511557350713
2.7614599425054283,1.1254407648154052
2.7646015351590183,1.031378888911268
2.767743127812608,1.4953778548297647
2.7708847204661975,1.4316819414732205
2.7740263131197875,1.2136330364301546
2.777167905773377,1.0192670084748467
2.780309498426967,0.5700182405910093
2.7834510910805568,1.2447395534153645
2.786592683734147,1.00657528633961
2.7897342763877364,0.863574730775431
2.7928758690413265,1.1468120170767553
2.796017461694916,0.8975141519009691
2.7991590543485056,1.288345968887712
2.8023006470020957,0.9237188063962409
2.8054422396556853,1.5589955238624869
2.8085838323092753,1.3730731919233674
2.811725424962865,0.740805406691507
2.814867017616455,1.1440674693400852
2.8180086102700446,0.9203439452676603
2.8211502029236346,1.1883874466349935
2.824291795577224,1.0857463528707307
2.827433388230814,0.6472714998110749
2.830574980884404,0.9823966282517673
2.8337165735379934,0.960782937814604
2.8368581661915835,0.6646213731700921
2.839999758845173,0.6028261742196416
2.843141351498763,0.63769655421507
2.8462829441523527,0.8873666228040947
2.8494245368059423,0.6786814615286185
2.8525661294595324,0.8539488670185685
2.855707722113122,1.087454927641735
2.858849314766712,0.7330630275222055
2.8619909074203016,0.5234232812425237
2.8651325000738916,1.120974743442571
2.8682740927274812,0.587253250152585
2.8714156853810713,0.5350441257429962
2.874557278034661,0.8025680734081804
2.8776988706882505,0.7359295459006812
2.8808404633418405,0.506892634680743
2.88398205599543,1.2009553812922582
2.88712364864902,0.8901368420379843
2.8902652413026098,0.5519123427788815
2.8934068339562,0.9951541390141383
2.8965484266097894,0.6535962831821807
2.8996900192633794,0.6681139542525225
2.902831611916969,1.1459149565537197
2.9059732045705586,0.8758755401303324
2.9091147972241487,0.4413166994639901
2.9122563898777383,0.6859037001701664
2.9153979825313283,0.5368244390744172
2.918539575184918,1.0462213473454491
2.921681167838508,0.7931550083044724
2.9248227604920976,-0.058604538056164224
2.927964353145687,0.843834148350415
2.931105945799277,0.9929961396326165
2.934247538452867,0.7783212483237447
2.937389131106457,0.47269047809262876
2.9405307237600464,0.919431978029166
2.9436723164136365,0.6250429742361416
2.946813909067226,0.4028539302700247
2.949955501720816,-0.23723419565819268
2.9530970943744057,0.8756675701273565
2.9562386870279953,0.42366064683626214
2.9593802796815853,0.17773904112205702
2.962521872335175,1.2125692872773457
2.965663464988765,0.5685232389215449
2.9688050576423546,0.46995958293674545
2.9719466502959446,0.15488221409049507
2.9750882429495342,0.4310288837335899
2.9782298356031243,0.9967457468831049
2.981371428256714,0.2411608519557063
2.9845130209103035,0.6621484988718378
2.9876546135638935,0.6069900516854454
2.990796206217483,0.13648526797652832
2.993937798871073,0.44868349603102686
2.9970793915246627,0.12197503078371447
3.000220984178253,0.5894068094528129
3.0033625768318424,0.14123560112422964
3.006504169485432,-0.016368483737998457
3.009645762139022,0.4304206193826907
3.0127873547926116,0.5897067967781511
3.0159289474462017,0.3507232779896817
3.0190705400997913,0.7147045169395697
3.0222121327533813,0.0936012119706561
3.025353725406971,0.15301826762328358
3.028495318060561,0.41248607971942153
3.0316369107141505,0.21629193470303998
3.03477850336774,0.6142734803700591
3.03792009602133,0.4809952174913039
3.0410616886749198,0.3905968057236402
3.04420328132851,0.38528939287152275
3.0473448739820994,0.16243560534029192
3.0504864666356895,-0.019915320855483296
3.053628059289279,0.7309285987348124
3.056769651942869,-0.02910963051464105
3.0599112445964587,0.28291076449882996
3.0630528372500483,0.33401979710051755
3.0661944299036383,-0.1528500621489064
3.069336022557228,0.43089808794355333
3.072477615210818,0.5047782894686765
3.0756192078644076,0.2936260927280317
3.0787608005179976,0.1555274797538759
3.081902393171587,0.03946553015942274
3.0850439858251772,-0.00511976996062375
3.088185578478767,0.012770838720108924
3.0913271711323564,0.5588939022002397
3.0944687637859465,-0.6725815136391119
3.097610356439536,-0.15797993517324554
3.100751949093126,-0.09529967790941533
3.1038935417467157,0.6807649016507148
3.1070351344003058,-0.2582126024585556
3.1101767270538954,-0.4038946871306302
3.113318319707485,0.3619823047321919
3.116459912361075,0.41863017401685615
3.1196015050146646,0.022246250786091618
3.1227430976682546,-0.08507690279389118
3.1258846903218442,0.18330315441261133
3.1290262829754343,-0.38212836239629777
3.132167875629024,-0.23830089618313632
3.135309468282614,0.7472254182311596
3.1384510609362035,-0.1938826913360316
3.141592653589793,-1.0570942823953655
3.144734246243383,0.7597866516888505
3.1478758388969728,-3.172258851020434
3.151017431550563,0.19635806573458275
3.1541590242041524,0.9476547565431169
3.1573006168577424,3.7046115031665003
3.160442209511332,-2.366502268516401
3.163583802164922,1.7236860627308885
3.1667253948185117,-1.085837478873699
3.1698669874721013,-1.3418257323691503
3.1730085801256913,-0.23058158916306018
3.176150172779281,-1.403524503623558
3.179291765432871,4.620117301187771
3.1824333580864606,0.40641179210789086
3.1855749507400506,0.9499414738442935
3.18871654339364,2.1083556716181295
3.19185813604723,0.8203076615162552
3.19499972870082,-0.3042276452993423
3.1981413213544094,-1.1580257129144604
3.2012829140079995,2.2048054144383693
3.204424506661589,-1.3484633735112372
3.207566099315179,-1.790686245869692
3.2107076919687687,1.623318886379087
3.2138492846223587,-2.032485338586043
3.2169908772759483,0.9034725818052162
3.220132469929538,-1.7065845532205837
3.223274062583128,0.8883376538561325
3.2264156552367176,3.753457054679975
3.2295572478903076,-0.016382662032124337
3.2326988405438972,-3.7165479462868376
3.2358404331974873,-1.8726142649442574
3.238982025851077,-1.5961931939199379
3.242123618504667,1.2286298262244797
3.2452652111582565,1.9814616167254229
3.248406803811846,8.981898029086777e-05
3.251548396465436,-3.455412700680035
3.2546899891190257,1.265804200530662
3.257831581772616,-0.45810507399883005
3.2609731744262054,-0.8950276168036136
3.2641147670797954,-3.45776284052784
3.267256359733385,-0.4621264982779665
3.2703979523869746,-2.509702165588715
3.2735395450405647,0.9972679965703873
3.2766811376941543,0.15487730744808295
3.2798227303477443,2.2700629145703246
3.282964323001334,0.3377975332921104
3.286105915654924,2.0211693706215983
3.2892475083085135,-1.5084332590101988
3.2923891009621036,-1.4657778982446867
3.295530693615693,0.7175006138645501
3.2986722862692828,-3.9465016541088804
3.301813878922873,-1.4244641294036948
3.3049554715764624,-0.24861251529636957
3.3080970642300525,2.8954348426107783
3.311238656883642,-1.2848373292119777
3.314380249537232,-0.8925470415699259
3.3175218421908217,-0.5018043263277644
3.3206634348444117,2.0887392133118583
3.3238050274980013,-0.7513339497054594
3.326946620151591,-0.87214894459974
3.330088212805181,1.1190067972459543
3.3332298054587706,-1.9762016471777697
3.3363713981123606,-1.6348066434439115
3.33951299076595,0.05235770436522469
3.3426545834195402,-1.7555334547695325
3.34579617607313,-0.12759052826547698
3.3489377687267194,-2.0770729476676264
3.3520793613803095,-1.6862123302104588
3.355220954033899,-1.8539138259127634
3.358362546687489,-1.1930851389233603
3.3615041393410787,-2.673529437910188
3.3646457319946688,0.4527013798582766
3.3677873246482584,-0.9010150546503435
3.3709289173018484,-0.5763721186505931
3.374070509955438,-0.312912196987046
3.3772121026090276,-0.9909464050172905
3.3803536952626176,-0.1419099320107536
3.3834952879162072,-1.085261903621053
3.3866368805697973,-1.589007685407557
3.389778473223387,1.6481539661610776
3.392920065876977,0.07478437236837182
3.3960616585305665,0.9338087855202427
3.3992032511841566,0.5834681965614921
3.402344843837746,-1.7512002168608443
3.4054864364913358,1.6629667257844625
3.408628029144926,3.633696137125235
3.4117696217985154,0.9669838566509494
3.4149112144521054,-1.5969030569286429
3.418052807105695,0.4075369268216186
3.421194399759285,-1.5726178505347868
3.4243359924128747,-1.524027328759596
3.4274775850664647,1.1650357527343196
3.4306191777200543,-4.985507692670774
3.433760770373644,1.3684714783510734
3.436902363027234,0.9592410211337283
3.4400439556808236,0.43875725507653784
3.4431855483344136,-1.9983082850775518
3.446327140988003,0.24280235778579284
3.4494687336415932,1.0651056841988304
3.452610326295183,-1.199540559752492
3.4557519189487724,-3.361223953888304
3.4588935116023625,0.14010754187381536
3.462035104255952,-2.5682904420884634
3.465176696909542,-0.5754698540648839
3.4683182895631317,3.6344840780080245
3.4714598822167217,-1.6106834267945374
3.4746014748703113,-1.663014607427023
3.4777430675239014,-3.1231808494193283
3.480884660177491,-2.939482573773917
3.4840262528310806,-1.4035920455033004
3.4871678454846706,-1.0200163870808303
3.4903094381382602,0.18289697812741967
3.4934510307918503,-1.640722313572939
3.49659262344544,-0.17919700586061432
3.49973421609903,0.928919155899679
3.5028758087526195,-0.7521082554132865
3.5060174014062095,-1.8123176698463983
3.509158994059799,-1.2588081377413225
3.5123005867133887,0.7930030441156
3.515442179366979,-1.4057770587198677
3.5185837720205684,-2.7628924202310214
3.5217253646741584,-1.8653769898364272
3.524866957327748,-2.7407639243970423
3.528008549981338,2.0514900517280763
3.5311501426349277,-1.412574446849985
3.5342917352885173,0.6343830785422031
3.5374333279421073,-1.9609222063799305
3.540574920595697,-1.9537075187934978
3.543716513249287,-4.07907700371305
3.5468581059028765,-0.33627737106253175
3.5499996985564666,0.5434349236713518
3.553141291210056,-1.6413619003517967
3.556282883863646,-1.4844615417375628
3.559424476517236,-3.174533718498486
3.5625660691708254,-1.2057900181111971
3.5657076618244155,-3.3675324681744465
3.568849254478005,2.233032345595129
3.571990847131595,-2.031988854340816
3.5751324397851847,-1.268362987356081
3.5782740324387747,2.1685607411021914
3.5814156250923643,-0.7179992126142565
3.5845572177459544,-3.663077422023967
3.587698810399544,-2.941022923951984
3.5908404030531336,-2.7809193171164077
3.5939819957067236,-0.5047269049700618
3.597123588360313,-1.559625874492621
3.6002651810139032,0.7691829426230028
3.603406773667493,0.6048539917481127
3.606548366321083,-3.6288234447963776
3.6096899589746725,-0.9541379219074415
3.612831551628262,-2.390303493345888
3.615973144281852,-1.2324912330805906
3.6191147369354417,1.0895335090139386
3.6222563295890318,-4.503394013599772
3.6253979222426214,-2.3812275901401048
3.6285395148962114,0.18136234016862263
3.631681107549801,-1.871549535933411
3.634822700203391,0.10861644399355469
3.6379642928569806,-2.9125011696269816
3.6411058855105702,0.6514001961525435
3.6442474781641603,-0.6753127898794951
3.64738907081775,-3.1278742088327105
3.65053066347134,-1.724158640954618
3.6536722561249295,2.820093258439728
3.6568138487785196,0.7136072532676079
3.659955441432109,-2.875979412856476
3.663097034085699,-3.831136193948046
3.666238626739289,-2.1705722132634144
3.6693802193928784,-1.3669123335659452
3.6725218120464684,-2.2906721450834495
3.675663404700058,0.3298487007843026
3.678804997353648,-2.8904864680276345
3.6819465900072377,-3.3622459075277433
3.6850881826608277,-1.7542102686624896
3.6882297753144173,-1.8795027951665695
3.6913713679680074,-0.32553355226304487
3.694512960621597,-1.8543185084057807
3.6976545532751866,-1.2413080040960935
3.7007961459287766,-0.9459402634379861
3.703937738582366,-1.8744366101894814
3.7070793312359562,0.8366259316860419
3.710220923889546,-2.587919814498373
3.713362516543136,-0.7446624773889416
3.7165041091967255,-0.13659158037045888
3.719645701850315,-0.25331359954174715
3.722787294503905,-0.5276352543350802
3.7259288871574947,-2.6036576589182716
3.7290704798110847,-1.296301637653655
3.7322120724646743,-3.1984283937890448
3.7353536651182644,-4.483276503160851
3.738495257771854,-3.0032218771681487
3.741636850425444,-1.9351454364393974
3.7447784430790336,-4.783112253364089
3.7479200357326232,-1.4350767916017466
3.7510616283862133,-2.7050644822406613
3.754203221039803,-3.1438749424344694
3.757344813693393,-0.9184164275376874
3.7604864063469825,-0.14058417853526917
3.7636279990005725,-0.537453778106532
3.766769591654162,-1.5484028955350855
3.769911184307752,1.492042504309433
3.773052776961342,-0.4929242383498186
3.7761943696149314,-1.0141817892554859
3.7793359622685214,-0.690577852050352
3.782477554922111,-2.8997472579422126
3.785619147575701,1.6226939039475279
3.7887607402292907,0.2914658416799657
3.7919023328828807,-1.5391092856510864
3.7950439255364703,-1.2583842952967275
3.79818551819006,-0.19268876135059465
3.80132711084365,0.491687501521908
3.8044687034972395,-3.655377217915845
3.8076102961508296,-1.1304795171372262
3.810751888804419,-0.012297164303674224
3.813893481458009,-0.5767211164040353
3.817035074111599,-3.776478478737137
3.820176666765189,-1.5052125323478323
3.8233182594187785,-0.5115299613741376
3.826459852072368,-0.5883045685446038
3.829601444725958,-1.583567007083999
3.8327430373795477,-2.883795174727066
3.8358846300331377,-0.9537978751613022
3.8390262226867273,-2.725624606049222
3.8421678153403174,-1.9798416184762653
3.845309407993907,-3.2154038943560326
3.848451000647497,-2.730335009584344
3.8515925933010866,-2.4985734686624452
3.854734185954676,-2.322966227902074
3.8578757786082662,-0.6936122958198732
3.861017371261856,-0.46435386806910417
3.864158963915446,-3.399140426370521
3.8673005565690355,-2.662210395028473
3.8704421492226255,-1.8146355768469171
3.873583741876215,-1.5625308127671602
3.8767253345298047,-2.2539992408089367
3.8798669271833948,-2.3948606391084986
3.8830085198369844,-3.134439695950915
3.8861501124905744,-2.0835335047494246
3.889291705144164,-1.3590885915680262
3.892433297797754,-5.276849366886362
3.8955748904513436,-1.242411285234324
3.8987164831049337,-0.08083945916794455
3.9018580757585233,1.0916021216578158
3.904999668412113,-5.012117112390962
3.908141261065703,-2.8653327133565845
3.9112828537192925,-1.8637726441244358
3.9144244463728826,-2.339154618449989
3.917566039026472,-1.6839808071127744
3.920707631680062,-2.642438558168508
3.923849224333652,-3.818789922273719
3.926990816987242,-4.3519554313601425
3.9301324096408314,-3.301240473203131
3.933274002294421,-4.44413845449534
3.936415594948011,-0.5975743564139095
3.9395571876016007,-2.1613202571947867
3.9426987802551907,-0.6452497592160255
3.9458403729087803,-4.169109772203406
3.9489819655623704,0.6954051749941665
3.95212355821596,-3.0541141185810856
3.95526515086955,-0.8210524391863339
3.9584067435231396,-2.509588503663871
3.961548336176729,-1.1351961953237228
3.9646899288303192,-3.527608516145127
3.967831521483909,-3.7383488860617633
3.970973114137499,-2.891550296679503
3.9741147067910885,-3.202011750791463
3.9772562994446785,0.03641555181140965
3.980397892098268,-3.6774547050318804
3.9835394847518577,-1.278039560497667
3.9866810774054477,-1.0157802772215796
3.9898226700590373,-4.387383931463788
3.9929642627126274,-2.772808791143965
3.996105855366217,-3.8051687100054004
3.999247448019807,-1.4287452597734918
4.002389040673397,-2.176392097785954
4.005530633326987,-0.9218660647884223
4.008672225980576,-1.9782749263565527
4.011813818634166,-0.6714144818098233
4.0149554112877555,-1.5041840470979688
4.018097003941346,-2.0916009721296547
4.0212385965949355,-5.339046452686782
4.024380189248525,-2.3981862732573087
4.027521781902115,0.13966290198233677
4.030663374555705,-5.583146678612785
4.033804967209295,-4.720879098938518
4.036946559862884,-1.580088471367226
4.040088152516474,-3.7990957477770295
4.043229745170064,-1.7779175925361201
4.046371337823654,-4.81724770430373
4.049512930477244,-2.0320291943532967
4.052654523130833,-3.4424156973191837
4.055796115784423,-0.2810821006440106
4.058937708438013,-1.0453526040321122
4.062079301091603,-2.0917643288292407
4.065220893745193,-2.698141745399449
4.068362486398782,-0.180181916004997
4.071504079052372,-4.67450592265631
4.074645671705962,-1.5195942167343963
4.077787264359552,-2.4326959762993643
4.0809288570131415,-0.8099582086197656
4.084070449666731,-5.843279032840628
4.087212042320321,-1.823851932580327
4.090353634973911,-4.960248794110201
4.093495227627501,-4.397639301604801
4.09663682028109,-3.549033143981287
4.09977841293468,-2.0203427202626476
4.10292000558827,-5.038593807181516
4.10606159824186,-2.7632490548409505
4.10920319089545,-2.494051951057924
4.112344783549039,0.266094417230903
4.115486376202629,-1.8942364027869933
4.118627968856219,-1.7125864338471612
4.121769561509809,-1.8086588184823713
4.1249111541633985,-2.2128704261604804
4.128052746816988,-3.1198424125832616
4.131194339470579,-3.091987718763265
4.134335932124168,-1.3887905899615918
4.137477524777758,-0.07492049596792727
4.140619117431347,-1.42053217382735
4.143760710084937,-2.6390870819742265
4.1469023027385274,-2.085756600075561
4.150043895392117,-0.2990427798707799
4.153185488045707,-1.7891754906659671
4.156327080699296,-1.5480976561164235
4.159468673352887,-0.40830973050047403
4.162610266006476,-3.838743335959986
4.165751858660066,-2.4470647185665513
4.1688934513136555,-3.957902825549347
4.172035043967245,-3.539822303219913
4.175176636620836,-2.947161995484152
4.178318229274425,-2.3629710825053163
4.181459821928015,-1.088783167847551
4.184601414581604,-2.557967242823761
4.187743007235195,0.9224851711590292
4.1908845998887845,-2.7472841483045443
4.194026192542374,-1.7547774440368733
4.197167785195964,-0.3839277666665847
4.200309377849553,-2.907265044319799
4.203450970503144,-3.8396619446499476
4.206592563156733,-4.194507553134946
4.209734155810323,-3.1108717189321204
4.2128757484639126,-3.251417772408706
4.216017341117503,0.40028104966345956
4.219158933771093,-3.3740109041650506
4.222300526424682,-2.1018349582290208
4.225442119078272,-2.0272619130605634
4.228583711731861,-0.455246654122178
4.231725304385452,-5.635930072239991
4.2348668970390415,-5.3166764926406636
4.238008489692631,-0.4263948852003805
4.241150082346221,-2.2870308257606595
4.244291674999811,-1.9878586593321237
4.247433267653401,-2.324919593666505
4.25057486030699,-3.9613543029395606
4.25371645296058,-4.10322743467276
4.25685804561417,-1.2798036197443317
4.25999963826776,-2.4955938870684586
4.26314123092135,-2.050270345020288
4.266282823574939,-2.849549772238429
4.269424416228529,-3.917522540449353
4.2725660088821185,-2.1489010894512033
4.275707601535709,-1.672859663198546
4.2788491941892985,-0.9389062932861767
4.281990786842888,-2.012202952548611
4.285132379496478,-4.349175236671073
4.288273972150068,-2.615322029328046
4.291415564803658,-2.8176600162794627
4.294557157457247,-4.888784612068772
4.297698750110837,-1.0099898649376002
4.300840342764427,-3.129570760996783
4.303981935418017,0.5797763769852344
4.307123528071607,-0.8356105870979889
4.310265120725196,-4.860040788795929
4.313406713378786,-2.8743304593829233
4.316548306032376,-2.2527243085223176
4.319689898685966,-1.552013293434182
4.322831491339556,0.6821822526100675
4.325973083993145,-2.700631044921999
4.329114676646735,-3.1027947939769853
4.332256269300325,-4.300928236274892
4.335397861953915,-2.8062300088906094
4.3385394546075045,-3.750992014086568
4.341681047261094,1.5474563140205222
4.3448226399146845,-2.98258681286931
4.347964232568274,-4.181061636498685
4.351105825221864,-3.552130407715961
4.354247417875453,-3.9656735457804997
4.357389010529043,-3.4458061344668907
4.360530603182633,-1.0813629622470582
4.363672195836223,-2.653436532701946
4.366813788489813,-1.4996884936121297
4.369955381143402,-1.583678160989327
4.373096973796993,-3.8846516870789087
4.376238566450582,-3.5114123528015524
4.379380159104172,-0.5228466527214357
4.3825217517577615,-0.8635760627804726
4.385663344411351,-4.686028939943607
4.388804937064942,-3.5850144341303407
4.391946529718531,-4.886013345669269
4.395088122372121,-1.8723984828515128
4.39822971502571,-3.8310829807210522
4.401371307679301,-4.7994393337499766
4.4045129003328904,-1.1167079132029198
4.40765449298648,-4.103477631757817
4.41079608564007,-1.8328703658340881
4.413937678293659,-4.388782179274452
4.41707927094725,-2.9028052745943818
4.420220863600839,-1.466475139211337
4.423362456254429,-1.4713268700341535
4.4265040489080185,-4.381237519696739
4.429645641561609,-0.7135761312763534
4.432787234215199,-0.9666517505314532
4.435928826868788,-3.661691229672124
4.439070419522378,-2.349542105110796
4.442212012175967,-3.82285368490611
4.445353604829558,-0.18828912898302297
4.4484951974831475,-2.5145250051744186
4.451636790136737,-2.627197519584037
4.454778382790327,-3.070713723757767
4.457919975443916,-1.2967296968379458
4.461061568097507,-1.4403767875012903
4.464203160751096,-2.1431276065413987
4.467344753404686,-2.844911726989287
4.4704863460582756,-2.212120433306916
4.473627938711866,-3.7053345293964703
4.476769531365456,-2.9604062370775353
4.479911124019045,-3.7078682382176797
4.483052716672635,-2.2490832994555916
4.486194309326224,-6.783764747827693
4.489335901979815,-2.3720479441069404
4.4924774946334045,-4.301465790468473
4.495619087286994,-3.6648696070908993
4.498760679940584,-3.7510470592287724
4.501902272594174,-4.554320535432668
4.505043865247764,-3.7776481539208637
4.508185457901353,-4.063206119664965
4.511327050554943,-1.568862942382162
4.514468643208533,-3.657128579568252
4.517610235862123,-1.7094832304490903
4.520751828515713,-3.2859340006086883
4.523893421169302,-3.633080297415831
4.527035013822892,-0.3090122417530682
4.530176606476482,-5.750671604548362
4.533318199130072,-3.7065731704910645
4.5364597917836615,-6.660596280024553
4.539601384437251,-3.0918811061340516
4.542742977090841,-1.8962605027219475
4.545884569744431,-2.431293968329445
4.549026162398021,-2.6287065528311953
4.55216775505161,0.5975893437642323
4.5553093477052,-3.887098307527583
4.5584509403587905,-2.606890803616421
4.56159253301238,-2.8392475160353214
4.56473412566597,-2.169297441751614
4.567875718319559,-4.057878882106712
4.571017310973149,-5.217839175265826
4.574158903626739,-0.8036327223024081
4.577300496280329,-3.8816630313749902
4.580442088933919,-6.546964951378488
4.583583681587508,-4.185073200715928
4.586725274241099,-4.098216349525012
4.589866866894688,-2.9452640130339676
4.593008459548278,-1.5757619142248762
4.5961500522018675,-3.9928702418200044
4.599291644855457,-3.109137523359764
4.6024332375090475,-6.2304052394262515
4.605574830162637,-3.045375383908813
4.608716422816227,-2.5306148691693187
4.611858015469816,-1.7966974477901345
4.614999608123406,0.255928897946773
4.618141200776996,-0.6354952030607208
4.621282793430586,-2.0811279153730435
4.624424386084176,-4.171483633808549
4.627565978737765,-4.227746609268388
4.630707571391356,-5.372329795140812
4.633849164044945,-4.824727473381765
4.636990756698535,-3.010702383473511
4.6401323493521245,-6.0737438484334625
4.643273942005714,-2.254508161456566
4.646415534659305,-1.2065666158125878
4.649557127312894,-3.388331190682602
4.652698719966484,-1.4410166401717603
4.655840312620073,-5.439277323523836
4.658981905273664,-2.168386059514086
4.6621234979272534,-4.036232905713953
4.665265090580843,-5.4744350114562135
4.668406683234433,-3.8487449519835812
4.671548275888022,-1.2265448541490478
4.674689868541613,-5.833954330303435
4.677831461195202,-2.7187353497370257
4.680973053848792,-3.458016075490823
4.6841146465023815,-4.554749101157398
4.687256239155972,-5.216212707981748
4.690397831809562,-2.338726333824032
4.693539424463151,-2.223289614498861
4.696681017116741,-2.0503243589001476
4.69982260977033,-3.445188746579554
4.702964202423921,-5.343425901617232
4.7061057950775105,-4.333388289873647
4.7092473877311,-0.5818479030905275
4.71238898038469,-3.6682842975582624
4.71553057303828,-3.308726967290175
4.71867216569187,-3.2814904287332443
4.721813758345459,-2.7533333138156784
4.724955350999049,-2.862215455288064
4.7280969436526386,-3.033369807392614
4.731238536306229,-3.3902450463746794
4.734380128959819,-3.1514257423774903
4.737521721613408,-2.6156104348573654
4.740663314266998,-2.5834558212246366
4.743804906920588,-3.075570514100882
4.746946499574178,-2.9868416792023944
4.7500880922277675,-2.999995738770368
4.753229684881357,-3.333219112938184
4.756371277534947,-2.632702357539645
4.759512870188537,-3.13272289535851
4.762654462842127,-3.1679131057121594
4.765796055495716,-2.7484157572253163
4.768937648149306,-3.019311474302971
4.7720792408028965,-2.8453736524635582
4.775220833456486,-2.20079595305464
4.778362426110076,-2.9286397354514393
4.781504018763665,-2.749055583065306
4.784645611417255,-2.5343095723289624
4.787787204070845,-3.217493247157077
4.790928796724435,-2.980473997533643
4.7940703893780245,-2.849842434631994
4.797211982031614,-2.801236600653989
4.800353574685204,-2.4898718059680065
4.803495167338794,-2.3905381208476992
4.806636759992384,-3.1037709620961893
4.809778352645973,-2.748572202322441
4.812919945299563,-3.4397275090260697
4.8160615379531535,-2.3616055883707956
4.819203130606743,-3.2266239619992794
4.822344723260333,-2.8159538685174397
4.825486315913922,-3.376875788321521
4.828627908567512,-3.008527557486318
4.831769501221102,-2.877790618074691
4.834911093874692,-2.4501966440004024
4.838052686528282,-2.796307269341173
4.841194279181871,-3.1672577303592266
4.844335871835462,-3.1591181814302485
4.847477464489051,-3.2561740662725995
4.850619057142641,-3.264459625835934
4.8537606497962305,-2.8150264135110117
4.85690224244982,-3.071755956745674
4.8600438351034105,-2.2546622735233677
4.863185427757,-3.2429470091307238
4.86632702041059,-3.3764569781166456
4.869468613064179,-3.425715667718611
4.87261020571777,-3.0690861434105896
4.875751798371359,-2.6587563580319733
4.878893391024949,-2.8841613918323694
4.882034983678539,-2.5874350681898903
4.885176576332128,-3.0859446869375295
4.888318168985719,-2.5840427525274974
4.891459761639308,-2.9727180708806804
4.894601354292898,-2.7978524391891972
4.8977429469464875,-3.1978169685580236
4.900884539600078,-3.7614516702516694
4.904026132253668,-3.447304289855437
4.907167724907257,-2.713962209281159
4.910309317560847,-2.9831891500704937
4.913450910214436,-3.047630192112721
4.916592502868027,-3.352503374662221
4.9197340955216164,-2.7012261470586605
4.922875688175206,-3.071309486462283
4.926017280828796,-3.1096174855134744
4.929158873482386,-2.725382179340037
4.932300466135976,-2.736833510250766
4.935442058789565,-2.647282407611012
4.938583651443155,-3.2213252920171165
4.9417252440967445,-2.747799734731897
4.944866836750335,-3.5293794983676507
4.948008429403925,-2.7218115448907634
4.951150022057514,-2.9970083286822944
4.954291614711104,-2.7671500904021267
4.957433207364693,-3.4337470477671963
4.960574800018284,-2.916470268411106
4.9637163926718735,-3.049180828978857
4.966857985325463,-2.7408318015347124
4.969999577979053,-2.979454453522228
4.973141170632643,-2.998801610636831
4.976282763286233,-2.855030322930605
4.979424355939822,-2.5981219593214626
4.982565948593412,-3.449762073089814
4.9857075412470016,-2.9268696788514337
4.988849133900592,-2.564083523207344
4.991990726554182,-2.8252741227838873
4.995132319207771,-3.152160703839535
4.998273911861361,-3.096933756172238
5.001415504514951,-3.070189689550677
5.004557097168541,-3.262759194331403
5.0076986898221305,-2.456896124083537
5.01084028247572,-2.534343887479473
5.01398187512931,-2.709746504253168
5.0171234677829,-3.2937546340472563
5.02026506043649,-2.7889387621876534
5.023406653090079,-2.812035746546639
5.026548245743669,-2.820908432670287
5.0296898383972595,-3.0793094499550318
5.032831431050849,-2.804195950582848
5.035973023704439,-2.794388106990407
5.039114616358028,-2.7996777688774834
5.042256209011618,-2.588622868546371
5.045397801665208,-2.6710050255353064
5.048539394318798,-3.1664008431185153
5.0516809869723875,-2.8472308383803417
5.054822579625977,-2.6917310924466133
5.057964172279568,-2.8973211701195556
5.061105764933157,-2.527222250992683
5.064247357586747,-2.887807725713718
5.067388950240336,-2.6394045627458387
5.070530542893926,-2.5026981647608073
5.0736721355475165,-3.150333356390487
5.076813728201106,-2.4714826975482524
5.079955320854696,-3.033740242663283
5.083096913508285,-3.0040567660246156
5.086238506161876,-2.6773879742081848
5.089380098815465,-2.633683299541704
5.092521691469055,-2.645806533166053
5.095663284122645,-3.181459263336301
5.098804876776234,-2.8749623162751043
5.101946469429825,-2.7791561280862713
5.105088062083414,-2.8678363344292865
5.108229654737004,-3.2203890653782246
5.1113712473905935,-2.525687019937229
5.114512840044184,-2.7705646512465933
5.1176544326977735,-2.46219183844463
5.120796025351363,-2.3466937889481962
5.123937618004953,-2.685590963287614
5.127079210658542,-2.761565136253942
5.130220803312133,-2.8431090299812896
5.133362395965722,-3.097234216715249
5.136503988619312,-3.023786659189485
5.139645581272902,-3.010623940527985
5.142787173926491,-2.629707996233646
5.145928766580082,-2.8829670187848926
5.149070359233671,-2.668346621255997
5.152211951887261,-2.398169473546886
5.1553535445408505,-3.3165604381972926
5.158495137194441,-3.126211364922845
5.161636729848031,-2.346145469527144
5.16477832250162,-2.219808089346089
5.16791991515521,-2.540474110803191
5.171061507808799,-2.7252086935264597
5.17420310046239,-2.6041493125425164
5.1773446931159794,-2.9986981476777537
5.180486285769569,-2.5903906905141363
5.183627878423159,-2.784857044870631
5.186769471076749,-2.7557621937939034
5.189911063730339,-2.9199411422742454
5.193052656383928,-3.025851742110741
5.196194249037518,-2.2071830827540566
5.1993358416911075,-2.699904103915425
5.202477434344698,-3.1690588078327746
5.205619026998288,-2.57446293123961
5.208760619651877,-2.2822923111138604
5.211902212305467,-3.1205474797182946
5.215043804959057,-2.6693365684364023
5.218185397612647,-2.5859412038584515
5.2213269902662365,-2.645669983011368
5.224468582919826,-1.9683924472148298
5.227610175573416,-2.374876071352298
5.230751768227006,-2.5460933914334967
5.233893360880596,-2.249222701405767
5.237034953534185,-2.5916253010025967
5.240176546187775,-3.0825296662114017
5.243318138841365,-2.970064731569506
5.246459731494955,-2.659358139444747
5.249601324148545,-2.7121425461100457
5.252742916802134,-2.7970245349122176
5.255884509455724,-2.84335983143459
5.259026102109314,-2.2026906431329207
5.262167694762904,-2.2581714542158244
5.2653092874164935,-2.5286977274597753
5.268450880070083,-2.253099494812299
5.271592472723674,-2.2089357776764906
5.274734065377263,-2.7171602059255258
5.277875658030853,-2.5039188547295663
5.281017250684442,-2.470777096943193
5.284158843338032,-3.0734816238552427
5.2873004359916225,-2.8014927121582893
5.290442028645212,-2.2634876703801217
5.293583621298802,-2.5243163707854333
5.296725213952391,-2.6670382237719017
5.299866806605982,-2.6755275374997094
5.303008399259571,-2.3323080856887155
5.306149991913161,-2.656567724344526
5.3092915845667505,-2.7647567437496963
5.31243317722034,-2.6589630608965438
5.315574769873931,-2.18816675754663
5.31871636252752,-2.45060627846381
5.32185795518111,-2.588893909244538
5.324999547834699,-2.5656635586577785
5.328141140488289,-2.6806447941649036
5.3312827331418795,-2.576297856691164
5.334424325795469,-2.7005046547174727
5.337565918449059,-3.136523785481552
5.340707511102648,-2.882781082823519
5.343849103756239,-2.4172706358884364
5.346990696409828,-2.495093166344202
5.350132289063418,-2.324465421162222
5.353273881717008,-2.0715605106649133
5.356415474370597,-2.3202680568416163
5.359557067024188,-2.690982806081543
5.362698659677777,-2.479623052661441
5.365840252331367,-2.0437627634657343
5.3689818449849565,-2.460350825050724
5.372123437638547,-2.0552486550647133
5.3752650302921365,-2.609672827676079
5.378406622945726,-2.2217336566093886
5.381548215599316,-2.402220811909421
5.384689808252905,-1.6605392407225676
5.387831400906496,-2.4232463015197014
5.390972993560085,-2.682280052531298
5.394114586213675,-2.6192660648990485
5.397256178867265,-2.3235698623606806
5.400397771520855,-2.3702153385007154
5.403539364174445,-2.728707883634541
5.406680956828034,-1.8834600302388593
5.409822549481624,-2.387562109253225
5.4129641421352135,-2.0480550224341507
5.416105734788804,-2.584889093562327
5.419247327442394,-2.0474439487360736
5.422388920095983,-2.532035763219575
5.425530512749573,-2.2918676327139402
5.428672105403163,-2.307235031064649
5.431813698056753,-2.307644948810872
5.4349552907103424,-2.4458307850507146
5.438096883363932,-1.958380251638558
5.441238476017522,-2.4750816584955038
5.444380068671112,-2.286918484749644
5.447521661324702,-1.9057506863981393
5.450663253978291,-2.5031908157913723
5.453804846631881,-1.6764717860971339
5.456946439285471,-2.402771281804517
5.460088031939061,-2.3308753749921687
5.463229624592651,-2.2781040205764227
5.46637121724624,-2.1200439547476395
5.46951280989983,-2.187494933348388
5.47265440255342,-2.6186721143194687
5.47579599520701,-2.4309191184459147
5.4789375878605995,-2.303578229661549
5.482079180514189,-2.681877001617104
5.485220773167779,-1.8930957501574555
5.488362365821369,-1.9172670071903057
5.491503958474959,-1.8812204882440322
5.494645551128548,-3.032370641280055
5.497787143782138,-2.122377122760022
5.500928736435728,-2.3732824957283762
5.504070329089318,-2.140848961372429
5.507211921742908,-1.9510763915860672
5.510353514396497,-2.065990365395005
5.513495107050087,-2.130661541198158
5.516636699703677,-2.5008838373296323
5.519778292357267,-2.0937999266464775
5.5229198850108565,-2.080986361923612
5.526061477664446,-1.4305824949898887
5.529203070318037,-2.427532561670195
5.532344662971626,-2.3843553498662287
5.535486255625216,-1.998682365763726
5.538627848278805,-1.8885558885118927
5.541769440932395,-2.209918413887055
5.5449110335859855,-2.410032198354732
5.548052626239575,-2.425807336305935
5.551194218893165,-1.569422703016973
5.554335811546754,-1.773607353910535
5.557477404200345,-1.8201552359308617
5.560618996853934,-1.7897899129415502
5.563760589507524,-1.7698575255315117
5.5669021821611135,-2.0149630490445336
5.570043774814703,-2.119089139636364
5.573185367468294,-1.4934389718247891
5.576326960121883,-1.7270247592143169
5.579468552775473,-2.1225506900681115
5.582610145429062,-1.7321729267895045
5.585751738082653,-1.8229386515250283
5.5888933307362425,-1.8564564332943014
5.592034923389832,-1.488124518237175
5.595176516043422,-2.1424831464323897
5.598318108697011,-2.278780579171315
5.601459701350602,-1.8515333595748917
5.604601294004191,-1.145879128198016
5.607742886657781,-1.631328935657773
5.610884479311371,-2.3067774800253287
5.614026071964961,-1.966027740809528
5.617167664618551,-1.6403283760711371
5.62030925727214,-1.2963771959941117
5.62345084992573,-1.7655941737633252
5.6265924425793195,-1.4569114077695158
5.62973403523291,-1.9012180821447564
5.6328756278864995,-1.7075763601489191
5.636017220540089,-1.617997116268552
5.639158813193679,-1.7774216509300698
5.642300405847269,-1.6215751872481912
5.645441998500859,-1.783933722752406
5.648583591154448,-1.6339381756930003
5.651725183808038,-1.7017104983635556
5.654866776461628,-2.3854971100924645
5.658008369115218,-1.6096200489164423
5.661149961768808,-2.1868970978123694
5.664291554422397,-1.3847196910519095
5.667433147075987,-1.615161541936652
5.6705747397295765,-2.2572616823953866
5.673716332383167,-2.1438823372708944
5.676857925036757,-2.1688957935204494
5.679999517690346,-1.653723426750222
5.683141110343936,-1.242262161246514
5.686282702997526,-1.6563857371883794
5.689424295651116,-2.1933941827507146
5.6925658883047054,-1.7399637289834264
5.695707480958295,-1.6223530382076206
5.698849073611885,-2.0921982139768533
5.701990666265475,-1.2289702354934025
5.705132258919065,-1.1910090289488053
5.708273851572654,-1.9082324257344987
5.711415444226244,-1.5630370707899741
5.714557036879834,-1.3333690929436819
5.717698629533424,-1.4644696360494058
5.720840222187014,-1.8777766359077486
5.723981814840603,-1.5528386766618083
5.727123407494193,-1.4577778219225608
5.730265000147783,-0.9398180044832667
5.733406592801373,-1.5361057250939374
5.7365481854549625,-1.835499971444501
5.739689778108552,-1.2266535551650772
5.742831370762143,-1.6320747755429357
5.745972963415732,-1.7159768159142244
5.749114556069322,-1.8285235776103845
5.752256148722911,-1.641276319443506
5.755397741376501,-1.6400821583402587
5.758539334030091,-1.6385194197547488
5.761680926683681,-0.9148807338778342
5.764822519337271,-2.0750770243140777
5.76796411199086,-1.0256749911317136
5.771105704644451,-1.5730112590109462
5.77424729729804,-1.7375163475855597
5.77738888995163,-1.6752583109090753
5.7805304826052195,-1.4187710761528685
5.783672075258809,-2.1078275014484413
5.7868136679124,-1.737300545750064
5.789955260565989,-1.543499733384028
5.793096853219579,-1.3481701293928396
5.796238445873168,-1.5054506976572282
5.799380038526759,-1.2615334598375474
5.8025216311803485,-1.2533602661675232
5.805663223833938,-1.2751911525375095
5.808804816487528,-1.5905895710482718
5.811946409141117,-1.3691744293485513
5.815088001794708,-1.3387577956323085
5.818229594448297,-1.7299044227362503
5.821371187101887,-1.7057620461005096
5.8245127797554765,-1.1704673475235154
5.827654372409066,-1.5842151313624906
5.830795965062657,-1.449781757874336
5.833937557716246,-1.4359137682441507
5.837079150369836,-1.6399014199806783
5.840220743023425,-1.6450339432069299
5.843362335677016,-1.0045963181242095
5.8465039283306055,-1.6038570081688295
5.849645520984195,-0.4010017374717378
5.852787113637785,-1.4067063144063485
5.855928706291374,-0.5370019954414321
5.859070298944965,-1.2169319648438606
5.862211891598554,-1.5581268656720992
5.865353484252144,-1.371608505498001
5.868495076905734,-1.5257218484289456
5.871636669559324,-0.9904182086907374
5.874778262212914,-0.9128699384212904
5.877919854866503,-1.0854743357558672
5.881061447520093,-1.3196781214493276
5.8842030401736825,-1.181498027489701
5.887344632827273,-0.9999582072689075
5.8904862254808625,-0.5024874810242913
5.893627818134452,-1.2744231435780309
5.896769410788042,-1.180903160553139
5.899911003441632,-1.3021227414606886
5.903052596095222,-1.1598540911021396
5.906194188748811,-1.7479879296162224
5.909335781402401,-0.5521483113457936
5.912477374055991,-1.3803715380839794
5.915618966709581,-0.981405209992662
5.918760559363171,-0.972287788683855
5.92190215201676,-0.5628591470042592
5.92504374467035,-1.1637286979500785
5.92818533732394,-1.0835870725194376
5.93132692997753,-0.8154100796759876
5.93446852263112,-0.6846815756785181
5.937610115284709,-0.7334257568440719
5.940751707938299,-1.4982408586135896
5.943893300591889,-0.8234841797186827
5.947034893245479,-0.7693619871897819
5.9501764858990684,-0.7472548944876607
5.953318078552658,-1.232976175644104
5.9564596712062485,-0.3847642915417315
5.959601263859838,-1.0522652670570911
5.962742856513428,-0.5705761878252534
5.965884449167017,-1.586020769871314
5.969026041820607,-0.4245810062352444
5.972167634474197,-1.05904362435428
5.975309227127787,-0.8075814763595142
5.978450819781377,-1.176674958748824
5.981592412434966,-1.2269906082021924
5.984734005088557,-0.7446720268726917
5.987875597742146,-1.1204931505842526
5.991017190395736,-1.3294276269976222
5.9941587830493255,-0.5703688381016543
5.997300375702915,-1.5110620459185844
6.000441968356506,-0.6042964065946265
6.003583561010095,-0.937478033495886
6.006725153663685,-0.993788610117457
6.009866746317274,-0.8967301699252808
6.013008338970864,-0.48544820429640617
6.016149931624454,-0.46593327099025283
6.019291524278044,-0.5229739906099489
6.022433116931634,-1.304160648053474
6.025574709585223,-1.0848467549888126
6.028716302238814,-1.214518337992095
6.031857894892403,-0.9020750351182554
6.034999487545993,-0.6735755908167539
6.0381410801995825,-0.7131752659981971
6.041282672853172,-0.4173663682762776
6.044424265506763,-0.7143965438450905
6.047565858160352,-0.8229569097961955
6.050707450813942,-0.8205428933608903
6.053849043467531,-0.8877105221875667
6.056990636121122,-0.30183106033073964
6.0601322287747115,-0.5379061880812039
6.063273821428301,-0.996912670806721
6.066415414081891,-0.7303421667702592
6.06955700673548,-0.8038313448634699
6.072698599389071,-0.7182961472983657
6.07584019204266,-0.7132816504374229
6.07898178469625,-0.8440333540925191
6.0821233773498395,-1.0438441807403906
6.08526497000343,-0.6640020302789728
6.08840656265702,-0.43086497078283537
6.091548155310609,-0.3319476237311916
6.094689747964199,-0.5800384324493069
6.097831340617788,0.01031357369946162
6.100972933271379,-0.742794542354366
6.1041145259249685,-0.4013886915403646
6.107256118578558,-0.7038823553557078
6.110397711232148,-0.653109590310488
6.113539303885738,-1.056886341767769
6.116680896539328,-0.3266078986925898
6.119822489192917,-0.8801701389885778
6.122964081846507,-0.8492076300920639
6.126105674500097,-0.3964141213321971
6.129247267153687,-0.7011461533264264
6.132388859807277,-0.367153003773222
6.135530452460866,-0.42046451982861577
6.138672045114456,-0.5623983766786325
6.141813637768046,-0.7917522848120137
6.144955230421636,-0.3091025705166025
6.1480968230752255,-0.47114631983793176
6.151238415728815,0.03293665001461529
6.154380008382405,-0.3426732539074703
6.157521601035995,-0.6554748383095885
6.160663193689585,0.15929758620118167
6.163804786343174,-0.11789639929858606
6.166946378996764,-1.0597888665191373
6.1700879716503545,-0.45069803982392254
6.173229564303944,-0.6336243386908728
6.176371156957534,-0.2067274922426643
6.179512749611123,-0.4564812492156739
6.182654342264713,-0.38863365788924337
6.185795934918303,-0.014089121868806828
6.188937527571893,-0.42313530941817434
6.192079120225483,0.06911770439088089
6.195220712879072,0.31330953238767745
6.198362305532662,-0.21489614835143367
6.201503898186252,-0.48663783919478
6.204645490839842,-0.4976622050215201
6.2077870834934314,-0.23990524449204764
6.210928676147021,-0.6365943666093548
6.2140702688006115,0.2939260098139243
6.217211861454201,0.33842152911229434
6.220353454107791,-0.5085015226981054
6.22349504676138,-0.5393334457798838
6.22663663941497,-0.13213761893377124
6.22977823206856,-0.09976181155922123
6.23291982472215,-0.04461782893503012
6.23606141737574,0.27335187669272043
6.239203010029329,0.04004887420769716
6.24234460268292,-0.5838468810848043
6.245486195336509,-0.35532774936350464
6.248627787990099,-0.24416488608059478
6.2517693806436885,-0.4502068565869439
6.254910973297278,0.2564269638482934
6.258052565950869,-0.17801771233055705
6.261194158604458,-0.1308428383567725
6.264335751258048,0.23620183166474842
6.267477343911637,-0.03132915749992955
6.270618936565228,0.12831317089490676
6.273760529218817,0.4760141255401751
6.276902121872407,0.24609357721668584
6.280043714525997,-0.14306636941256168
