0.0,0.02389795386216251
0.003143164235707647,0.26117508467815975
0.006286328471415294,-0.09100599977267874
0.009429492707122941,-0.2159500219011073
0.012572656942830588,0.2576297161638739
0.015715821178538234,0.27192149380663533
0.018858985414245882,0.22469584820257696
0.022002149649953527,0.10485485289958016
0.025145313885661175,0.09678641123327782
0.028288478121368824,0.17040287053819803
0.03143164235707647,0.5874331587497644
0.03457480659278411,-0.2943387407146767
0.037717970828491765,0.08984550787540724
0.04086113506419941,0.17592447326242033
0.044004299299907054,-0.36494228207420415
0.047147463535614706,-0.5043997216778544
0.05029062777132235,0.5606113138871442
0.053433792007029995,0.22569788623351825
0.05657695624273765,-0.1927271971749827
0.05972012047844529,0.44968968742968585
0.06286328471415294,-0.4693127247462495
0.06600644894986059,0.5400422921172391
0.06914961318556823,0.37516916741613143
0.07229277742127588,-0.2661098726110499
0.07543594165698353,0.2458019998434357
0.07857910589269117,-0.3439914117613371
0.08172227012839882,0.39151921990200944
0.08486543436410647,0.16215185326861759
0.08800859859981411,0.5085779522918217
0.09115176283552176,0.11871464041897291
0.09429492707122941,0.12883666443440545
0.09743809130693705,0.21170869201345185
0.1005812555426447,0.10573014690306459
0.10372441977835235,0.40722785480865287
0.10686758401405999,0.17799140092439675
0.11001074824976764,0.37158701263460586
0.1131539124854753,0.4703528526000569
0.11629707672118293,0.749443150223204
0.11944024095689058,0.055755129117417174
0.12258340519259824,-0.30344694142376627
0.12572656942830587,0.05468376498013726
0.12886973366401352,-0.3823955537527015
0.13201289789972118,-0.35681420608999537
0.13515606213542883,-0.01836053335108223
0.13829922637113645,-0.321904420969478
0.1414423906068441,0.5218458324872277
0.14458555484255176,0.8293171711021889
0.1477287190782594,0.004190330339826132
0.15087188331396706,0.10973524625274943
0.1540150475496747,-0.13883928611431853
0.15715821178538233,-0.2674985345819904
0.16030137602109,0.1699490450527103
0.16344454025679764,0.5455074281726556
0.1665877044925053,-0.09816491160017449
0.16973086872821294,0.4415924053327992
0.1728740329639206,-0.43436323038233204
0.17601719719962822,0.5916292419919635
0.17916036143533587,0.39077357459715256
0.18230352567104352,0.2373891492517653
0.18544668990675117,0.22822579075925195
0.18858985414245882,-0.04901442293759917
0.19173301837816648,-0.07273926941886849
0.1948761826138741,0.5932296484741805
0.19801934684958175,0.24684334806802025
0.2011625110852894,0.30606365576308797
0.20430567532099705,0.48586801517545586
0.2074488395567047,0.29533118277510884
0.21059200379241233,-0.32398573451870283
0.21373516802811998,0.8083406026924136
0.21687833226382763,0.4165286736756416
0.22002149649953529,-0.13786648438795843
0.22316466073524294,0.16975032721237626
0.2263078249709506,-0.0004724192874571709
0.2294509892066582,0.10349183106934984
0.23259415344236586,0.027005739099986603
0.23573731767807352,0.7375700461133099
0.23888048191378117,-0.16045412000429812
0.24202364614948882,0.1391031252206093
0.24516681038519647,0.8580602239642401
0.2483099746209041,0.4908700895187926
0.25145313885661175,-0.02881226780528126
0.2545963030923194,0.03202607296868057
0.25773946732802705,0.4376154379910227
0.2608826315637347,0.3114570247119682
0.26402579579944235,0.5383154786998161
0.26716896003515,0.21508854783110762
0.27031212427085766,0.21677307244923713
0.2734552885065653,0.370191600149373
0.2765984527422729,0.5288936596087455
0.27974161697798056,0.5232566038640173
0.2828847812136882,-0.5699682886699731
0.28602794544939586,0.05165487305114144
0.2891711096851035,-0.028214720138166227
0.29231427392081116,0.22384335417996784
0.2954574381565188,-0.4437391228443114
0.29860060239222647,0.38530944867734224
0.3017437666279341,0.7296442646660355
0.30488693086364177,0.0040084680929659
0.3080300950993494,0.5891016356259453
0.311173259335057,0.9074137490809879
0.31431642357076467,0.635954264901298
0.3174595878064723,0.22900475999209552
0.32060275204218,0.5712187104052953
0.3237459162778876,0.17712942940545132
0.3268890805135953,0.3174726345754738
0.3300322447493029,1.0269941429932077
0.3331754089850106,0.9029028592427542
0.33631857322071823,0.5611490277525244
0.3394617374564259,0.6130245444380967
0.34260490169213353,0.7022839175301374
0.3457480659278412,0.5035944642657915
0.3488912301635488,0.5081524496534362
0.35203439439925643,0.3778351523309096
0.3551775586349641,0.14785056878811392
0.35832072287067174,0.21563017066681364
0.3614638871063794,0.1105824919772663
0.36460705134208704,0.01446063699596678
0.3677502155777947,0.23487435775067728
0.37089337981350234,0.6846027001210846
0.37403654404921,0.28370237970476847
0.37717970828491765,0.6083324715587429
0.3803228725206253,0.45958473710432646
0.38346603675633295,0.14809334904935673
0.38660920099204055,0.12715932470307545
0.3897523652277482,0.3935927955156603
0.39289552946345585,0.13861927625472545
0.3960386936991635,0.5420951223535176
0.39918185793487115,0.3744543307401994
0.4023250221705788,0.2830835477620672
0.40546818640628646,0.9348741884931955
0.4086113506419941,0.3935054879778351
0.41175451487770176,0.2803997762641172
0.4148976791134094,0.6195031096919241
0.41804084334911706,-0.03502409248602173
0.42118400758482466,0.2799208949230406
0.4243271718205323,0.42779393114264397
0.42747033605623996,0.3164457888800524
0.4306135002919476,0.1610044260453894
0.43375666452765527,0.5935406378017327
0.4368998287633629,0.9750030442918992
0.44004299299907057,0.015393152863252435
0.4431861572347782,1.120721742241899
0.4463293214704859,0.08675459326271767
0.4494724857061935,0.6205897120519992
0.4526156499419012,0.3606984536891079
0.45575881417760883,0.737172078132436
0.4589019784133164,0.7065894025431934
0.4620451426490241,-0.06500411614360707
0.46518830688473173,0.4712958121970229
0.4683314711204394,-0.015903372895930856
0.47147463535614703,0.32959237673555897
0.4746177995918547,0.2843911232148201
0.47776096382756233,0.5090710496185719
0.48090412806327,0.946475737025126
0.48404729229897764,0.6321525578943418
0.4871904565346853,0.6225633386690425
0.49033362077039294,0.8884522836439499
0.4934767850061006,0.6065229470774129
0.4966199492418082,0.25001372856976545
0.49976311347751584,0.3838731601782649
0.5029062777132235,0.7397685431725827
0.5060494419489312,0.18241270595810172
0.5091926061846388,0.771305179462289
0.5123357704203464,0.45383926790722606
0.5154789346560541,0.3219673609354222
0.5186220988917617,0.5251938326398025
0.5217652631274694,0.0673431432048201
0.524908427363177,0.7206676154910587
0.5280515915988847,0.8216444399174962
0.5311947558345923,0.6280726245686306
0.5343379200703,0.7418590790325955
0.5374810843060076,0.9138676650379236
0.5406242485417153,0.1381295326986846
0.5437674127774229,0.5366105265369144
0.5469105770131306,0.22481172488351203
0.5500537412488382,0.10000160535492553
0.5531969054845458,0.3612541588631659
0.5563400697202535,0.3895538300024407
0.5594832339559611,0.8966648163655395
0.5626263981916688,0.827626035871377
0.5657695624273764,0.25773130762618446
0.5689127266630841,-0.17328394124134583
0.5720558908987917,0.4460388679834729
0.5751990551344994,0.8183583166928046
0.578342219370207,0.44130419371377655
0.5814853836059147,1.2641877082181256
0.5846285478416223,0.5070833490387047
0.5877717120773299,0.751859451897443
0.5909148763130376,0.6132062763000212
0.5940580405487452,0.39719544677742136
0.5972012047844529,0.6362851867711129
0.6003443690201605,0.05549051429502849
0.6034875332558682,0.5105886482769392
0.6066306974915758,0.4326772121810222
0.6097738617272835,0.5828156609634638
0.6129170259629911,0.47678700966517346
0.6160601901986988,0.6736496769811584
0.6192033544344064,0.7050941620969085
0.622346518670114,0.7296753336601721
0.6254896829058217,0.6460704443868378
0.6286328471415293,0.1834945754467323
0.631776011377237,0.6347131696028666
0.6349191756129446,0.6804611854204593
0.6380623398486523,0.506661480125788
0.64120550408436,0.6079322641938445
0.6443486683200677,0.8043895120004391
0.6474918325557752,0.8661163765527737
0.650634996791483,0.4071915651317405
0.6537781610271906,0.5351791008325824
0.6569213252628983,-0.3206625636027747
0.6600644894986059,0.3752413406465483
0.6632076537343135,0.960172023568425
0.6663508179700212,0.17457917812542983
0.6694939822057288,0.1841947211662464
0.6726371464414365,0.43308571142066943
0.6757803106771441,0.7989120937464473
0.6789234749128518,0.4840991314166807
0.6820666391485594,0.08321988306857908
0.6852098033842671,0.6386298533612563
0.6883529676199747,0.6583425993469599
0.6914961318556824,0.17786933253979537
0.69463929609139,0.9007421755807488
0.6977824603270976,0.3777140111020436
0.7009256245628053,0.3822329217195865
0.7040687887985129,0.6469126866819795
0.7072119530342206,0.5161114294848616
0.7103551172699282,0.09936212513539566
0.7134982815056359,1.2060954702095605
0.7166414457413435,0.8631697121513282
0.7197846099770512,0.25984625211789936
0.7229277742127588,0.740236381604693
0.7260709384484665,0.3159960513702623
0.7292141026841741,0.6281694146808443
0.7323572669198817,-0.09975491509785017
0.7355004311555894,1.0789737303527454
0.738643595391297,0.4028222880632971
0.7417867596270047,0.7080038606877238
0.7449299238627123,0.3829280381515834
0.74807308809842,-0.010840533195010105
0.7512162523341276,0.8217529995164692
0.7543594165698353,1.2636420481417368
0.7575025808055429,0.8347433368474553
0.7606457450412506,0.4400185407233681
0.7637889092769582,0.8587832156219446
0.7669320735126659,0.6661029546161968
0.7700752377483735,0.7996558080500094
0.7732184019840811,1.302043473234273
0.7763615662197888,0.7747380032637653
0.7795047304554964,1.0127467664376621
0.7826478946912041,0.36059280030537605
0.7857910589269117,0.5927969076474243
0.7889342231626194,0.7648930030272484
0.792077387398327,0.8984309805547652
0.7952205516340347,0.18991146756648913
0.7983637158697423,1.0680601344450382
0.80150688010545,0.8097763122665562
0.8046500443411576,0.8583453773068147
0.8077932085768652,0.9704858342246301
0.8109363728125729,0.7522777412366244
0.8140795370482805,0.9941143603757692
0.8172227012839882,1.1500708220158609
0.8203658655196958,0.56931203565801
0.8235090297554035,0.706575541091717
0.8266521939911111,0.47214077349989814
0.8297953582268188,0.4956488959213101
0.8329385224625264,0.5857196193451322
0.8360816866982341,0.5015057281868764
0.8392248509339417,0.9567252304527885
0.8423680151696493,0.49983474019519625
0.845511179405357,0.5197906184009633
0.8486543436410646,1.0546030965564344
0.8517975078767723,1.1791178537858866
0.8549406721124799,1.1973639667231946
0.8580838363481876,0.6004000211741587
0.8612270005838952,0.4196377771392458
0.8643701648196029,1.0569379031213715
0.8675133290553105,0.36762919203418326
0.8706564932910182,0.26593800660902245
0.8737996575267258,0.5720410385123227
0.8769428217624335,0.8434635003109872
0.8800859859981411,0.5576363011426859
0.8832291502338487,0.5507308967529676
0.8863723144695564,0.980464161583331
0.889515478705264,1.206560012834534
0.8926586429409717,0.2057070301224515
0.8958018071766793,1.1822740189873542
0.898944971412387,0.8331838424979611
0.9020881356480946,1.0867005534297545
0.9052312998838024,0.7152667194539476
0.90837446411951,1.0658300228317132
0.9115176283552177,0.8799561484391283
0.9146607925909253,0.48177519538436336
0.9178039568266328,0.9777808570083066
0.9209471210623406,0.7825403898894759
0.9240902852980482,0.7619273893713229
0.9272334495337559,0.4793585570505427
0.9303766137694635,0.8021505045038191
0.9335197780051712,1.1444693559247527
0.9366629422408788,0.6235285783491407
0.9398061064765865,0.6296825556301283
0.9429492707122941,0.9234972249270953
0.9460924349480018,0.7065832988287053
0.9492355991837094,1.2528364117386217
0.952378763419417,0.8764922999948921
0.9555219276551247,0.6835400954305865
0.9586650918908323,0.7671476942651985
0.96180825612654,0.8601813010725456
0.9649514203622476,0.7870189024103685
0.9680945845979553,0.5722989952568136
0.9712377488336629,0.6391834436684107
0.9743809130693706,1.4509011572294503
0.9775240773050782,0.47642285069006696
0.9806672415407859,0.9181341459382278
0.9838104057764935,1.078765724327464
0.9869535700122012,0.3601240996251718
0.9900967342479088,1.2260465309770816
0.9932398984836164,0.8648140493753751
0.9963830627193241,0.34577630140131754
0.9995262269550317,0.9753444383207193
1.0026693911907394,0.738943663138519
1.005812555426447,0.4720738206393498
1.0089557196621546,0.7002001476824119
1.0120988838978624,0.8039558081700021
1.01524204813357,0.538644451393774
1.0183852123692776,0.39305801440557797
1.0215283766049852,0.507616093646585
1.0246715408406928,0.9408170916616192
1.0278147050764006,1.3263448241314353
1.0309578693121082,0.547662969867174
1.0341010335478158,0.9656691656408227
1.0372441977835234,0.6081481567243812
1.0403873620192312,1.2306053967229884
1.0435305262549388,0.7699901143955988
1.0466736904906464,0.9797736668246066
1.049816854726354,1.6178659295598392
1.0529600189620618,0.8799391131498229
1.0561031831977694,1.043924075951012
1.059246347433477,1.4081279210258066
1.0623895116691846,1.0186820439101223
1.0655326759048922,0.8254315601958265
1.0686758401406,0.7388417641431899
1.0718190043763076,1.190486103695398
1.0749621686120152,0.7617098107131886
1.0781053328477228,1.0437143376066613
1.0812484970834306,0.5291825427836655
1.0843916613191382,1.4272651790848443
1.0875348255548458,0.7744697328516261
1.0906779897905534,0.4334651281850753
1.0938211540262612,1.2505156560725856
1.0969643182619688,0.5502695382479623
1.1001074824976764,1.056167826728366
1.103250646733384,0.9115225157977634
1.1063938109690916,1.0584545299342287
1.1095369752047994,0.9935408995509084
1.112680139440507,0.36325030987363305
1.1158233036762146,0.37585869505663383
1.1189664679119222,0.6274897871778264
1.12210963214763,0.5270577444898338
1.1252527963833376,1.3947384757184103
1.1283959606190452,1.1032879044843922
1.1315391248547528,1.1878762753007812
1.1346822890904604,0.459291677298952
1.1378254533261682,1.1851933565529926
1.1409686175618758,0.9776761314640351
1.1441117817975834,0.803678415290207
1.147254946033291,0.6829749415593335
1.1503981102689989,0.8360593769719872
1.1535412745047064,1.0685210633136504
1.156684438740414,0.8459458777155142
1.1598276029761216,1.2027039131517137
1.1629707672118295,1.2950880627749075
1.166113931447537,1.3076408813748748
1.1692570956832447,0.2967422857306735
1.1724002599189522,0.7901887057931418
1.1755434241546598,1.225653170849962
1.1786865883903677,1.1500244452185924
1.1818297526260753,1.1791799478963345
1.1849729168617829,1.096343288412357
1.1881160810974905,1.0712248547342256
1.1912592453331983,0.8874786908688402
1.1944024095689059,1.291802202727623
1.1975455738046135,0.6782862696692724
1.200688738040321,1.2957064897914656
1.2038319022760289,0.7691073033728332
1.2069750665117365,0.9429463883669714
1.210118230747444,0.977371706552906
1.2132613949831517,1.3731047886228516
1.2164045592188593,0.946495219504635
1.219547723454567,1.0975726668638484
1.2226908876902747,1.2098699325776903
1.2258340519259823,0.4168165857711926
1.2289772161616899,0.5874061841711138
1.2321203803973977,0.5585917570506971
1.2352635446331053,1.226704155942862
1.2384067088688129,0.9865256108326252
1.2415498731045205,0.5504581426313233
1.244693037340228,0.9631160245527939
1.2478362015759359,0.8678856384017949
1.2509793658116435,1.4085997588922603
1.254122530047351,1.3560838333294205
1.2572656942830587,1.2728388952809264
1.2604088585187665,1.1198919890767542
1.263552022754474,0.8951553956128939
1.2666951869901817,0.9895465676135788
1.2698383512258893,0.5002412321646121
1.272981515461597,1.1459985284638516
1.2761246796973047,0.6823320994285811
1.2792678439330123,1.4815567705573054
1.28241100816872,0.6727417234569136
1.2855541724044275,0.8318854290541304
1.2886973366401353,0.8264603061515559
1.291840500875843,0.7331368172261491
1.2949836651115505,1.3783831199496666
1.298126829347258,1.2724257941942154
1.301269993582966,0.9539895863419601
1.3044131578186735,0.9038784796152046
1.307556322054381,1.20486900733155
1.3106994862900887,1.1709414225350396
1.3138426505257965,1.0212469504063943
1.3169858147615041,1.0094859570185866
1.3201289789972117,0.9231085201713183
1.3232721432329193,0.9196129059034694
1.326415307468627,0.8782654137909991
1.3295584717043347,1.0637238448545117
1.3327016359400423,0.9872289239074206
1.33584480017575,0.9490934468228818
1.3389879644114575,1.3365328884170997
1.3421311286471653,0.9842781728125823
1.345274292882873,0.661161601851487
1.3484174571185805,0.9687707296834093
1.3515606213542881,0.52215409455593
1.3547037855899957,0.8752433032729123
1.3578469498257035,0.7553984466098635
1.3609901140614111,1.2950178325851285
1.3641332782971187,1.2082002710974669
1.3672764425328263,1.019929301131082
1.3704196067685341,1.246977595397827
1.3735627710042417,0.958596245218699
1.3767059352399493,1.153571560477289
1.379849099475657,1.0680189497713821
1.3829922637113647,0.40040708648457357
1.3861354279470723,1.3468297453013554
1.38927859218278,0.47719917034804127
1.3924217564184875,1.0853574429002586
1.3955649206541951,1.098662042644898
1.398708084889903,1.1164111149959717
1.4018512491256105,1.253316518796219
1.4049944133613181,0.7950504638101213
1.4081375775970257,1.1659274881362296
1.4112807418327336,0.9289584180593663
1.4144239060684412,1.2332727054770065
1.4175670703041487,0.7079868841155589
1.4207102345398563,1.317165228829156
1.4238533987755642,1.199398077170287
1.4269965630112718,1.103300415914095
1.4301397272469794,1.0663028131617516
1.433282891482687,0.7918820180032627
1.4364260557183945,1.6008464553522006
1.4395692199541024,1.0998728994298232
1.44271238418981,0.992645881190047
1.4458555484255176,1.0894009829806888
1.4489987126612252,0.9567092523647038
1.452141876896933,0.9107036863277315
1.4552850411326406,1.1877683440987916
1.4584282053683482,1.0857733680247774
1.4615713696040558,1.061244170819303
1.4647145338397634,0.9671384672698737
1.4678576980754712,1.077299103733267
1.4710008623111788,0.8686112863825821
1.4741440265468864,0.3959526266181065
1.477287190782594,1.1821841865452622
1.4804303550183018,1.1485969547360937
1.4835735192540094,1.1711735358949495
1.486716683489717,1.086694601580372
1.4898598477254246,0.8167685564326519
1.4930030119611324,1.3451677442295091
1.49614617619684,1.1930533483084242
1.4992893404325476,1.4166711747363705
1.5024325046682552,0.9050737519487313
1.5055756689039628,1.0140194089904564
1.5087188331396706,0.8431265325711844
1.5118619973753782,1.058727838833822
1.5150051616110858,1.4903539665581662
1.5181483258467934,0.4069352906504725
1.5212914900825012,1.041602671399866
1.5244346543182088,1.2003769624051484
1.5275778185539164,1.2330721043103154
1.530720982789624,0.809395371782878
1.5338641470253318,0.7935161152998068
1.5370073112610394,1.0434695967440637
1.540150475496747,0.7696497855058783
1.5432936397324546,1.5284292353164675
1.5464368039681622,1.2572274193905686
1.54957996820387,0.7783320509650968
1.5527231324395776,0.6267571357174277
1.5558662966752852,1.5889529437666923
1.5590094609109928,1.20957245869147
1.5621526251467006,1.2786948784945436
1.5652957893824082,1.1186687475346986
1.5684389536181158,1.1463512741552886
1.5715821178538234,1.1428666486125307
1.574725282089531,1.0013712605564196
1.5778684463252388,0.9857084512747705
1.5810116105609464,1.1336197473192322
1.584154774796654,1.1251975868779724
1.5872979390323616,1.1200471062957695
1.5904411032680694,1.0731301070056414
1.593584267503777,1.0145532165347244
1.5967274317394846,0.9115841681107705
1.5998705959751922,1.029871750100751
1.6030137602109,0.9487977832744037
1.6061569244466076,1.1144349854008
1.6093000886823152,0.9302884628633543
1.6124432529180228,0.9033183152766674
1.6155864171537304,0.9156678804031338
1.6187295813894382,1.1099050840388205
1.6218727456251458,0.9308748385647174
1.6250159098608534,1.1261751080079911
1.628159074096561,0.9365979504266789
1.6313022383322688,1.0610340471638862
1.6344454025679764,1.0245284457035975
1.637588566803684,0.8825083814730272
1.6407317310393916,1.0318100087143307
1.6438748952750994,0.9429120582513288
1.647018059510807,0.7649938531475142
1.6501612237465146,1.0927345130116732
1.6533043879822222,0.8655246180054281
1.6564475522179298,1.042020447063098
1.6595907164536376,1.1273050365184965
1.6627338806893452,1.0321146118066304
1.6658770449250528,1.0308424177803317
1.6690202091607604,1.0430159846073852
1.6721633733964683,0.9487908816180662
1.6753065376321759,1.2580251955978223
1.6784497018678834,1.029087030286198
1.681592866103591,0.9908737904851822
1.6847360303392986,0.9652942813472394
1.6878791945750065,0.8947019125301269
1.691022358810714,1.0233689788703757
1.6941655230464217,0.8749432388308555
1.6973086872821292,1.204575440411775
1.700451851517837,1.0493374350285858
1.7035950157535447,1.0222452688658228
1.7067381799892523,0.9196336455165428
1.7098813442249599,1.2275175027712781
1.7130245084606677,1.0237348721559973
1.7161676726963753,0.9583371432095004
1.7193108369320829,0.9321813033034232
1.7224540011677905,1.1692322258249943
1.725597165403498,1.020846864541494
1.7287403296392059,1.1887274749276053
1.7318834938749135,1.1463722895095037
1.735026658110621,0.9507474509679412
1.7381698223463287,1.164553632347518
1.7413129865820365,0.9073812449581979
1.744456150817744,0.9656190289628324
1.7475993150534517,0.7089218913053602
1.7507424792891593,0.902411367625685
1.753885643524867,0.8145723211618969
1.7570288077605747,1.151750105121796
1.7601719719962823,1.1849134411231854
1.7633151362319899,1.0585041219820797
1.7664583004676975,1.0118722272764344
1.7696014647034053,0.9745994931962166
1.7727446289391129,0.8600011564548026
1.7758877931748205,0.9411179861120262
1.779030957410528,1.048230532633895
1.782174121646236,1.0312431738016377
1.7853172858819435,1.0102926189175652
1.788460450117651,1.080218027816246
1.7916036143533587,0.8678564911083994
1.7947467785890663,0.717828127341839
1.797889942824774,0.92511150090524
1.8010331070604817,1.1226896817718761
1.8041762712961893,0.8962631569155093
1.807319435531897,0.9039940667843858
1.8104625997676047,1.0987597926791453
1.8136057640033123,0.9611749636922975
1.81674892823902,0.9064588637269239
1.8198920924747275,1.0165960224134545
1.8230352567104353,0.9065411669206541
1.826178420946143,0.8677237338117766
1.8293215851818505,1.0393659611251365
1.832464749417558,0.9399005258558168
1.8356079136532657,0.8904797021711948
1.8387510778889735,0.9765334585882701
1.8418942421246811,0.8245147687499214
1.8450374063603887,1.1355285117467684
1.8481805705960963,0.8464183012032972
1.8513237348318041,0.9582995818091233
1.8544668990675117,0.9059584991802457
1.8576100633032193,1.02113161657824
1.860753227538927,0.8986814156255308
1.8638963917746347,0.927906607292932
1.8670395560103423,1.114387705249045
1.87018272024605,1.0312027624236035
1.8733258844817575,1.043201337571214
1.8764690487174651,0.8598930570494067
1.879612212953173,1.0821697623725688
1.8827553771888805,0.9636676041798923
1.8858985414245881,1.12664432893814
1.8890417056602957,0.8731539639726158
1.8921848698960035,1.0089365263630852
1.8953280341317111,0.9448396190180502
1.8984711983674187,1.1350187850507294
1.9016143626031263,1.1215546656802773
1.904757526838834,1.0431727887163245
1.9079006910745417,0.8965267767851353
1.9110438553102493,0.9152056682091115
1.914187019545957,0.9268892324920769
1.9173301837816645,0.9441003662731027
1.9204733480173724,1.1418921789073642
1.92361651225308,1.0921415070411489
1.9267596764887875,1.058499150742488
1.9299028407244951,0.9701867309861015
1.933046004960203,1.0109199979815338
1.9361891691959106,0.8486315521249219
1.9393323334316181,0.9918289594366967
1.9424754976673257,0.9817151041014107
1.9456186619030333,0.9499537286302648
1.9487618261387412,0.8348872982960065
1.9519049903744488,0.8894022643229803
1.9550481546101564,0.905139081377171
1.958191318845864,0.9597468972973735
1.9613344830815718,0.8266760195698034
1.9644776473172794,0.7910789764637142
1.967620811552987,0.9283809784583213
1.9707639757886946,0.8184390743100145
1.9739071400244024,0.7861763708932709
1.97705030426011,0.7706361403083067
1.9801934684958176,1.0198402515179446
1.9833366327315252,0.8191018329885122
1.9864797969672328,1.0637135891741598
1.9896229612029406,0.8876937688633411
1.9927661254386482,0.9707843034753468
1.9959092896743558,0.8714376256629002
1.9990524539100634,0.9259379209553624
2.002195618145771,1.1303836520686654
2.005338782381479,0.7683033697718318
2.0084819466171866,0.9529997076063552
2.011625110852894,0.834054173348847
2.014768275088602,0.7513378817043922
2.017911439324309,1.0202340363594153
2.021054603560017,0.769314532796849
2.024197767795725,0.802267051460037
2.027340932031432,0.8867788861662684
2.03048409626714,0.8902261182184266
2.0336272605028474,1.0016438131128877
2.036770424738555,1.0232702657363695
2.039913588974263,0.9246872342934384
2.0430567532099704,0.7348641218759786
2.046199917445678,0.9414979198857273
2.0493430816813856,0.7738497977941712
2.0524862459170934,0.9394021848111004
2.055629410152801,0.8718869497789258
2.0587725743885086,0.8238392517444161
2.0619157386242164,1.0316378263818233
2.065058902859924,0.9719192333342217
2.0682020670956316,0.9728459381503849
2.0713452313313394,0.9096193910197882
2.074488395567047,0.8226807851387445
2.0776315598027546,0.8324168008674857
2.0807747240384624,0.7901190978946051
2.08391788827417,0.9154692218877932
2.0870610525098776,0.9205565220843034
2.090204216745585,0.8784605614193135
2.093347380981293,0.9706261266549582
2.0964905452170006,0.9869804831847098
2.099633709452708,0.9293957297534026
2.102776873688416,0.8153235462273706
2.1059200379241236,0.9483824994299381
2.109063202159831,0.986955975171789
2.112206366395539,0.7438870238753565
2.115349530631246,0.8036539759117
2.118492694866954,0.9042680731013361
2.121635859102662,0.9001178058667929
2.124779023338369,0.8650394566929188
2.127922187574077,0.7966426473224378
2.1310653518097844,0.908601834653951
2.134208516045492,0.8312853097880449
2.1373516802812,0.730488615701099
2.1404948445169074,0.965648154765435
2.1436380087526152,0.7933018879587355
2.146781172988323,0.8577299442755183
2.1499243372240304,0.8415736039399562
2.1530675014597382,0.809535468022271
2.1562106656954456,0.7710677765281267
2.1593538299311534,0.7218866501670197
2.1624969941668613,0.8005638593169574
2.1656401584025686,0.8790658492966777
2.1687833226382764,0.8512078898819486
2.171926486873984,0.7977545248539814
2.1750696511096916,0.8617372293892802
2.1782128153453995,0.5540570580433322
2.181355979581107,0.7327230291248138
2.1844991438168146,0.9599888157603615
2.1876423080525225,0.8497418638271573
2.19078547228823,0.7449357138880986
2.1939286365239377,0.6640496580445934
2.197071800759645,0.8638337633574641
2.200214964995353,0.7829581945450371
2.2033581292310607,0.9464546137743013
2.206501293466768,0.9089382829908075
2.209644457702476,0.9650319757728105
2.2127876219381832,0.8508000394868485
2.215930786173891,0.78503387638448
2.219073950409599,0.7791904129786149
2.2222171146453062,0.8723130893753495
2.225360278881014,0.7745251246117388
2.228503443116722,0.6687121156443944
2.2316466073524293,0.8551873522686355
2.234789771588137,0.6373739969372645
2.2379329358238444,0.7319493395101053
2.2410761000595523,0.7966976743708228
2.24421926429526,0.742114789300933
2.2473624285309675,0.7042690390404268
2.2505055927666753,0.7848764284629063
2.2536487570023827,0.8338770299899297
2.2567919212380905,0.851426214837135
2.2599350854737983,0.768448997158391
2.2630782497095057,0.7648746698998322
2.2662214139452135,0.7208566395787032
2.269364578180921,0.7732287361130065
2.2725077424166287,0.7733034038061793
2.2756509066523365,0.6588249768034057
2.278794070888044,0.8730065881395498
2.2819372351237517,0.845837242281261
2.2850803993594595,0.5776293791002268
2.288223563595167,0.9260648206720741
2.2913667278308747,0.5867822343268543
2.294509892066582,0.6385627344709863
2.29765305630229,0.6688278634810557
2.3007962205379977,0.7570796463119652
2.303939384773705,0.6583774495074579
2.307082549009413,0.6782313671270765
2.3102257132451203,0.6078322579461514
2.313368877480828,0.8360921486426302
2.316512041716536,0.6969343162955534
2.3196552059522433,0.6524345775500549
2.322798370187951,0.6486355031173705
2.325941534423659,0.8241807290694613
2.3290846986593663,0.5965317003602105
2.332227862895074,0.7414833505148235
2.3353710271307815,0.7019945252297091
2.3385141913664893,0.644024650542455
2.341657355602197,0.6011501435343487
2.3448005198379045,0.6133573751187071
2.3479436840736123,0.7584060918633709
2.3510868483093197,0.6472261557431251
2.3542300125450275,0.7690929710098068
2.3573731767807353,0.6158114532958602
2.3605163410164427,0.6524775386148006
2.3636595052521505,0.6650462505070103
2.3668026694878583,0.7125466885641466
2.3699458337235657,0.7792284586523855
2.3730889979592735,0.8177396672366388
2.376232162194981,0.9028508635161401
2.3793753264306887,0.817193504851427
2.3825184906663965,0.7147628293258499
2.385661654902104,0.6070911819722452
2.3888048191378117,0.7389940847625711
2.391947983373519,0.5469027513772358
2.395091147609227,0.5350339546046207
2.3982343118449347,0.6266771136586833
2.401377476080642,0.7803796065578493
2.40452064031635,0.5791000004119576
2.4076638045520578,0.8384634105617532
2.410806968787765,0.7378553589226017
2.413950133023473,0.8141144874603232
2.4170932972591803,0.7730286183699245
2.420236461494888,0.6331283469089196
2.423379625730596,0.7030419518029704
2.4265227899663033,0.6647714360849951
2.429665954202011,0.6322609269899276
2.4328091184377185,0.5375075827748772
2.4359522826734263,0.7284722671539343
2.439095446909134,0.6482338392308624
2.4422386111448415,0.5265871114811795
2.4453817753805493,0.6933021132725036
2.448524939616257,0.6496727583476151
2.4516681038519645,0.7187887954125857
2.4548112680876724,0.5857005628180998
2.4579544323233797,0.7475207749192891
2.4610975965590876,0.5617867234389989
2.4642407607947954,0.41647705018182607
2.4673839250305027,0.7077844184627419
2.4705270892662106,0.5959544717880181
2.473670253501918,0.5064214949977438
2.4768134177376258,0.7532845290107769
2.4799565819733336,0.5297022951349718
2.483099746209041,0.6109464169097192
2.4862429104447488,0.656971652014097
2.489386074680456,0.6086791663063617
2.492529238916164,0.4423229597856334
2.4956724031518718,0.5293253337993746
2.498815567387579,0.7943899546592459
2.501958731623287,0.6463066694642786
2.505101895858995,0.5696189051413674
2.508245060094702,0.5471071822715678
2.51138822433041,0.5421073291151085
2.5145313885661174,0.7149328265869568
2.517674552801825,0.5613761452643753
2.520817717037533,0.64387627697899
2.5239608812732404,0.4962285112051659
2.527104045508948,0.6770881972537224
2.5302472097446556,0.6538443448345174
2.5333903739803634,0.4907589405876187
2.536533538216071,0.6453604224889034
2.5396767024517786,0.6109232300539635
2.5428198666874864,0.5440114552668682
2.545963030923194,0.5103258256835872
2.5491061951589016,0.5604710874439081
2.5522493593946094,0.5871869453283398
2.5553925236303168,0.6533262927783758
2.5585356878660246,0.4849222096864683
2.5616788521017324,0.5342287385597004
2.56482201633744,0.37273446649618747
2.5679651805731476,0.698108407909063
2.571108344808855,0.4485495021163669
2.574251509044563,0.5033161062639527
2.5773946732802706,0.42419052616667585
2.580537837515978,0.685687323341976
2.583681001751686,0.37810958639641556
2.5868241659873936,0.4898304783826694
2.589967330223101,0.44406115565524235
2.593110494458809,0.5143427327256438
2.596253658694516,0.4686402443333405
2.599396822930224,0.3901466148949947
2.602539987165932,0.4944618686465302
2.605683151401639,0.4538860567034113
2.608826315637347,0.5897975985673881
2.6119694798730544,0.5467799538689776
2.615112644108762,0.45560091192253976
2.61825580834447,0.430971032962711
2.6213989725801774,0.4699108058382549
2.624542136815885,0.7269728889249771
2.627685301051593,0.44781006910921684
2.6308284652873004,0.6771699539545881
2.6339716295230082,0.5662452572729242
2.6371147937587156,0.5701586727636114
2.6402579579944234,0.40488976781643427
2.6434011222301312,0.26327489775143204
2.6465442864658386,0.57866099301581
2.6496874507015464,0.3433445487169897
2.652830614937254,0.23754377918793648
2.6559737791729616,0.6361495784312496
2.6591169434086694,0.6200182376541021
2.662260107644377,0.29573592392370224
2.6654032718800846,0.3180540327860184
2.6685464361157925,0.486693781734231
2.6716896003515,0.5568213770251765
2.6748327645872076,0.4759121154992169
2.677975928822915,0.4452043137261909
2.681119093058623,0.3976183921015172
2.6842622572943307,0.28588609318586944
2.687405421530038,0.34082490766389056
2.690548585765746,0.2937683812294961
2.6936917500014532,0.29128146856124837
2.696834914237161,0.412422767681641
2.699978078472869,0.5246967886087679
2.7031212427085762,0.4372764433579715
2.706264406944284,0.5626335518600434
2.7094075711799914,0.5040891867555504
2.7125507354156992,0.1902918880949115
2.715693899651407,0.39062848013576074
2.7188370638871144,0.4009271528025989
2.7219802281228223,0.4324237098929962
2.72512339235853,0.4513779387728922
2.7282665565942374,0.42402286248048726
2.7314097208299453,0.3866309051519038
2.7345528850656526,0.5483156852088518
2.7376960493013605,0.3664581472095677
2.7408392135370683,0.3268852880857399
2.7439823777727756,0.4036327860925513
2.7471255420084835,0.4207640245130012
2.750268706244191,0.33428741809164453
2.7534118704798987,0.3368007161439889
2.7565550347156065,0.5645011319396349
2.759698198951314,0.37269877344583346
2.7628413631870217,0.35705170465421043
2.7659845274227295,0.5641511719764079
2.769127691658437,0.4551946552435787
2.7722708558941447,0.31833166681359903
2.775414020129852,0.22495002567271602
2.77855718436556,0.3349323367190619
2.7817003486012677,0.30672972806297344
2.784843512836975,0.29383078672302243
2.787986677072683,0.399060279018607
2.7911298413083903,0.34562694188729715
2.794273005544098,0.23756895731512467
2.797416169779806,0.7334868908048433
2.8005593340155133,0.39180001022215255
2.803702498251221,0.3847936782713572
2.806845662486929,0.34116411293774324
2.8099888267226363,0.34899694255637115
2.813131990958344,0.32570983020171057
2.8162751551940515,0.35306260065901474
2.8194183194297593,0.39770486015818324
2.822561483665467,0.15483431786932145
2.8257046479011745,0.37608812876941916
2.8288478121368823,0.25867120252764014
2.8319909763725897,0.47337525255132684
2.8351341406082975,0.2985564567431829
2.8382773048440053,0.2133770802586194
2.8414204690797127,0.34342314820368847
2.8445636333154205,0.09495130061868845
2.8477067975511283,0.1922728593659041
2.8508499617868357,0.27835213528555586
2.8539931260225435,0.2890704173851733
2.857136290258251,0.29045283019064794
2.8602794544939587,0.31298782396959246
2.8634226187296665,0.23979567708813748
2.866565782965374,0.21539001658190976
2.8697089472010817,0.2058136556590756
2.872852111436789,0.43123955148949766
2.875995275672497,0.09027203696870076
2.8791384399082047,0.32858907429049566
2.882281604143912,0.18176323118051751
2.88542476837962,0.36459476484612546
2.8885679326153277,0.13270540359829486
2.891711096851035,0.26882111039481266
2.894854261086743,0.25939355354748617
2.8979974253224503,0.23209901521436094
2.901140589558158,0.2217330258037982
2.904283753793866,0.32698478076699555
2.9074269180295733,0.2912521325980758
2.910570082265281,-0.006732864956970841
2.9137132465009885,0.36223979644911086
2.9168564107366963,0.23836058789431466
2.919999574972404,0.1651565327673553
2.9231427392081115,0.08517975460056665
2.9262859034438193,0.18461136063931857
2.9294290676795267,0.08613000159824069
2.9325722319152345,0.29324279622761157
2.9357153961509423,0.21052083738224053
2.9388585603866497,0.2494469540694469
2.9420017246223575,0.05583636364481773
2.9451448888580654,0.24609252931931286
2.9482880530937727,0.2652836576660148
2.9514312173294805,0.20665381175663855
2.954574381565188,0.2979127188060561
2.9577175458008957,0.1695225457213072
2.9608607100366036,0.09357857387932948
2.964003874272311,0.09764341308910826
2.9671470385080188,0.19158533496002128
2.970290202743726,0.16895050924071564
2.973433366979434,0.2253780822545906
2.9765765312151418,0.19119591447800988
2.979719695450849,0.04105224293635676
2.982862859686557,0.11136501364033408
2.9860060239222648,0.09765111735391266
2.989149188157972,0.07999858165948105
2.99229235239368,0.13162198451921564
2.9954355166293873,0.14626086769785515
2.998578680865095,0.2179043201554683
3.001721845100803,0.16132262153256477
3.0048650093365104,0.2025702241144497
3.008008173572218,0.12678398044199912
3.0111513378079255,0.1591971617091195
3.0142945020436334,0.1107603045202962
3.017437666279341,-0.021396656721564045
3.0205808305150486,0.06939923888555796
3.0237239947507564,-0.03226727194568846
3.026867158986464,0.05565894507499014
3.0300103232221716,-0.243881436359645
3.0331534874578794,0.07707976855056892
3.0362966516935868,0.10754305001367093
3.0394398159292946,0.2042236858772375
3.0425829801650024,0.14644643560641651
3.0457261444007098,0.15557209864906288
3.0488693086364176,0.11602869774404834
3.052012472872125,0.3278128009788111
3.0551556371078328,0.09672542713141188
3.0582988013435406,0.07614130355187433
3.061441965579248,0.2614818215600099
3.064585129814956,-0.10073517888490738
3.0677282940506636,-0.04060332791517167
3.070871458286371,-0.0075577932394042535
3.074014622522079,0.25483798383769896
3.077157786757786,0.051319957549824956
3.080300950993494,-0.021580906467941863
3.083444115229202,-0.013270192842226705
3.086587279464909,0.14164431054023804
3.089730443700617,0.20782642328852308
3.0928736079363244,0.1351212004866692
3.096016772172032,0.03916795972566783
3.09915993640774,0.16582590973539338
3.1023031006434474,0.05141920745304161
3.105446264879155,0.09487416798812173
3.108589429114863,-0.08064145942419496
3.1117325933505704,0.025784673568343023
3.114875757586278,-0.023262745088932765
3.1180189218219856,0.020013805822459138
3.1211620860576934,0.09011352668195342
3.1243052502934012,-0.03781301276157431
3.1274484145291086,0.05380824581644211
3.1305915787648164,-0.0002682074408203051
3.133734743000524,-0.04626035904567224
3.1368779072362316,0.10130942859124152
3.1400210714719394,0.0112852161336595
3.143164235707647,0.09591191198610907
3.1463073999433546,0.12584983443681494
3.149450564179062,0.12002795606408684
3.15259372841477,-0.45040959052996604
3.1557368926504776,-0.11733556497855424
3.158880056886185,-0.05529245249060331
3.162023221121893,0.5733875524946503
3.1651663853576006,-0.1441354672577106
3.168309549593308,-0.08845992221480217
3.171452713829016,0.061304935066624724
3.174595878064723,0.7608008240280119
3.177739042300431,-0.2178951740305656
3.180882206536139,-0.029489745268878098
3.184025370771846,-0.2586702454499617
3.187168535007554,-0.5247349013801175
3.1903116992432614,0.2974177357374779
3.1934548634789692,0.03580872715677948
3.196598027714677,0.7198814705839713
3.1997411919503844,-0.4238201004144598
3.2028843561860922,0.6466862581671123
3.2060275204218,0.11316943750332469
3.2091706846575074,-0.3216936192926063
3.2123138488932153,0.03004587489424196
3.2154570131289226,-0.26381226095125465
3.2186001773646304,0.11299965825696096
3.2217433416003383,-0.08379140200830666
3.2248865058360456,-0.9771441662410042
3.2280296700717535,0.004398059021200634
3.231172834307461,0.07956385321749211
3.2343159985431686,-0.25216044182808317
3.2374591627788765,-0.37951814901404723
3.240602327014584,0.37610853705089414
3.2437454912502917,0.1541700759430593
3.2468886554859995,-0.2524930828302624
3.250031819721707,-0.0668941989892974
3.2531749839574147,0.13009704579783488
3.256318148193122,-0.15291724550992375
3.25946131242883,0.12277604257700224
3.2626044766645377,0.10878858419415986
3.265747640900245,-0.4702256150492081
3.268890805135953,-0.001922028856388397
3.2720339693716602,0.1092314252618449
3.275177133607368,-0.28979866309759994
3.278320297843076,-0.3552962582076984
3.2814634620787833,-0.13629628541612054
3.284606626314491,-0.1525456878955712
3.287749790550199,-0.09324441315500953
3.2908929547859063,-0.39911412569479143
3.294036119021614,-0.06447758549814113
3.2971792832573215,-0.4327344659806214
3.3003224474930293,0.3753644378001253
3.303465611728737,-0.18205514313946533
3.3066087759644445,0.10478156296692756
3.3097519402001523,-0.35343909215351
3.3128951044358597,-0.4483004196596239
3.3160382686715675,-0.5934010605108224
3.3191814329072753,-0.21945978324769286
3.3223245971429827,0.07787455001923363
3.3254677613786905,-0.27785279578059946
3.328610925614398,-0.3440782742550742
3.3317540898501057,-0.8250585695876009
3.3348972540858135,-0.5456280494909523
3.338040418321521,-0.4329944052413952
3.3411835825572287,-0.02787452120416198
3.3443267467929365,-0.03348400871238216
3.347469911028644,-0.45190085415294745
3.3506130752643517,-0.27548964054454317
3.353756239500059,-0.3826313535428676
3.356899403735767,-0.28123579453632125
3.3600425679714747,-0.2192454423693472
3.363185732207182,-0.29764593496503355
3.36632889644289,-0.2484727030907184
3.3694720606785973,-0.06843791402634614
3.372615224914305,-0.045601549127560176
3.375758389150013,-0.23973646900098083
3.3789015533857203,-0.3271505238931921
3.382044717621428,-0.09773587205870474
3.385187881857136,0.1093275973236662
3.3883310460928433,-0.5391838581751811
3.391474210328551,-0.23525933951340533
3.3946173745642585,-0.7014632102536351
3.3977605387999663,-0.45574774039274857
3.400903703035674,-0.11322704258559463
3.4040468672713815,-0.009507377785279603
3.4071900315070893,0.19319123646974912
3.4103331957427967,0.04664152646587005
3.4134763599785045,-0.5295518189855162
3.4166195242142123,0.10099453734199992
3.4197626884499197,-0.09539817532943282
3.4229058526856275,-0.7329491184905685
3.4260490169213353,-0.08188066434444907
3.4291921811570427,-0.5781393301661303
3.4323353453927505,-0.46134474414706983
3.435478509628458,0.013404280431051352
3.4386216738641657,-0.3600439924474568
3.4417648380998735,-0.30116514007045625
3.444908002335581,-0.5843857020089172
3.4480511665712887,0.019394897969936986
3.451194330806996,-0.17390288523700922
3.454337495042704,-0.4586335821629417
3.4574806592784117,-0.7842183147776403
3.460623823514119,-0.23209888044480528
3.463766987749827,-0.11694220873765437
3.4669101519855348,-0.8009997582917029
3.470053316221242,-0.8032427460249996
3.47319648045695,-0.8310048804163551
3.4763396446926573,-0.22730048486333243
3.479482808928365,-0.4292797492645809
3.482625973164073,-0.43445579702591475
3.4857691373997803,-0.5241053723515046
3.488912301635488,-0.024044676133045617
3.4920554658711955,-0.5099613836549045
3.4951986301069033,-0.32872673432219035
3.498341794342611,-0.4797088909569147
3.5014849585783185,0.6473185255146198
3.5046281228140264,-0.19520113973469852
3.507771287049734,0.10828976746328423
3.5109144512854416,-0.5054709402527059
3.5140576155211494,-0.5006063628866797
3.5172007797568567,-0.2813365412437761
3.5203439439925646,-0.3769496270017467
3.5234871082282724,-0.8806899996727378
3.5266302724639798,-0.03076265804471917
3.5297734366996876,-0.7082766708025159
3.532916600935395,-0.29149465287908427
3.5360597651711028,-0.47965616257449534
3.5392029294068106,-0.4413358901184107
3.542346093642518,-0.14127071239255584
3.5454892578782258,-0.43859880546671
3.548632422113933,0.1054360924545219
3.551775586349641,-0.028323917651003616
3.554918750585349,-0.37870655489401045
3.558061914821056,-0.44042969814586325
3.561205079056764,-0.2797702600140786
3.564348243292472,-0.4240567924006639
3.567491407528179,0.12654497901417538
3.570634571763887,-0.5775202792542928
3.5737777359995944,0.5221073013988756
3.576920900235302,-0.643200726197756
3.58006406447101,0.10681352510181863
3.5832072287067174,-0.5312462517518552
3.586350392942425,-0.23372028256680552
3.5894935571781326,-0.4540517135697913
3.5926367214138404,-0.16946225403623422
3.595779885649548,-0.20758932976149153
3.5989230498852556,-0.3583794535697767
3.6020662141209634,-0.742849801912261
3.605209378356671,-0.8641436396602771
3.6083525425923786,0.10302315397270823
3.6114957068280864,-0.022761824193799518
3.614638871063794,0.32624048532953515
3.6177820352995016,-0.6115182895766693
3.6209251995352094,-0.5022127408265045
3.624068363770917,0.16168604697686434
3.6272115280066246,-0.5769746204312963
3.630354692242332,-0.6614207479992511
3.63349785647804,-0.2671971317309836
3.6366410207137476,-0.42195510717574825
3.639784184949455,-0.5894297282081422
3.642927349185163,-0.05207327136544965
3.6460705134208706,-1.009020525653834
3.649213677656578,-0.34636808095860916
3.652356841892286,-0.825232784543639
3.655500006127993,-0.7144810849272787
3.658643170363701,-0.08119848651963124
3.661786334599409,-0.6209124226721938
3.664929498835116,-1.3205635293892164
3.668072663070824,-0.33977479522007836
3.6712158273065314,-0.3526852545130039
3.674358991542239,-0.525691917076698
3.677502155777947,-0.19995333020293427
3.6806453200136544,-0.8445194734426011
3.6837884842493622,-0.7865771207717924
3.68693164848507,-0.7381361919329277
3.6900748127207774,-0.8951812717465291
3.6932179769564852,-0.2311153851023368
3.6963611411921926,-0.4504302618985034
3.6995043054279004,-0.5482793642607184
3.7026474696636082,-1.2023735396822066
3.7057906338993156,-0.36339332153976367
3.7089337981350234,-0.4725806643510135
3.712076962370731,-0.4320890801653836
3.7152201266064386,-1.0379913472147155
3.7183632908421465,-0.36992870061911465
3.721506455077854,-0.7683463872302738
3.7246496193135616,-0.6584533708831478
3.7277927835492695,-0.6312239538132902
3.730935947784977,-0.6303365046522286
3.7340791120206847,-1.1289337902542669
3.737222276256392,-0.5426697685148566
3.7403654404921,-0.7720313772782761
3.7435086047278077,-1.2194734097809952
3.746651768963515,-0.753374498890791
3.749794933199223,-0.711694174804331
3.7529380974349302,-0.6102515507205617
3.756081261670638,-0.7286425095834581
3.759224425906346,-0.2881584328006707
3.7623675901420532,-0.5793937409669001
3.765510754377761,-0.6533737875886798
3.7686539186134684,-0.5266351009277961
3.7717970828491763,-0.2756878264242075
3.774940247084884,-0.7163507685915077
3.7780834113205914,-0.7530282388653508
3.7812265755562993,-0.9857443434426592
3.784369739792007,-0.7810268574555221
3.7875129040277145,-0.4315827610386703
3.7906560682634223,-0.6778350666309088
3.7937992324991296,-0.6023548349218791
3.7969423967348375,-1.0022053704287543
3.8000855609705453,-0.5211637483859842
3.8032287252062527,-0.3139426596526327
3.8063718894419605,-0.4602138882630119
3.809515053677668,-0.7189065478502596
3.8126582179133757,-0.6776486232882516
3.8158013821490835,-0.48622480136046076
3.818944546384791,-0.90249343051366
3.8220877106204987,-0.8418666242313946
3.8252308748562065,-1.4016014223615805
3.828374039091914,-0.5993301183650446
3.8315172033276217,-0.9876500455828792
3.834660367563329,-0.6139283632720846
3.837803531799037,-0.6048435872378527
3.8409466960347447,-0.27311296406068386
3.844089860270452,-0.9606578997945113
3.84723302450616,-1.0169009769910342
3.8503761887418673,-0.16041384079872945
3.853519352977575,-0.6264309003419986
3.856662517213283,0.07961553778136699
3.8598056814489903,-0.8097621586761511
3.862948845684698,-0.9997082436715129
3.866092009920406,-0.6188294679477866
3.8692351741561133,-0.5649204959387434
3.872378338391821,-0.228797357889377
3.8755215026275285,-1.0429778098863414
3.8786646668632363,-0.3572947109111283
3.881807831098944,-0.5698174371005811
3.8849509953346515,-0.4868090423890984
3.8880941595703593,-0.911507807744321
3.8912373238060667,-0.19473832554422776
3.8943804880417745,-1.059260599003328
3.8975236522774823,-0.8912087423598927
3.9006668165131897,-0.27283130463146316
3.9038099807488975,-0.5106585291069505
3.9069531449846053,-0.7831892435527082
3.9100963092203127,-1.0640204316204946
3.9132394734560205,-0.491215708838895
3.916382637691728,-0.7631192050676904
3.9195258019274357,-1.0817057915033859
3.9226689661631435,-1.172959053035567
3.925812130398851,-0.2262353464255759
3.9289552946345587,-0.8609036834880452
3.932098458870266,-0.8753750078774952
3.935241623105974,-0.6386037788532524
3.9383847873416817,-0.5609541592512751
3.941527951577389,-0.6103492466273144
3.944671115813097,-0.7080084044090844
3.9478142800488047,-0.499047807416871
3.950957444284512,-0.8197094996038833
3.95410060852022,-0.9802513491720772
3.9572437727559273,-0.9966839539503833
3.960386936991635,-0.8946240967396053
3.963530101227343,-0.6280416137095044
3.9666732654630503,-0.9998258943857501
3.969816429698758,-0.6685476418682493
3.9729595939344655,-0.9300626960296472
3.9761027581701733,-0.5137681073525827
3.979245922405881,-1.1626954298246044
3.9823890866415885,-0.9897863435159193
3.9855322508772963,-1.0372465373663649
3.9886754151130037,-0.5121221930644521
3.9918185793487115,-0.4672456477695907
3.9949617435844194,-0.5494211779659778
3.9981049078201267,-0.3798171694178795
4.0012480720558345,-0.6586291809235417
4.004391236291542,-0.32628845055747535
4.00753440052725,-0.6653244687352007
4.010677564762958,-0.2720698168352367
4.013820728998665,-0.6342733260189011
4.016963893234373,-0.6369773112080481
4.020107057470081,-0.879675622119609
4.023250221705788,-0.8095952198589146
4.026393385941495,-0.49305701222224274
4.029536550177204,-0.8180475055818685
4.032679714412911,-0.25461430893968695
4.035822878648618,-1.092948200673176
4.038966042884327,-0.7205351797251447
4.042109207120034,-0.45543407413547504
4.045252371355741,-0.8775598862059136
4.04839553559145,-0.5947870647837546
4.051538699827157,-0.5658729327814725
4.054681864062864,-1.1140089015430639
4.057825028298573,-0.5881128290301064
4.06096819253428,-1.0482050162846483
4.064111356769987,-0.720840802903208
4.067254521005695,-0.33356268584435317
4.070397685241403,-0.8942430522186049
4.07354084947711,-0.284603545640548
4.076684013712818,-0.8600690823335262
4.079827177948526,-0.12090544066998543
4.082970342184233,-0.5164554211136145
4.086113506419941,-0.388406769848685
4.089256670655649,-0.8789828128574295
4.092399834891356,-1.3627513125318282
4.095542999127064,-0.6103116661351987
4.098686163362771,-0.44234441775424665
4.101829327598479,-0.7099794921947267
4.104972491834187,-0.8584203200504597
4.108115656069894,-1.0213279558531965
4.111258820305602,-0.9962818061299744
4.11440198454131,-0.43280754582076875
4.117545148777017,-0.5732712830511295
4.120688313012725,-0.8863977738381807
4.123831477248433,-0.7187529497569434
4.12697464148414,-1.2640976788923908
4.130117805719848,-0.6132894896300894
4.133260969955556,-0.9956093238761616
4.136404134191263,-0.8024120791538418
4.139547298426971,-0.14799826793379134
4.142690462662679,-1.1298101180244073
4.145833626898386,-1.0013255753132801
4.148976791134094,-0.509213301840475
4.152119955369802,-0.5384449183539033
4.155263119605509,-1.0536899985316017
4.158406283841217,-0.49820424526868345
4.161549448076925,-0.9502527965518864
4.164692612312632,-1.0552161335063224
4.16783577654834,-1.569324414445151
4.170978940784048,-1.0696326628000947
4.174122105019755,-0.4880567027466492
4.177265269255463,-0.4860116694582817
4.18040843349117,-1.2164609302421214
4.183551597726878,-1.4600636352310468
4.186694761962586,-0.3653747435443594
4.189837926198293,-1.0333844040332467
4.192981090434001,-0.7624378731765729
4.196124254669709,-0.39636541746525583
4.199267418905416,-0.9548966187699339
4.202410583141124,-0.8675923103814165
4.205553747376832,-1.067641134245919
4.208696911612539,-0.5010975366893511
4.211840075848247,-0.6567451545877407
4.214983240083955,-0.7465121561011436
4.218126404319662,-0.5903745292146879
4.221269568555369,-0.317717616906811
4.224412732791078,-1.3190733254821816
4.227555897026785,-0.888643650737049
4.230699061262492,-1.2249561635543702
4.233842225498201,-1.128172934982803
4.236985389733908,-0.875447641576162
4.240128553969615,-1.058781066126469
4.243271718205324,-1.5505122313892727
4.246414882441031,-0.7724711239262587
4.249558046676738,-0.6708880400946783
4.252701210912447,-1.0599874757124574
4.255844375148154,-0.4802899047622588
4.258987539383861,-0.726489808792753
4.262130703619569,-0.5957716210623126
4.265273867855277,-0.7990389190300418
4.268417032090984,-0.9990689044184831
4.271560196326692,-1.0967679248508404
4.2747033605624,-0.8193669086895244
4.2778465247981075,-0.5985661568672773
4.280989689033815,-0.6334845990615745
4.284132853269523,-1.0436665919371098
4.2872760175052305,-0.9829206495233115
4.290419181740938,-0.8466035823354784
4.293562345976646,-1.5239788861695287
4.2967055102123535,-0.8592524961574478
4.299848674448061,-1.5311077035371568
4.302991838683768,-0.511100525681512
4.3061350029194765,-0.6538418858151867
4.309278167155184,-0.6014892452129382
4.312421331390891,-1.0357385772133616
4.3155644956265995,-0.6888023077320451
4.318707659862307,-0.7466954085726316
4.321850824098014,-1.1261762773892743
4.3249939883337225,-1.182552746851187
4.32813715256943,-0.7271844513722675
4.331280316805137,-0.8532282710498903
4.3344234810408455,-0.8184669244832607
4.337566645276553,-1.0149242616749548
4.34070980951226,-1.305099125196794
4.343852973747968,-1.2051696914499743
4.346996137983676,-1.438654316796704
4.350139302219383,-1.0371442766906624
4.353282466455091,-0.9982410146629949
4.356425630690799,-0.8870755015283268
4.359568794926506,-1.2323237260405904
4.362711959162214,-1.045467859250297
4.365855123397922,-1.1871678102295997
4.368998287633629,-0.5561606240607473
4.372141451869337,-0.6092953235413627
4.375284616105045,-0.6109004064796082
4.378427780340752,-1.3317472673063135
4.38157094457646,-1.2185126242192346
4.384714108812167,-1.0479569454343813
4.387857273047875,-0.9520454256353321
4.391000437283583,-0.6382213599015725
4.39414360151929,-1.0899589383160362
4.397286765754998,-1.1188992735468175
4.400429929990706,-0.4203393700463741
4.403573094226413,-1.3895408477077038
4.406716258462121,-0.7912746231106079
4.409859422697829,-0.8674850452629839
4.413002586933536,-0.8074574977368807
4.416145751169244,-1.5266152511783884
4.419288915404952,-0.34251978102066605
4.422432079640659,-0.9025055165661006
4.4255752438763665,-1.038035194090657
4.428718408112075,-1.169608836186495
4.431861572347782,-0.6634849896097563
4.4350047365834895,-0.979142384719871
4.438147900819198,-1.3195468626809859
4.441291065054905,-1.335805183900057
4.4444342292906125,-0.9131875351118895
4.447577393526321,-0.7085903558550848
4.450720557762028,-1.4130057934559772
4.4538637219977355,-1.6593924336291859
4.457006886233444,-0.7665339774871258
4.460150050469151,-0.9961265019295892
4.4632932147048585,-0.31296994647681053
4.466436378940566,-1.190201789354246
4.469579543176274,-0.7085935005014924
4.4727227074119815,-0.938510248728683
4.475865871647689,-0.8382558535378765
4.479009035883397,-0.9637047924495978
4.4821522001191045,-0.7692869947096242
4.485295364354812,-0.7418097280792166
4.48843852859052,-1.0511964999200054
4.4915816928262275,-1.301963329844555
4.494724857061935,-1.1278724836679035
4.497868021297643,-0.7888148968931427
4.501011185533351,-0.4944691638669933
4.504154349769058,-0.9991467410445359
4.507297514004765,-0.9799238247739618
4.510440678240474,-0.9998994135133425
4.513583842476181,-1.4006902283251983
4.516727006711888,-0.9776184581121639
4.519870170947597,-0.6768103137083836
4.523013335183304,-1.4884426276123126
4.526156499419011,-1.0131729347580951
4.52929966365472,-1.1621450990615085
4.532442827890427,-1.0825277482243976
4.535585992126134,-0.5684543647428135
4.538729156361842,-1.0935759949588117
4.54187232059755,-1.3017805204652604
4.545015484833257,-0.9979199617293419
4.548158649068965,-0.5935849524795382
4.551301813304673,-0.9200805288676795
4.55444497754038,-1.2822109543216353
4.557588141776088,-0.9593762714002585
4.560731306011796,-1.174032011572912
4.563874470247503,-1.092942319774756
4.567017634483211,-0.7479969557536927
4.570160798718919,-0.9309336556211119
4.573303962954626,-0.969023092210647
4.576447127190334,-0.667681363673142
4.579590291426041,-0.7075898902147362
4.582733455661749,-1.033846934550579
4.585876619897457,-1.2104114329787465
4.589019784133164,-0.7007848204172706
4.592162948368872,-1.0511640099574704
4.59530611260458,-0.7065430611307326
4.598449276840287,-0.6702265230827782
4.601592441075995,-1.635453141525114
4.604735605311703,-1.2063722180620793
4.60787876954741,-0.8648224366596244
4.611021933783118,-1.2214540328946628
4.614165098018826,-0.9615207072731083
4.617308262254533,-1.086193150715534
4.6204514264902405,-1.0716248488137199
4.623594590725949,-0.9197926713181995
4.626737754961656,-1.0570963999210046
4.6298809191973636,-0.49892879301114934
4.633024083433072,-1.285495872930827
4.636167247668779,-1.2053563595250183
4.639310411904487,-0.6619918481888467
4.642453576140195,-1.2381971899264756
4.645596740375902,-0.9465250700516035
4.64873990461161,-1.1047954661913348
4.651883068847318,-0.7121078450423826
4.655026233083025,-1.4250920629855917
4.658169397318733,-1.1755650396911457
4.66131256155444,-1.154463576208476
4.664455725790148,-1.247515819466437
4.667598890025856,-0.7535684540094001
4.670742054261563,-1.416422055237411
4.673885218497271,-0.9759697687655531
4.677028382732979,-1.181337169079785
4.680171546968686,-0.3216897263638786
4.683314711204394,-0.9095622285749116
4.686457875440102,-1.1217015082135513
4.689601039675809,-1.2099349071066956
4.692744203911517,-0.8478225630910405
4.695887368147225,-1.150970796003662
4.699030532382932,-0.5966094927692588
4.702173696618639,-1.131238720696408
4.705316860854348,-0.7707765569246211
4.708460025090055,-1.1494436509149648
4.711603189325762,-0.7659442796318383
4.714746353561471,-0.9290947102590065
4.717889517797178,-1.276445142868213
4.721032682032885,-0.8327776896616335
4.724175846268594,-0.9187343496231524
4.727319010504301,-0.7942848250837709
4.730462174740008,-0.8463896660954243
4.733605338975717,-0.8515650909376852
4.736748503211424,-1.0505225866421999
4.739891667447131,-0.8573729802911618
4.743034831682839,-0.953793792117849
4.746177995918547,-0.9267334441498609
4.749321160154254,-1.054003230867813
4.752464324389962,-1.144859150404802
4.75560748862567,-1.0318295788987635
4.758750652861377,-1.0156729255327988
4.761893817097085,-1.2514668583984183
4.765036981332793,-1.1253271083246914
4.7681801455685004,-0.9091906431927377
4.771323309804208,-1.0072655186799553
4.774466474039916,-0.9839112705487711
4.7776096382756235,-1.0485232012504295
4.780752802511331,-0.9343869937029481
4.783895966747038,-0.8796784056208002
4.7870391309827465,-0.8907686711498767
4.790182295218454,-1.016685035564607
4.793325459454161,-1.000334524992275
4.7964686236898695,-0.9285680946568033
4.799611787925577,-1.079206664276107
4.802754952161284,-1.117919587365034
4.8058981163969925,-1.0836345163448051
4.8090412806327,-0.9221524379825784
4.812184444868407,-0.8748656847308132
4.8153276091041155,-0.8680255327073733
4.818470773339823,-0.9478521545861847
4.82161393757553,-0.9570913096367806
4.824757101811238,-1.0025933245182168
4.827900266046946,-0.9666015374840923
4.831043430282653,-1.0529914345195708
4.834186594518361,-1.094459423190732
4.837329758754069,-1.0934673932124346
4.840472922989776,-0.8823282352344505
4.843616087225484,-1.1998280170091415
4.846759251461192,-1.04990512358377
4.849902415696899,-0.7997266495560417
4.853045579932607,-1.0405092453948348
4.856188744168315,-1.1618567284769636
4.859331908404022,-0.9531727483824044
4.86247507263973,-1.2256487363119635
4.865618236875437,-0.9810663341527589
4.868761401111145,-0.9849520976575394
4.871904565346853,-0.9013053585265024
4.87504772958256,-0.9674359195277573
4.878190893818268,-0.8292653862346429
4.881334058053976,-1.0415662764045952
4.884477222289683,-1.057415459839943
4.887620386525391,-0.970691667371206
4.890763550761099,-1.057354785823515
4.893906714996806,-0.8680272199475089
4.897049879232514,-0.9192601572447838
4.900193043468222,-1.2227774681670394
4.903336207703929,-0.9780629729729512
4.9064793719396365,-0.9913084748099057
4.909622536175345,-0.9956084662948211
4.912765700411052,-1.0482400939139365
4.9159088646467595,-1.0038518596306307
4.919052028882468,-0.9225049946020972
4.922195193118175,-1.079302733458964
4.9253383573538825,-1.038894983580593
4.928481521589591,-0.9361816428058647
4.931624685825298,-0.9133523550950523
4.9347678500610055,-0.9882465514891705
4.937911014296713,-0.9891967510933134
4.941054178532421,-0.8391064115050657
4.9441973427681285,-1.0434177856314744
4.947340507003836,-0.9927383517583179
4.950483671239544,-0.8950732116891458
4.9536268354752515,-0.874826713282986
4.956769999710959,-0.7761984440883751
4.959913163946667,-1.070426550186645
4.9630563281823745,-0.9783906684777224
4.966199492418082,-1.0296568997782443
4.96934265665379,-1.1118521774043573
4.9724858208894975,-0.8564651773911529
4.975628985125205,-0.9027460519919006
4.978772149360912,-0.9868778055743721
4.9819153135966205,-0.9066714662665166
4.985058477832328,-1.0934281180155974
4.988201642068035,-0.9746061013329004
4.9913448063037436,-0.9317795604440422
4.994487970539451,-0.8725311087016909
4.997631134775158,-0.9428158484136706
5.000774299010867,-0.9170240403890769
5.003917463246574,-1.0200818082998122
5.007060627482281,-1.0047406900353033
5.01020379171799,-0.9430982837661541
5.013346955953697,-1.01158389267164
5.016490120189404,-1.0660521553245366
5.019633284425112,-0.8757511007013605
5.02277644866082,-1.0793122129909443
5.025919612896527,-0.9003829385266147
5.029062777132235,-0.9482877085071073
5.032205941367943,-0.9758648441935311
5.03534910560365,-0.8504664419332515
5.038492269839358,-1.1190488773012865
5.041635434075066,-1.0092935426259175
5.044778598310773,-1.0155265415515666
5.047921762546481,-0.8874041784875015
5.051064926782189,-0.8103797925770404
5.054208091017896,-0.9132117757458728
5.057351255253604,-0.9248179813810976
5.060494419489311,-1.1283695055832936
5.063637583725019,-0.9985331273881835
5.066780747960727,-0.8927379674667095
5.069923912196434,-0.9765984553993435
5.073067076432142,-0.8413406928222228
5.07621024066785,-0.7171919460031473
5.079353404903557,-0.9795708747126415
5.082496569139265,-0.9721093310633968
5.085639733374973,-0.6861563362956274
5.08878289761068,-1.0479039352303876
5.091926061846388,-0.9300343180094888
5.095069226082096,-0.9001506708260388
5.098212390317803,-0.9331897226433473
5.1013555545535105,-1.0219759558548578
5.104498718789219,-0.9570363560392876
5.107641883024926,-0.7824176943111372
5.1107850472606335,-1.0872918748834812
5.113928211496342,-0.6168992410773614
5.117071375732049,-0.8609983447930778
5.1202145399677566,-0.839971272439984
5.123357704203465,-0.7865065788646062
5.126500868439172,-0.7981678128385084
5.12964403267488,-1.1907252383899718
5.132787196910588,-0.7197334043504243
5.135930361146295,-1.0667356270439707
5.139073525382003,-0.9738332477033619
5.14221668961771,-0.9416828024863889
5.145359853853418,-0.8212384551480839
5.148503018089126,-0.8560118142050797
5.151646182324833,-0.9834409660736532
5.154789346560541,-0.9540020984030916
5.157932510796249,-0.8784313048982129
5.161075675031956,-0.8639361758133745
5.164218839267664,-0.933123230634385
5.167362003503372,-0.8095672895381122
5.170505167739079,-0.9705726143953044
5.173648331974787,-0.7516932881089158
5.176791496210495,-0.7103308160718801
5.179934660446202,-0.8452521622577962
5.183077824681909,-0.7836337366462544
5.186220988917618,-0.9007491668759857
5.189364153153325,-0.8533185639421219
5.192507317389032,-0.9702110200377873
5.195650481624741,-0.8947244710924959
5.198793645860448,-1.0243675871740114
5.201936810096155,-0.8286901796961634
5.205079974331864,-0.8731793345570801
5.208223138567571,-0.6776655223722156
5.211366302803278,-0.7660768427264989
5.214509467038987,-0.863169722151571
5.217652631274694,-0.9377253520249951
5.220795795510401,-0.876138985251808
5.223938959746109,-0.8013989177314493
5.227082123981817,-0.884035324638919
5.230225288217524,-0.738762544890043
5.233368452453232,-0.9834808348352921
5.23651161668894,-1.0659916963048106
5.239654780924647,-0.9265140766215539
5.242797945160355,-0.8718234009019399
5.245941109396063,-0.8165325838180286
5.24908427363177,-0.8556645126077728
5.252227437867478,-0.8331754509682565
5.255370602103186,-0.7680470355349673
5.2585137663388934,-0.7658476197998809
5.261656930574601,-0.9306481617773418
5.264800094810308,-0.8857637516754151
5.2679432590460165,-0.627208422554061
5.271086423281724,-0.9923683258184612
5.274229587517431,-0.8494369693037317
5.2773727517531395,-0.6626735741226472
5.280515915988847,-0.8513601486410319
5.283659080224554,-0.8884611017370032
5.2868022444602625,-1.01954698371592
5.28994540869597,-0.8314203813163261
5.293088572931677,-0.860963122191525
5.2962317371673855,-0.8679692572525554
5.299374901403093,-0.9378773722204937
5.3025180656388,-0.5706317055381274
5.305661229874508,-0.7291286683418704
5.308804394110216,-0.8947417718500158
5.311947558345923,-0.906787952508931
5.315090722581631,-0.8341537565886765
5.318233886817339,-0.8180822506819402
5.321377051053046,-0.9645680925149147
5.324520215288754,-0.7301239894707247
5.327663379524462,-0.7245510020587048
5.330806543760169,-1.0153185164416383
5.333949707995877,-0.8060474550878639
5.337092872231585,-0.7538014519964124
5.340236036467292,-0.8398673232394517
5.343379200703,-0.7727524048934008
5.346522364938707,-0.8487703045669939
5.349665529174415,-0.5535703219261565
5.352808693410123,-1.1161252969593178
5.35595185764583,-0.7230150243879225
5.359095021881538,-0.7363601956336405
5.362238186117246,-0.6439227447696649
5.365381350352953,-0.8888512662001938
5.368524514588661,-0.735665151507356
5.371667678824369,-0.6869709145406544
5.374810843060076,-0.9164079738311678
5.377954007295783,-0.6062075973377766
5.381097171531492,-0.6906177945182508
5.384240335767199,-0.8808531097468405
5.3873835000029064,-0.832257645817571
5.390526664238615,-0.8077011509833273
5.393669828474322,-0.767055439756181
5.3968129927100295,-0.8713803005482305
5.399956156945738,-0.9199167016684845
5.403099321181445,-0.7070717960836652
5.4062424854171525,-0.7985388294403092
5.409385649652861,-0.7712717917162282
5.412528813888568,-0.7713818689017385
5.4156719781242755,-0.6628852493248074
5.418815142359983,-0.8655233237620773
5.421958306595691,-0.6146386855668078
5.4251014708313985,-0.8480818665866037
5.428244635067106,-0.7061982446143135
5.431387799302814,-0.6115995961601287
5.4345309635385215,-0.7400239158534233
5.437674127774229,-0.6480621655179736
5.440817292009937,-0.7809333235331252
5.4439604562456445,-0.8612642052937238
5.447103620481352,-0.723848870366653
5.45024678471706,-0.6615253046117042
5.4533899489527675,-0.8966386124740094
5.456533113188475,-0.6240951594304738
5.459676277424182,-0.8249924908493174
5.4628194416598905,-0.7330729509605995
5.465962605895598,-0.799715334016252
5.469105770131305,-0.8027438558763774
5.4722489343670135,-0.7393848715141411
5.475392098602721,-0.7984642253992863
5.478535262838428,-0.8056528611677225
5.4816784270741366,-0.7544677161645506
5.484821591309844,-0.6688324376929765
5.487964755545551,-0.7235341268927892
5.49110791978126,-0.6715457245815368
5.494251084016967,-0.7028254662777691
5.497394248252674,-0.811427628774919
5.500537412488382,-0.6030518600159143
5.50368057672409,-0.636486036865731
5.506823740959797,-0.8425783742841915
5.509966905195505,-0.8690122494666623
5.513110069431213,-0.7174656704594843
5.51625323366692,-0.8369656351623859
5.519396397902628,-0.7396236070698045
5.522539562138336,-0.6891770022507695
5.525682726374043,-0.5311091097314977
5.528825890609751,-0.8551305567786986
5.531969054845459,-0.7197465417511324
5.535112219081166,-0.760191164636993
5.538255383316874,-0.5912160430079132
5.541398547552581,-0.6824496986421279
5.544541711788289,-0.6844134561525482
5.547684876023997,-0.8332724245458489
5.550828040259704,-0.6101859402099667
5.553971204495412,-0.7479076422287732
5.55711436873112,-0.6835774291459309
5.560257532966827,-0.6294879374306281
5.563400697202535,-0.6499497044301135
5.566543861438243,-0.6682906024232701
5.56968702567395,-0.5253387686819543
5.572830189909658,-0.7753913403768213
5.575973354145366,-0.693229069269525
5.579116518381073,-0.46169420428804325
5.5822596826167805,-0.5536248058711889
5.585402846852489,-0.6033026344682627
5.588546011088196,-0.8247350731860819
5.5916891753239035,-0.7072857847366981
5.594832339559612,-0.8076809639064859
5.597975503795319,-0.7352184738259289
5.6011186680310265,-0.4685198388071424
5.604261832266735,-0.6321591330522534
5.607404996502442,-0.7669459470841291
5.6105481607381495,-0.6436488423616556
5.613691324973858,-0.7345168426733906
5.616834489209565,-0.4841112386669278
5.619977653445273,-0.5842308340210922
5.62312081768098,-0.6601702347920242
5.626263981916688,-0.6103582779219919
5.629407146152396,-0.6301926200404557
5.632550310388103,-0.7629614415120392
5.635693474623811,-0.7537650113638314
5.638836638859519,-0.5795378324351322
5.641979803095226,-0.6203267349802821
5.645122967330934,-0.6160803821457875
5.648266131566642,-0.6133854827213749
5.651409295802349,-0.4098309407779672
5.654552460038057,-0.522302015026638
5.657695624273765,-0.5636928124529991
5.660838788509472,-0.5739845293014744
5.663981952745179,-0.5074761288299051
5.667125116980888,-0.5950421258583769
5.670268281216595,-0.5575488203315563
5.673411445452302,-0.4319491184857899
5.676554609688011,-0.6239281926394984
5.679697773923718,-0.5602907028547213
5.682840938159425,-0.6245061270650379
5.685984102395134,-0.7340951491870087
5.689127266630841,-0.6767269728597491
5.692270430866548,-0.5511568543529234
5.695413595102257,-0.4943514986037171
5.698556759337964,-0.646906918127345
5.701699923573671,-0.6536887560812268
5.704843087809379,-0.46014426917910034
5.707986252045087,-0.49114137485199083
5.711129416280794,-0.5163640621544908
5.714272580516502,-0.5397113431128115
5.71741574475221,-0.3833072648685525
5.720558908987917,-0.4828734272276015
5.723702073223625,-0.44732737590043486
5.726845237459333,-0.5986503000630403
5.72998840169504,-0.6556686584052952
5.733131565930748,-0.41337372905922687
5.736274730166456,-0.37924707604446584
5.739417894402163,-0.5275494963164027
5.742561058637871,-0.7527127032174858
5.745704222873578,-0.439747386355438
5.7488473871092864,-0.3830018401566738
5.751990551344994,-0.4457797539707108
5.755133715580701,-0.4250296462926899
5.7582768798164095,-0.3774326026248461
5.761420044052117,-0.7213698680195014
5.764563208287824,-0.3915362136599807
5.7677063725235325,-0.45821479422263156
5.77084953675924,-0.46432713433203926
5.773992700994947,-0.5217805429670705
5.7771358652306555,-0.5677324364716474
5.780279029466363,-0.5362401364299725
5.78342219370207,-0.3907556218319692
5.786565357937778,-0.5872386553135238
5.789708522173486,-0.3197698274713688
5.792851686409193,-0.684455751775524
5.795994850644901,-0.11089385598115414
5.799138014880609,-0.5019708245721493
5.802281179116316,-0.37393871407415846
5.805424343352024,-0.6352322601744185
5.808567507587732,-0.36307188397513446
5.811710671823439,-0.6374823819722277
5.814853836059147,-0.4413047367601426
5.817997000294854,-0.40840074104077045
5.821140164530562,-0.24275095094344612
5.82428332876627,-0.47603130551028705
5.827426493001977,-0.5407787520185283
5.830569657237685,-0.30748077073658475
5.833712821473393,-0.42955206612697555
5.8368559857091,-0.3341087431329115
5.839999149944808,-0.29377644756841337
5.843142314180516,-0.29832365350753964
5.846285478416223,-0.3505084165226968
5.849428642651931,-0.7714149996924302
5.852571806887639,-0.5509970928416261
5.855714971123346,-0.3028442482774973
5.858858135359053,-0.4347727586474533
5.862001299594762,-0.26795435861760863
5.865144463830469,-0.40067744373861863
5.868287628066176,-0.41859081677181254
5.871430792301885,-0.3293341341663887
5.874573956537592,-0.3716707835503481
5.877717120773299,-0.2591865087614289
5.880860285009008,-0.3937033675572067
5.884003449244715,-0.4139473018533798
5.8871466134804225,-0.4567818676149282
5.890289777716131,-0.3078038089670614
5.893432941951838,-0.21761058662792607
5.8965761061875455,-0.41102459037199246
5.899719270423253,-0.3106576827842599
5.902862434658961,-0.33079445492039944
5.9060055988946685,-0.5890091820671253
5.909148763130376,-0.3895291627942334
5.912291927366084,-0.5198724449311755
5.9154350916017915,-0.2909607289621902
5.918578255837499,-0.2562970005609836
5.921721420073207,-0.26301731893126823
5.9248645843089145,-0.3197394931973158
5.928007748544622,-0.38054309520047097
5.93115091278033,-0.33110749254225397
5.9342940770160375,-0.44964193999149316
5.937437241251745,-0.3146552276753108
5.940580405487452,-0.31484118327216615
5.9437235697231605,-0.2532253451538372
5.946866733958868,-0.42711801507340097
5.950009898194575,-0.4152590941932466
5.9531530624302835,-0.29393679915084636
5.956296226665991,-0.33503961135935406
5.959439390901698,-0.7882655167943631
5.9625825551374065,-0.38858909540273256
5.965725719373114,-0.5438963190257093
5.968868883608821,-0.4280526075135827
5.9720120478445295,-0.32629621228045386
5.975155212080237,-0.2851281879834912
5.978298376315944,-0.20218258343323045
5.981441540551652,-0.3138816432897564
5.98458470478736,-0.292760591937359
5.987727869023067,-0.4486819573920039
5.990871033258775,-0.18362028490863375
5.994014197494483,-0.28962284953603684
5.99715736173019,-0.300299329520091
6.000300525965898,-0.2763596296747369
6.003443690201606,-0.08091500710584926
6.006586854437313,-0.20207905298982964
6.009730018673021,-0.331370005828331
6.012873182908729,-0.12280503179135804
6.016016347144436,-0.04974449565812719
6.019159511380144,-0.05420686606304789
6.022302675615851,-0.2712272102302755
6.025445839851559,-0.2216346281121317
6.028589004087267,-0.264681469279166
6.031732168322974,-0.21231880938895192
6.034875332558682,-0.29662624582060937
6.03801849679439,-0.18663775015701994
6.041161661030097,-0.1456112447716459
6.044304825265805,-0.4380851753126602
6.047447989501513,-0.22403583885598
6.05059115373722,-0.2736873326291204
6.053734317972928,-0.22503602724956936
6.056877482208636,-0.2592384716201721
6.060020646444343,-0.2364126968038197
6.0631638106800505,-0.18143111875237838
6.066306974915759,-0.09044872802557095
6.069450139151466,-0.17016891654132194
6.0725933033871735,-0.34582047427151386
6.075736467622882,-0.3411090876026801
6.078879631858589,-0.36913333146041605
6.0820227960942965,-0.18363390771357632
6.085165960330005,-0.09982887550123434
6.088309124565712,-0.14533370902181145
6.0914522888014195,-0.10669110077030584
6.094595453037128,-0.06671132696927698
6.097738617272835,-0.21383529863433917
6.1008817815085425,-0.13772474654095224
6.10402494574425,-0.13687865938392374
6.107168109979958,-0.19145288952106335
6.1103112742156656,-0.13743255157583725
6.113454438451373,-0.2528699284048806
6.116597602687081,-0.26730578658923154
6.119740766922789,-0.07446696423340664
6.122883931158496,-0.06400110852873236
6.126027095394204,-0.22749738080081167
6.129170259629912,-0.039319551661407603
6.132313423865619,-0.2969074142541257
6.135456588101327,0.008765066193947652
6.138599752337035,-0.3229639625926609
6.141742916572742,-0.1023173650998224
6.144886080808449,-0.09420304127242313
6.148029245044158,-0.2728933798228524
6.151172409279865,-0.2615711807474984
6.154315573515572,0.036939410154597285
6.157458737751281,-0.29264943906151597
6.160601901986988,-0.1881385579281264
6.163745066222695,-0.03871309814956292
6.166888230458404,-0.16973255816367078
6.170031394694111,-0.11320514961758395
6.173174558929818,-0.015036876670127763
6.176317723165527,-0.08161187667320069
6.179460887401234,-0.29784995913598533
6.182604051636941,0.01723878241447324
6.185747215872649,-0.08330096222244382
6.188890380108357,-0.17862846718928277
6.192033544344064,-0.002974550405419274
6.195176708579772,-0.09714239535001842
6.19831987281548,-0.1946579080592598
6.201463037051187,-0.014056035681117282
6.204606201286895,-0.07790095495908064
6.207749365522603,-0.022981125158956103
6.21089252975831,0.07295224152099167
6.214035693994018,0.0010927361753534925
6.217178858229726,-0.19172368647607702
6.220322022465433,0.03979888051338451
6.223465186701141,0.04341526961516389
6.226608350936848,-0.053837785372302216
6.229751515172556,-0.06554442367949515
6.232894679408264,-0.10465556110563243
6.236037843643971,0.03786996727310247
6.239181007879679,0.034584437061466765
6.242324172115387,0.11987174530886409
6.245467336351094,0.07706046641382996
6.2486105005868025,-0.0616548309235056
6.25175366482251,0.055570924920842237
6.254896829058217,-0.1383090327640152
6.258039993293925,-0.18518198730791502
6.261183157529633,0.07476740215394767
6.26432632176534,-0.14723684304332416
6.267469486001048,0.12157933729543746
6.270612650236756,-0.06527651542659503
6.273755814472463,-0.2560524186188207
6.276898978708171,-0.16084702755267186
6.280042142943879,0.029582092871347564
6.283185307179586,-0.07698372629863358
