0.0,-0.01882035990605104
0.003143164235707647,-0.05611404105190511
0.006286328471415294,-0.2772341108390565
0.009429492707122941,-0.03110614095378681
0.012572656942830588,0.041490407368176614
0.015715821178538234,0.27254267912617003
0.018858985414245882,-0.31213147992273665
0.022002149649953527,-0.07857818664812893
0.025145313885661175,0.2002066803127283
0.028288478121368824,-0.3119283414398108
0.03143164235707647,-0.03433708410977353
0.03457480659278411,0.37270693644447883
0.037717970828491765,0.14274683212488168
0.04086113506419941,0.07571815534066287
0.044004299299907054,0.011017198907228312
0.047147463535614706,-0.005305224444575728
0.05029062777132235,-0.3647934238198914
0.053433792007029995,-0.499845901288865
0.05657695624273765,-0.11276707254066638
0.05972012047844529,0.10135292573341106
0.06286328471415294,0.0220760133645667
0.06600644894986059,0.4100267038107632
0.06914961318556823,0.056450905881735146
0.07229277742127588,-0.10532168647943455
0.07543594165698353,0.07785279755436082
0.07857910589269117,-0.1064476674105163
0.08172227012839882,0.03969907305630697
0.08486543436410647,0.1882808057098273
0.08800859859981411,-0.3777227801224348
0.09115176283552176,-0.8022357197251079
0.09429492707122941,-0.14713951471428233
0.09743809130693705,-0.0299136057401079
0.1005812555426447,0.38280973766960635
0.10372441977835235,0.5778730634962735
0.10686758401405999,0.020243280577093334
0.11001074824976764,0.06601406061851844
0.1131539124854753,0.19305756325765774
0.11629707672118293,0.1639839277351221
0.11944024095689058,0.4686448169942762
0.12258340519259824,0.14076166765048798
0.12572656942830587,0.5614160296937485
0.12886973366401352,0.07813009654822234
0.13201289789972118,-0.217383687803869
0.13515606213542883,0.18491062714623077
0.13829922637113645,-0.08455170950117752
0.1414423906068441,0.37695462617577535
0.14458555484255176,-0.08364391240940044
0.1477287190782594,0.15058210905677255
0.15087188331396706,0.19181155397655256
0.1540150475496747,-0.16137519153149574
0.15715821178538233,0.06853191269119809
0.16030137602109,0.931370329734736
0.16344454025679764,0.24796539988698812
0.1665877044925053,0.18739011110874143
0.16973086872821294,0.42662490311379864
0.1728740329639206,0.016665611751531445
0.17601719719962822,0.2761828962734825
0.17916036143533587,0.34623307493194166
0.18230352567104352,0.1853557183032434
0.18544668990675117,0.17534955032580427
0.18858985414245882,0.0006989154394002328
0.19173301837816648,0.4078027867478373
0.1948761826138741,-0.10284913607429405
0.19801934684958175,0.07054813833310511
0.2011625110852894,0.625230313331764
0.20430567532099705,0.07497816029682708
0.2074488395567047,0.343764360403898
0.21059200379241233,0.1786156289271937
0.21373516802811998,0.1190842499814591
0.21687833226382763,0.1492746346602261
0.22002149649953529,0.22237440377977624
0.22316466073524294,0.37581002706377575
0.2263078249709506,0.031017858242091995
0.2294509892066582,0.7582122548866017
0.23259415344236586,-0.005581023091897674
0.23573731767807352,-0.29984352141676557
0.23888048191378117,-0.03687898798750003
0.24202364614948882,0.827678291559222
0.24516681038519647,-0.018287740187272222
0.2483099746209041,0.5999872422690276
0.25145313885661175,0.5428646947502465
0.2545963030923194,0.5040949586605762
0.25773946732802705,0.7990992394470251
0.2608826315637347,0.18539533245492001
0.26402579579944235,0.32211159119414884
0.26716896003515,0.31798058538141905
0.27031212427085766,0.5912131048000038
0.2734552885065653,0.30724845195663425
0.2765984527422729,0.7532585115018008
0.27974161697798056,0.73914551075619
0.2828847812136882,-0.25357992094800413
0.28602794544939586,0.24781302839941374
0.2891711096851035,0.09706456013506107
0.29231427392081116,0.3932950468367418
0.2954574381565188,0.19940374289923335
0.29860060239222647,0.5718404009605462
0.3017437666279341,0.4092291733344759
0.30488693086364177,-0.11572096594371262
0.3080300950993494,0.00860424414296973
0.311173259335057,0.22088002298881787
0.31431642357076467,0.2865541611576416
0.3174595878064723,0.26337364548813624
0.32060275204218,0.5540361418726295
0.3237459162778876,0.37195568418569136
0.3268890805135953,0.3399697976854545
0.3300322447493029,0.6810838909973824
0.3331754089850106,0.1415854160464069
0.33631857322071823,0.5744613182519128
0.3394617374564259,0.14468895291565853
0.34260490169213353,0.578967527650611
0.3457480659278412,0.39110762141682726
0.3488912301635488,0.41825970822745495
0.35203439439925643,0.8441500631501948
0.3551775586349641,0.736120251473924
0.35832072287067174,0.38260954067608
0.3614638871063794,-0.06322217054305779
0.36460705134208704,0.7329765804664033
0.3677502155777947,0.46510574405605426
0.37089337981350234,0.3686758892531617
0.37403654404921,0.4101028852137684
0.37717970828491765,0.13423569830223933
0.3803228725206253,0.37156549418487933
0.38346603675633295,0.4320821045723553
0.38660920099204055,0.35928628599459356
0.3897523652277482,0.5066000658359577
0.39289552946345585,0.22141748253238575
0.3960386936991635,0.8171738498853404
0.39918185793487115,-0.04238608022716389
0.4023250221705788,0.9429227787953057
0.40546818640628646,0.7713287431584951
0.4086113506419941,0.41018739701794965
0.41175451487770176,0.6436103025143767
0.4148976791134094,0.7209113768616812
0.41804084334911706,0.35563831471115537
0.42118400758482466,0.39313647316587375
0.4243271718205323,0.27095706565150735
0.42747033605623996,0.23927840475711945
0.4306135002919476,0.08016259611181076
0.43375666452765527,0.6608428282516131
0.4368998287633629,0.9773697958367754
0.44004299299907057,0.7050816618888208
0.4431861572347782,0.25741691222335505
0.4463293214704859,0.46194893654992
0.4494724857061935,0.4299216429143537
0.4526156499419012,0.17375513566436368
0.45575881417760883,-0.08194280246054658
0.4589019784133164,0.37670989468438953
0.4620451426490241,0.9279637229843156
0.46518830688473173,0.8801430033403119
0.4683314711204394,0.15654620713665318
0.47147463535614703,0.6820157454085644
0.4746177995918547,0.08396603127267899
0.47776096382756233,0.579134219725965
0.48090412806327,0.4338112446817093
0.48404729229897764,0.2466951499048817
0.4871904565346853,0.7303055939144314
0.49033362077039294,0.05652655936768197
0.4934767850061006,0.40538511719433323
0.4966199492418082,0.7392861188327438
0.49976311347751584,0.19205998039360866
0.5029062777132235,0.5820607026604091
0.5060494419489312,0.8125461455121926
0.5091926061846388,0.3781632876667136
0.5123357704203464,0.27356795132668177
0.5154789346560541,0.635525531897802
0.5186220988917617,0.6189781079933706
0.5217652631274694,0.24269606878950295
0.524908427363177,0.22425401486575142
0.5280515915988847,0.544772194548407
0.5311947558345923,0.7113857897126306
0.5343379200703,0.5667325205552997
0.5374810843060076,0.43281465454401385
0.5406242485417153,0.12320992894807792
0.5437674127774229,0.7913176921845835
0.5469105770131306,-0.06788157588326882
0.5500537412488382,0.12497674182621249
0.5531969054845458,0.7730339430385029
0.5563400697202535,0.08872805787346477
0.5594832339559611,0.8659675845487547
0.5626263981916688,0.7675031422697299
0.5657695624273764,0.5212926916750957
0.5689127266630841,0.5347355788708908
0.5720558908987917,0.4598543216854175
0.5751990551344994,0.9240448361047073
0.578342219370207,0.436007458881883
0.5814853836059147,0.31165570683357274
0.5846285478416223,0.6506089305600197
0.5877717120773299,0.49774429779985707
0.5909148763130376,0.5313211303869797
0.5940580405487452,0.5007264954077726
0.5972012047844529,0.5040528132280491
0.6003443690201605,0.7275543549967222
0.6034875332558682,1.095102883556585
0.6066306974915758,0.3609971289267043
0.6097738617272835,0.34412681638558823
0.6129170259629911,1.0483370754360242
0.6160601901986988,0.41706201107919805
0.6192033544344064,0.5030680889895366
0.622346518670114,0.9774693045996472
0.6254896829058217,0.5842494960996822
0.6286328471415293,1.3761163526025642
0.631776011377237,0.5299309287063723
0.6349191756129446,0.9572735844493139
0.6380623398486523,0.6132801401108838
0.64120550408436,0.18153017263052446
0.6443486683200677,0.5511019458949189
0.6474918325557752,0.24550451650020888
0.650634996791483,0.48279590301752473
0.6537781610271906,0.22640649167151755
0.6569213252628983,1.2237777666288339
0.6600644894986059,0.5433422304314599
0.6632076537343135,0.798431962453334
0.6663508179700212,1.1872429369113262
0.6694939822057288,0.8309885386621005
0.6726371464414365,0.642696834546664
0.6757803106771441,0.35522930056606183
0.6789234749128518,0.7106740703123903
0.6820666391485594,0.5995064581685389
0.6852098033842671,0.07815100593680036
0.6883529676199747,0.8881440246506311
0.6914961318556824,0.3190414561478581
0.69463929609139,1.255403831199096
0.6977824603270976,1.1995113484974822
0.7009256245628053,0.8318377739168579
0.7040687887985129,0.6149367469280163
0.7072119530342206,0.4429182254253606
0.7103551172699282,0.9729551641076575
0.7134982815056359,0.3108419059614975
0.7166414457413435,0.4040606405963389
0.7197846099770512,1.1462821514205948
0.7229277742127588,0.4600540302749142
0.7260709384484665,0.18069773264860584
0.7292141026841741,0.6277999999082
0.7323572669198817,1.0122467375851703
0.7355004311555894,0.36675695401890734
0.738643595391297,0.7802656024766722
0.7417867596270047,0.8857471440416317
0.7449299238627123,1.0712707325813617
0.74807308809842,0.769973993624228
0.7512162523341276,0.5752016876176608
0.7543594165698353,0.3834585473941042
0.7575025808055429,0.5485673370501128
0.7606457450412506,1.1593947291116193
0.7637889092769582,0.3912873204413588
0.7669320735126659,0.9127982486777632
0.7700752377483735,1.2686251626345229
0.7732184019840811,0.8583269392209606
0.7763615662197888,0.17600150815839
0.7795047304554964,0.5548513619518463
0.7826478946912041,0.812349489035343
0.7857910589269117,0.4412930145077685
0.7889342231626194,0.4429442142344641
0.792077387398327,1.1635118271497962
0.7952205516340347,1.163426405773359
0.7983637158697423,0.7030287437713825
0.80150688010545,0.9365124503622775
0.8046500443411576,0.6083867617068468
0.8077932085768652,0.8080713594581495
0.8109363728125729,1.042079481517621
0.8140795370482805,0.8350287443704281
0.8172227012839882,0.8726229344599454
0.8203658655196958,0.5283621516687352
0.8235090297554035,0.42266809674389605
0.8266521939911111,0.7196158224424867
0.8297953582268188,0.7779772357522563
0.8329385224625264,0.5363916174728426
0.8360816866982341,0.8199588579455938
0.8392248509339417,0.6544354113907547
0.8423680151696493,0.6117321300294872
0.845511179405357,0.7275842440427633
0.8486543436410646,0.4810968087141867
0.8517975078767723,0.7792043691550498
0.8549406721124799,0.8109701455752115
0.8580838363481876,0.8870647700535529
0.8612270005838952,0.5931330989992811
0.8643701648196029,0.7874278879997024
0.8675133290553105,0.8490358433438059
0.8706564932910182,0.6607665148089689
0.8737996575267258,0.5485139131700406
0.8769428217624335,0.3612662888147507
0.8800859859981411,0.12403647210922142
0.8832291502338487,0.8927804279323744
0.8863723144695564,0.8537661198287722
0.889515478705264,0.5662719770260392
0.8926586429409717,0.8815652941956782
0.8958018071766793,0.8172111930316143
0.898944971412387,0.4707449709037201
0.9020881356480946,0.9642617330965294
0.9052312998838024,0.18372035303540657
0.90837446411951,1.0768080080993512
0.9115176283552177,1.013514385018925
0.9146607925909253,0.6564659099351167
0.9178039568266328,0.37079746901696853
0.9209471210623406,0.49384352998769976
0.9240902852980482,0.7366839098508607
0.9272334495337559,0.637408988955838
0.9303766137694635,0.9315015850016172
0.9335197780051712,0.5229853541238771
0.9366629422408788,0.7949334036414173
0.9398061064765865,1.338790940589427
0.9429492707122941,0.8733043153136966
0.9460924349480018,0.763943292489095
0.9492355991837094,0.7244976275586604
0.952378763419417,1.0180661073525923
0.9555219276551247,0.6320805314967964
0.9586650918908323,0.7565567404977237
0.96180825612654,0.25335070008337535
0.9649514203622476,1.0952507048152644
0.9680945845979553,0.09474308768418227
0.9712377488336629,1.3093864201934386
0.9743809130693706,0.7647234981260526
0.9775240773050782,0.8418172036683125
0.9806672415407859,1.0657577434214316
0.9838104057764935,1.3602746739974476
0.9869535700122012,0.656165039076209
0.9900967342479088,0.735885676237104
0.9932398984836164,0.6866664015387376
0.9963830627193241,1.2436562244173317
0.9995262269550317,0.40862806397058044
1.0026693911907394,0.5087700030611486
1.005812555426447,0.8485769381188818
1.0089557196621546,0.9669734023672336
1.0120988838978624,0.7300122314753549
1.01524204813357,0.3548922944973961
1.0183852123692776,1.1951671158085255
1.0215283766049852,1.0219920515246739
1.0246715408406928,0.47827002236194627
1.0278147050764006,0.8335532309418197
1.0309578693121082,0.8255372866929112
1.0341010335478158,0.7249502295365544
1.0372441977835234,0.9968471955027722
1.0403873620192312,0.7572235926416292
1.0435305262549388,0.8056840955700364
1.0466736904906464,1.663352409705729
1.049816854726354,0.6948175664629953
1.0529600189620618,1.0119178505732127
1.0561031831977694,0.8503392094682332
1.059246347433477,0.7154312326759414
1.0623895116691846,0.9554759062132929
1.0655326759048922,0.18070146472584914
1.0686758401406,0.7607202030084496
1.0718190043763076,0.7407454858328832
1.0749621686120152,0.3291963424656148
1.0781053328477228,1.4600544095190142
1.0812484970834306,1.018519214824672
1.0843916613191382,0.5426231907754049
1.0875348255548458,0.7196631297194356
1.0906779897905534,1.4194563263852038
1.0938211540262612,1.0044331642415345
1.0969643182619688,0.5947722019963579
1.1001074824976764,1.0779275931894952
1.103250646733384,0.7030220252227117
1.1063938109690916,0.18771613129584364
1.1095369752047994,0.6985891389479242
1.112680139440507,0.9906226873788343
1.1158233036762146,0.5773116878455704
1.1189664679119222,0.9103811332018047
1.12210963214763,0.6940419317579994
1.1252527963833376,0.5705115346305236
1.1283959606190452,0.4819352643052241
1.1315391248547528,0.868888110999008
1.1346822890904604,1.5401863993282991
1.1378254533261682,0.930419077826008
1.1409686175618758,0.7603436611619829
1.1441117817975834,0.9794273763619986
1.147254946033291,0.5046484468709733
1.1503981102689989,0.650086369958778
1.1535412745047064,1.1352942229852823
1.156684438740414,0.7944236015519931
1.1598276029761216,1.0672167366480805
1.1629707672118295,0.6623585987559316
1.166113931447537,0.8065899059249355
1.1692570956832447,0.9325757039145361
1.1724002599189522,1.2945380365463552
1.1755434241546598,1.0436201065246222
1.1786865883903677,1.130785026955931
1.1818297526260753,0.8572631553388151
1.1849729168617829,0.539572100246442
1.1881160810974905,0.748814883608677
1.1912592453331983,0.8745367563979021
1.1944024095689059,0.9127644023969864
1.1975455738046135,0.6360993408321417
1.200688738040321,1.2850022563018828
1.2038319022760289,0.7384965119392615
1.2069750665117365,1.3156149000539525
1.210118230747444,1.5441917417237785
1.2132613949831517,0.7472351116257325
1.2164045592188593,0.9323941273775249
1.219547723454567,1.6670881105869104
1.2226908876902747,0.9632407857287575
1.2258340519259823,0.9139868725346326
1.2289772161616899,0.6097534917965759
1.2321203803973977,1.6973619917748515
1.2352635446331053,1.159989273206142
1.2384067088688129,0.21484679909490878
1.2415498731045205,-0.031088218310109994
1.244693037340228,1.117984406933984
1.2478362015759359,0.5753396578980916
1.2509793658116435,0.8022970625789742
1.254122530047351,0.9561018369116286
1.2572656942830587,1.1544617935272465
1.2604088585187665,1.2885161374110106
1.263552022754474,0.7830550893973655
1.2666951869901817,0.5075433488226146
1.2698383512258893,0.8807521900125208
1.272981515461597,0.7736936754360177
1.2761246796973047,1.2840763998979403
1.2792678439330123,0.6651549319244112
1.28241100816872,0.9685180805019
1.2855541724044275,0.8599796655739685
1.2886973366401353,1.2562413833137691
1.291840500875843,0.8532512018756419
1.2949836651115505,1.3967200728400035
1.298126829347258,0.7727429642526129
1.301269993582966,1.5560756486525134
1.3044131578186735,0.8464438582165061
1.307556322054381,1.0597657433792955
1.3106994862900887,0.8348472152901785
1.3138426505257965,1.1137241318129991
1.3169858147615041,0.7051998965078013
1.3201289789972117,0.8931832596151652
1.3232721432329193,1.3630708208915503
1.326415307468627,0.9393372753525882
1.3295584717043347,1.1331865729665973
1.3327016359400423,1.2047054000176758
1.33584480017575,0.9678070165388628
1.3389879644114575,1.2109362933132348
1.3421311286471653,1.3834307093706497
1.345274292882873,0.8995213959076619
1.3484174571185805,0.6714788338942026
1.3515606213542881,1.2068273827420612
1.3547037855899957,0.666060748054413
1.3578469498257035,1.2058015491910246
1.3609901140614111,1.051279543913683
1.3641332782971187,0.43897371747459535
1.3672764425328263,1.536693891934731
1.3704196067685341,1.1357275817929597
1.3735627710042417,1.1206183680608235
1.3767059352399493,1.2287482425950613
1.379849099475657,1.4932293265606713
1.3829922637113647,0.8524452524013925
1.3861354279470723,1.0884567062618469
1.38927859218278,1.042613986886617
1.3924217564184875,1.3100867847257196
1.3955649206541951,1.2782800972279647
1.398708084889903,0.6968318387418939
1.4018512491256105,1.0549357377639992
1.4049944133613181,1.1537069163454925
1.4081375775970257,1.0616795730392972
1.4112807418327336,1.4452496460290416
1.4144239060684412,1.1719516920271293
1.4175670703041487,1.5637835584728585
1.4207102345398563,0.9188813683457002
1.4238533987755642,0.7236771931005948
1.4269965630112718,1.1013495592114408
1.4301397272469794,0.9495212029262455
1.433282891482687,0.38231880735605905
1.4364260557183945,0.28148166397081853
1.4395692199541024,0.5382646816070664
1.44271238418981,0.5879814100732328
1.4458555484255176,1.0675006300569323
1.4489987126612252,1.38413277143729
1.452141876896933,0.866302511244518
1.4552850411326406,0.7371213140476671
1.4584282053683482,1.0186317836953547
1.4615713696040558,0.8988941986455662
1.4647145338397634,0.7599886945616039
1.4678576980754712,1.1490430025719856
1.4710008623111788,0.9666022957480375
1.4741440265468864,0.7213913970069439
1.477287190782594,1.1443749811308697
1.4804303550183018,0.6971692656243937
1.4835735192540094,1.169490605041643
1.486716683489717,0.8262835834933693
1.4898598477254246,0.8466312622909695
1.4930030119611324,0.9723244244276528
1.49614617619684,1.1784263819499348
1.4992893404325476,1.274303123264038
1.5024325046682552,1.2865605122325194
1.5055756689039628,1.1713469703668722
1.5087188331396706,0.5276116628712648
1.5118619973753782,1.251699697040287
1.5150051616110858,0.9902614689679531
1.5181483258467934,0.5782893716228374
1.5212914900825012,1.0648359671124075
1.5244346543182088,0.7249886089397337
1.5275778185539164,1.4273360370023698
1.530720982789624,0.984782777914438
1.5338641470253318,1.1474524472081404
1.5370073112610394,1.1082870466181904
1.540150475496747,1.2581616073845778
1.5432936397324546,1.1037848754836894
1.5464368039681622,0.8082543655300641
1.54957996820387,1.231118224292131
1.5527231324395776,0.9375043812160434
1.5558662966752852,1.6137190806230153
1.5590094609109928,0.6265414766189548
1.5621526251467006,0.6769301779488774
1.5652957893824082,0.9540645474762048
1.5684389536181158,0.9351315632402071
1.5715821178538234,0.7846060695556454
1.574725282089531,1.0044875112290002
1.5778684463252388,1.0389533934052482
1.5810116105609464,0.906385767962467
1.584154774796654,1.0986341869839982
1.5872979390323616,0.9375556710442148
1.5904411032680694,1.0510589720551116
1.593584267503777,1.0837911066500916
1.5967274317394846,1.2222106368068268
1.5998705959751922,0.9235568592943202
1.6030137602109,1.1923308719533328
1.6061569244466076,0.9421565867317424
1.6093000886823152,0.8474317549774434
1.6124432529180228,1.1444306045601411
1.6155864171537304,0.9993255975153407
1.6187295813894382,0.9353651834455992
1.6218727456251458,1.1291341166525308
1.6250159098608534,1.2612953768907542
1.628159074096561,0.7426163724592882
1.6313022383322688,1.018408366431872
1.6344454025679764,1.0021113839604658
1.637588566803684,1.050076445588124
1.6407317310393916,1.051548279256192
1.6438748952750994,1.0354313508745516
1.647018059510807,0.8531945328559458
1.6501612237465146,0.8904688108094818
1.6533043879822222,0.9507030363312399
1.6564475522179298,1.0531169162295426
1.6595907164536376,1.112286449622701
1.6627338806893452,0.9167663010466551
1.6658770449250528,1.0578642483979754
1.6690202091607604,1.0410934357359805
1.6721633733964683,0.9906746868682855
1.6753065376321759,1.0953025740168298
1.6784497018678834,1.0864316484917682
1.681592866103591,1.0721365677467745
1.6847360303392986,1.0330366702215263
1.6878791945750065,1.0307155295862425
1.691022358810714,0.9674792954116821
1.6941655230464217,0.9411779300733137
1.6973086872821292,1.1586643407057737
1.700451851517837,1.0454464161114523
1.7035950157535447,0.9919718482144677
1.7067381799892523,1.0209169023455258
1.7098813442249599,0.8675810848783966
1.7130245084606677,1.1313454629419337
1.7161676726963753,1.0935856596441238
1.7193108369320829,1.1730541330639004
1.7224540011677905,0.9056308100740376
1.725597165403498,1.0382424143762743
1.7287403296392059,1.0654917021988843
1.7318834938749135,1.0631572464393695
1.735026658110621,1.1499595385416537
1.7381698223463287,1.2611470212093046
1.7413129865820365,1.1225820693145947
1.744456150817744,0.8578379566798306
1.7475993150534517,1.046514292629987
1.7507424792891593,0.9629250220138378
1.753885643524867,1.000512232598453
1.7570288077605747,1.0549517590208775
1.7601719719962823,1.0111484283523755
1.7633151362319899,0.7519509608723431
1.7664583004676975,1.0647951410624201
1.7696014647034053,0.8866460006377013
1.7727446289391129,1.0501311281432038
1.7758877931748205,0.9089274590708051
1.779030957410528,0.774878988868522
1.782174121646236,1.0236659162063697
1.7853172858819435,1.0211327262573118
1.788460450117651,0.9804484930794507
1.7916036143533587,0.9590592528882776
1.7947467785890663,1.0313266773756045
1.797889942824774,1.1750589536362521
1.8010331070604817,1.0989722383370957
1.8041762712961893,1.0951960719162364
1.807319435531897,1.0851883570249408
1.8104625997676047,0.8296906006243314
1.8136057640033123,1.0042532263523765
1.81674892823902,0.8917030129169695
1.8198920924747275,0.8908813772358282
1.8230352567104353,0.9568730739483046
1.826178420946143,0.7583180862107832
1.8293215851818505,1.1676429447868597
1.832464749417558,0.8727739521118788
1.8356079136532657,1.0000940635798292
1.8387510778889735,0.8818476437710161
1.8418942421246811,0.8465180048346884
1.8450374063603887,1.040944604363049
1.8481805705960963,0.9356706260173696
1.8513237348318041,0.906136378206647
1.8544668990675117,1.0050598966883406
1.8576100633032193,0.7509051244628491
1.860753227538927,0.8730465472622821
1.8638963917746347,0.9111498697074508
1.8670395560103423,0.944526818414681
1.87018272024605,0.9113847332042371
1.8733258844817575,0.8597998105210635
1.8764690487174651,0.9190782644495226
1.879612212953173,0.9240460751868024
1.8827553771888805,0.8533711527753666
1.8858985414245881,0.993786188277686
1.8890417056602957,1.0512990261612383
1.8921848698960035,0.9683437835590435
1.8953280341317111,0.9782583186902399
1.8984711983674187,1.0386539115516127
1.9016143626031263,0.9137771878988741
1.904757526838834,0.8068375738141174
1.9079006910745417,0.8506087628914214
1.9110438553102493,0.8536016063036924
1.914187019545957,0.9735069874686847
1.9173301837816645,1.1175811494628314
1.9204733480173724,0.9950844792267473
1.92361651225308,0.9496360043383948
1.9267596764887875,1.1684817759031376
1.9299028407244951,0.9121776595020011
1.933046004960203,0.7825582047766585
1.9361891691959106,0.9266110476610945
1.9393323334316181,1.0378124328885394
1.9424754976673257,1.0468059796211227
1.9456186619030333,0.951385083083855
1.9487618261387412,0.986497235914657
1.9519049903744488,1.1301821004168873
1.9550481546101564,0.9277813993514771
1.958191318845864,0.7887845701049969
1.9613344830815718,0.93262434295267
1.9644776473172794,0.9801865178935889
1.967620811552987,0.7922332817539529
1.9707639757886946,0.9281753414054008
1.9739071400244024,0.9036467365826424
1.97705030426011,0.9671940626741283
1.9801934684958176,0.780708186297318
1.9833366327315252,0.9256589185723921
1.9864797969672328,1.0394635934510315
1.9896229612029406,0.8916849867737634
1.9927661254386482,1.0087447319306428
1.9959092896743558,0.9120828203151032
1.9990524539100634,1.049926878963643
2.002195618145771,0.7383017685943595
2.005338782381479,0.9928024493821465
2.0084819466171866,0.9472728506520434
2.011625110852894,0.7741848663604359
2.014768275088602,1.0005176814682284
2.017911439324309,0.8423835477681957
2.021054603560017,0.7750997343170333
2.024197767795725,0.8424278302223893
2.027340932031432,0.8930082462932352
2.03048409626714,0.869341398752207
2.0336272605028474,0.972347912355556
2.036770424738555,0.8633161310439952
2.039913588974263,0.8901630813449269
2.0430567532099704,0.7970982789237262
2.046199917445678,0.9166783524891281
2.0493430816813856,0.7458618600896363
2.0524862459170934,1.0123179696528175
2.055629410152801,0.9331104821579504
2.0587725743885086,0.72072902082079
2.0619157386242164,0.7094648009922351
2.065058902859924,0.8602910029804829
2.0682020670956316,0.6864265961638223
2.0713452313313394,0.9434857109126783
2.074488395567047,0.8475865256985537
2.0776315598027546,0.9064380941882475
2.0807747240384624,0.8694899353684112
2.08391788827417,0.9926150065095788
2.0870610525098776,0.9732999068612669
2.090204216745585,0.7578722857248701
2.093347380981293,0.7232751148107848
2.0964905452170006,0.9082734025202359
2.099633709452708,0.8883270011432589
2.102776873688416,0.7480070797190326
2.1059200379241236,0.8706736579161537
2.109063202159831,0.821745921636643
2.112206366395539,0.8206219826487435
2.115349530631246,0.5948630688459822
2.118492694866954,0.891272525001923
2.121635859102662,0.8325084587862811
2.124779023338369,0.7107323765386201
2.127922187574077,0.8741384376903676
2.1310653518097844,0.6924796275653873
2.134208516045492,0.9314421573288102
2.1373516802812,0.6992694251212245
2.1404948445169074,0.7707224124362776
2.1436380087526152,0.7665223249270453
2.146781172988323,0.986295111524353
2.1499243372240304,0.7263298565033001
2.1530675014597382,0.9637514579127511
2.1562106656954456,0.8605109626144309
2.1593538299311534,0.9023061917144312
2.1624969941668613,0.7467151352850637
2.1656401584025686,0.7935492729632969
2.1687833226382764,0.8497250068337103
2.171926486873984,1.0367498569384286
2.1750696511096916,0.9244030317393234
2.1782128153453995,0.713446379791936
2.181355979581107,0.8243899498291545
2.1844991438168146,0.8572053590050015
2.1876423080525225,0.8764777015213121
2.19078547228823,0.8870979735529687
2.1939286365239377,0.7603708071435596
2.197071800759645,0.7568972148701472
2.200214964995353,0.9798650886393631
2.2033581292310607,0.9140670358020828
2.206501293466768,0.876670255027631
2.209644457702476,0.6779720306763999
2.2127876219381832,0.877784817597126
2.215930786173891,0.7326388297757915
2.219073950409599,0.7605368389782938
2.2222171146453062,0.9322031609025164
2.225360278881014,0.8877800970343523
2.228503443116722,0.9269697764210474
2.2316466073524293,0.6757749566017357
2.234789771588137,0.7966682273456545
2.2379329358238444,0.794108055085126
2.2410761000595523,0.6955480360465737
2.24421926429526,0.8362194374623599
2.2473624285309675,0.7963239155346699
2.2505055927666753,0.892734125203436
2.2536487570023827,0.7239390409679187
2.2567919212380905,0.8622182830182699
2.2599350854737983,0.5686835783849251
2.2630782497095057,0.8581029512401828
2.2662214139452135,0.7403548418306495
2.269364578180921,0.7497151221567455
2.2725077424166287,0.931344255310676
2.2756509066523365,0.9257972822003567
2.278794070888044,0.9327659979584385
2.2819372351237517,0.932011001686691
2.2850803993594595,0.8572253079621774
2.288223563595167,0.6198704517430866
2.2913667278308747,0.7995418975088977
2.294509892066582,0.7495495158354056
2.29765305630229,0.792716669453362
2.3007962205379977,0.6756263015077119
2.303939384773705,0.906141034307284
2.307082549009413,0.5799932162733585
2.3102257132451203,0.6807523759046282
2.313368877480828,0.7500571858323136
2.316512041716536,0.8148985459580659
2.3196552059522433,0.9208012267684342
2.322798370187951,0.7338071478199629
2.325941534423659,0.8029824140740582
2.3290846986593663,0.6347964866841245
2.332227862895074,0.7625856611123278
2.3353710271307815,0.6484761613276953
2.3385141913664893,0.6566761798845262
2.341657355602197,0.7617960435463487
2.3448005198379045,0.6345983225099987
2.3479436840736123,0.6338335415993599
2.3510868483093197,0.8597455300388809
2.3542300125450275,0.4857230806244818
2.3573731767807353,0.6907122211323599
2.3605163410164427,0.7313968933595522
2.3636595052521505,0.7603958006021063
2.3668026694878583,0.7377077241837431
2.3699458337235657,0.7670090819651374
2.3730889979592735,0.5809924461867628
2.376232162194981,0.6979879399951033
2.3793753264306887,0.600738565500533
2.3825184906663965,0.800755408762966
2.385661654902104,0.34541556202210255
2.3888048191378117,0.8943178224654886
2.391947983373519,0.671111143346352
2.395091147609227,0.6908438642026647
2.3982343118449347,0.8138144980774565
2.401377476080642,0.6056662414182034
2.40452064031635,0.8300526772092234
2.4076638045520578,0.5773798324426377
2.410806968787765,0.6156117988406983
2.413950133023473,0.844485724997321
2.4170932972591803,0.7753544831886788
2.420236461494888,0.6354847042162879
2.423379625730596,0.8374428039882191
2.4265227899663033,0.682545982930687
2.429665954202011,0.7351147828855249
2.4328091184377185,0.5389421007649506
2.4359522826734263,0.6038422274766682
2.439095446909134,0.8041399241622217
2.4422386111448415,0.8431891427136438
2.4453817753805493,0.669783610699674
2.448524939616257,0.4778595575970903
2.4516681038519645,0.4239315363335058
2.4548112680876724,0.6958703094540959
2.4579544323233797,0.7207446646139117
2.4610975965590876,0.592566742519027
2.4642407607947954,0.4770714143867324
2.4673839250305027,0.7139834903558435
2.4705270892662106,0.6443417797497913
2.473670253501918,0.857363364293726
2.4768134177376258,0.48446431037607024
2.4799565819733336,0.5842895031666204
2.483099746209041,0.6093696262168736
2.4862429104447488,0.35611201917181423
2.489386074680456,0.5147354418867905
2.492529238916164,0.6721070263348754
2.4956724031518718,0.5180458331875479
2.498815567387579,0.6960260040008921
2.501958731623287,0.5490673273855549
2.505101895858995,0.4169652688124791
2.508245060094702,0.5862072481094777
2.51138822433041,0.8050236306442982
2.5145313885661174,0.5402701548706561
2.517674552801825,0.5438370732931532
2.520817717037533,0.45806101069521615
2.5239608812732404,0.5352712731108272
2.527104045508948,0.6491339232804171
2.5302472097446556,0.5540343710124008
2.5333903739803634,0.5360042011822614
2.536533538216071,0.4491533469986574
2.5396767024517786,0.6512331775762934
2.5428198666874864,0.6163903203558514
2.545963030923194,0.5472494454876807
2.5491061951589016,0.565402524086796
2.5522493593946094,0.6342510198046268
2.5553925236303168,0.41079343925106643
2.5585356878660246,0.5019938991505853
2.5616788521017324,0.554548875857699
2.56482201633744,0.6194625486446053
2.5679651805731476,0.5387588504140615
2.571108344808855,0.568666608276507
2.574251509044563,0.5674583493176658
2.5773946732802706,0.5942461340937224
2.580537837515978,0.6490454773715016
2.583681001751686,0.40635550150009
2.5868241659873936,0.33335240614525896
2.589967330223101,0.6264949324791576
2.593110494458809,0.3758097635229474
2.596253658694516,0.47275178455240163
2.599396822930224,0.37900362853218306
2.602539987165932,0.6079481438260665
2.605683151401639,0.5474771795344394
2.608826315637347,0.58422866594588
2.6119694798730544,0.5518472893252374
2.615112644108762,0.4923069349589355
2.61825580834447,0.6723025411599174
2.6213989725801774,0.46812383289815906
2.624542136815885,0.5344938529259454
2.627685301051593,0.5568891739849022
2.6308284652873004,0.48543464134845243
2.6339716295230082,0.4747210236860491
2.6371147937587156,0.44529213039576826
2.6402579579944234,0.62792333874506
2.6434011222301312,0.5954361392872398
2.6465442864658386,0.48395094371726655
2.6496874507015464,0.48283265877098797
2.652830614937254,0.47565334534254805
2.6559737791729616,0.47855395810940765
2.6591169434086694,0.48609785097428243
2.662260107644377,0.5289342642308869
2.6654032718800846,0.24416418351550243
2.6685464361157925,0.43620500918077093
2.6716896003515,0.40624973657055374
2.6748327645872076,0.523700797084149
2.677975928822915,0.44893094383074145
2.681119093058623,0.4714641523732264
2.6842622572943307,0.3709870712285891
2.687405421530038,0.3265420579801927
2.690548585765746,0.4692725260237374
2.6936917500014532,0.4675760539642408
2.696834914237161,0.2985454504224221
2.699978078472869,0.7330720832437715
2.7031212427085762,0.4725409380561104
2.706264406944284,0.5960734368199557
2.7094075711799914,0.48079629942143415
2.7125507354156992,0.3633535957418791
2.715693899651407,0.3050969098795063
2.7188370638871144,0.34185093756504
2.7219802281228223,0.41164728670397444
2.72512339235853,0.27310034806965106
2.7282665565942374,0.3168210518637474
2.7314097208299453,0.3272808666144662
2.7345528850656526,0.35504544713303937
2.7376960493013605,0.507154663703568
2.7408392135370683,0.34281034557564966
2.7439823777727756,0.37887782238703427
2.7471255420084835,0.4668134643278647
2.750268706244191,0.39764684045785365
2.7534118704798987,0.5015370825367114
2.7565550347156065,0.4706724448961044
2.759698198951314,0.4524501278281849
2.7628413631870217,0.23404462598528766
2.7659845274227295,0.30658509231499603
2.769127691658437,0.4769740909208786
2.7722708558941447,0.4214396464153144
2.775414020129852,0.31526450716897353
2.77855718436556,0.43918199067442054
2.7817003486012677,0.45623252415251375
2.784843512836975,0.27817624807653063
2.787986677072683,0.25228556443125655
2.7911298413083903,0.3896880539990787
2.794273005544098,0.33801668558337983
2.797416169779806,0.21785492442843585
2.8005593340155133,0.3949525930189765
2.803702498251221,0.24912833013664198
2.806845662486929,0.21486703225697973
2.8099888267226363,0.432620554278764
2.813131990958344,0.11450231292552693
2.8162751551940515,0.4625891344284465
2.8194183194297593,0.41674863572046345
2.822561483665467,0.34382155516564644
2.8257046479011745,0.30073084488514235
2.8288478121368823,0.48645023690744094
2.8319909763725897,0.3318584280628878
2.8351341406082975,0.2552900526906604
2.8382773048440053,0.34549983917134397
2.8414204690797127,0.25161615023754813
2.8445636333154205,0.40593931409461625
2.8477067975511283,0.1159265980254452
2.8508499617868357,0.039697574667142715
2.8539931260225435,0.15765509109924242
2.857136290258251,0.30315028368904684
2.8602794544939587,0.31175166017514516
2.8634226187296665,0.19724360650470701
2.866565782965374,0.2359146695334757
2.8697089472010817,0.19818519222876096
2.872852111436789,0.2083234914244058
2.875995275672497,0.25074438368427837
2.8791384399082047,0.29633928300587026
2.882281604143912,0.2811604445970162
2.88542476837962,0.16423649379645117
2.8885679326153277,0.2506165968785502
2.891711096851035,0.35713232825605024
2.894854261086743,0.16387490674971703
2.8979974253224503,0.33361155767893147
2.901140589558158,0.2603276336760857
2.904283753793866,0.36169677725574545
2.9074269180295733,0.5162375178833141
2.910570082265281,0.35883396845487237
2.9137132465009885,0.3813708891534122
2.9168564107366963,0.2363322347805414
2.919999574972404,0.22446153952550435
2.9231427392081115,0.3075375875991934
2.9262859034438193,0.1769411053657084
2.9294290676795267,0.3981512926681816
2.9325722319152345,0.16782280327168958
2.9357153961509423,0.2953580648356838
2.9388585603866497,0.16283282079752054
2.9420017246223575,0.16155760541715047
2.9451448888580654,0.2355523366425434
2.9482880530937727,0.16477708903697466
2.9514312173294805,0.08660943795822404
2.954574381565188,0.11361547917169372
2.9577175458008957,0.1753812454820722
2.9608607100366036,0.10798830424575817
2.964003874272311,0.27650011408803266
2.9671470385080188,0.2947285273431757
2.970290202743726,0.12697543522714716
2.973433366979434,0.21710751502414785
2.9765765312151418,0.32680602946384646
2.979719695450849,0.1596313975619721
2.982862859686557,0.06200048014352183
2.9860060239222648,0.1725181732832184
2.989149188157972,0.16760642196122044
2.99229235239368,0.19716853760523917
2.9954355166293873,0.17608436201385885
2.998578680865095,0.17790736284456077
3.001721845100803,0.05001118184264022
3.0048650093365104,0.1941213346490635
3.008008173572218,0.12936430983992336
3.0111513378079255,0.036636971242022656
3.0142945020436334,0.14559304739965165
3.017437666279341,0.19952335177202166
3.0205808305150486,0.19032892414996783
3.0237239947507564,0.10662782366169969
3.026867158986464,0.03222558005554689
3.0300103232221716,0.40086438338119335
3.0331534874578794,0.21538808618840274
3.0362966516935868,0.052313085427722464
3.0394398159292946,0.0391890987139351
3.0425829801650024,0.23131176325679287
3.0457261444007098,0.009712548597256482
3.0488693086364176,0.11300342033058766
3.052012472872125,0.067931518532617
3.0551556371078328,0.15633380664418628
3.0582988013435406,0.15729684580877973
3.061441965579248,0.17425475503777538
3.064585129814956,-0.0018202258177821423
3.0677282940506636,-0.00531890712105168
3.070871458286371,0.06793010853208958
3.074014622522079,0.05405599124580618
3.077157786757786,0.15412288603803026
3.080300950993494,0.09834045502334304
3.083444115229202,0.10444949440915233
3.086587279464909,0.19095403998421928
3.089730443700617,0.019614144697183193
3.0928736079363244,0.15515167071317162
3.096016772172032,-0.02827533728791684
3.09915993640774,0.15241175192899897
3.1023031006434474,0.12013007813736352
3.105446264879155,-0.14445749376248332
3.108589429114863,0.216111340982454
3.1117325933505704,0.15271203320298837
3.114875757586278,0.1896709547252737
3.1180189218219856,-0.13811222720138128
3.1211620860576934,0.058034469186271705
3.1243052502934012,0.04873080079558556
3.1274484145291086,-0.013297952861353091
3.1305915787648164,0.06715549218577968
3.133734743000524,-0.02389285779583805
3.1368779072362316,0.14711392286509412
3.1400210714719394,-0.08561186849106482
3.143164235707647,-0.11835839870727885
3.1463073999433546,0.01344566158235235
3.149450564179062,0.13513290420548768
3.15259372841477,-0.0074850786455688476
3.1557368926504776,0.10006690023087396
3.158880056886185,0.023922245120311443
3.162023221121893,-0.08320742651143341
3.1651663853576006,0.10751381395514999
3.168309549593308,0.0212371818053709
3.171452713829016,0.03535930454920526
3.174595878064723,-0.044236153641180796
3.177739042300431,-0.0031186100461710123
3.180882206536139,-0.12275741942860452
3.184025370771846,0.004009650569458949
3.187168535007554,-0.186156196638752
3.1903116992432614,-0.10330633865189359
3.1934548634789692,-0.27065256087144435
3.196598027714677,0.0962630821704602
3.1997411919503844,0.07285053847317582
3.2028843561860922,-0.04456345004873383
3.2060275204218,0.04891853586303374
3.2091706846575074,-0.12778772299441166
3.2123138488932153,-0.02529774755192994
3.2154570131289226,-0.08621197476250059
3.2186001773646304,-0.09484357598087512
3.2217433416003383,-0.07784814149912146
3.2248865058360456,-0.09364294790644363
3.2280296700717535,-0.10725367799760849
3.231172834307461,-0.18343816500336835
3.2343159985431686,-0.0762007086093224
3.2374591627788765,0.025173547617180284
3.240602327014584,-0.34298414817092343
3.2437454912502917,-0.03166638344542781
3.2468886554859995,-0.17933761951684263
3.250031819721707,-0.14852596901881276
3.2531749839574147,0.11471837512002382
3.256318148193122,-0.19907959204912012
3.25946131242883,-0.061635393835697716
3.2626044766645377,-0.3808409448026618
3.265747640900245,-0.18234209925972503
3.268890805135953,-0.10098288615196531
3.2720339693716602,-0.1758827397508072
3.275177133607368,-0.13767101374013313
3.278320297843076,-0.15320491455490107
3.2814634620787833,-0.06678748853834628
3.284606626314491,-0.07907427219700083
3.287749790550199,-0.1703742501788669
3.2908929547859063,-0.0934103683041615
3.294036119021614,-0.14110767154713805
3.2971792832573215,-0.15935274760404455
3.3003224474930293,0.005870546043188318
3.303465611728737,-0.14381190148183212
3.3066087759644445,-0.04774020715557471
3.3097519402001523,-0.09604020661895347
3.3128951044358597,-0.20964032811319433
3.3160382686715675,-0.2898016810957427
3.3191814329072753,-0.11749271092485378
3.3223245971429827,-0.12792074108693008
3.3254677613786905,-0.22295501807182352
3.328610925614398,-0.238682468220056
3.3317540898501057,-0.3013954586430544
3.3348972540858135,-0.04930173699860413
3.338040418321521,-0.3803365269625371
3.3411835825572287,-0.09666242566030364
3.3443267467929365,-0.16317318508696307
3.347469911028644,-0.314727403489797
3.3506130752643517,-0.24617479651069546
3.353756239500059,-0.2583102407652319
3.356899403735767,-0.06055371172524093
3.3600425679714747,-0.27152003546196046
3.363185732207182,-0.45424549131053815
3.36632889644289,-0.3415576384603458
3.3694720606785973,-0.015012786710983328
3.372615224914305,-0.2516303543621162
3.375758389150013,-0.3486421449698597
3.3789015533857203,-0.2768043030866569
3.382044717621428,-0.22303925672300162
3.385187881857136,-0.1975688836460726
3.3883310460928433,-0.296492671210096
3.391474210328551,-0.23754485933890065
3.3946173745642585,-0.42837235035497995
3.3977605387999663,-0.21141120544804234
3.400903703035674,-0.35074913315769457
3.4040468672713815,-0.1777832386137259
3.4071900315070893,-0.3194451018590536
3.4103331957427967,-0.3379004707704471
3.4134763599785045,-0.21490567072625963
3.4166195242142123,-0.28136747992555544
3.4197626884499197,-0.20980673910502806
3.4229058526856275,-0.2804309254543015
3.4260490169213353,-0.43032819474916745
3.4291921811570427,-0.42440099652398455
3.4323353453927505,-0.42978115663730304
3.435478509628458,-0.3540938419708866
3.4386216738641657,-0.28001879809061414
3.4417648380998735,-0.3433983418960746
3.444908002335581,-0.36915348319913394
3.4480511665712887,-0.4666080617349333
3.451194330806996,-0.41945023651714547
3.454337495042704,-0.41405318546098013
3.4574806592784117,-0.15428104281201677
3.460623823514119,-0.41302497580884057
3.463766987749827,-0.42906269703062405
3.4669101519855348,-0.4297878350601427
3.470053316221242,-0.1531784548765768
3.47319648045695,-0.33074843100873036
3.4763396446926573,-0.2828123054242887
3.479482808928365,-0.33556971358037435
3.482625973164073,-0.1987627190079766
3.4857691373997803,-0.11354640396584723
3.488912301635488,-0.5214469978913614
3.4920554658711955,-0.16892421054177476
3.4951986301069033,-0.3500341180453124
3.498341794342611,-0.1562670233973379
3.5014849585783185,-0.37359159238167616
3.5046281228140264,-0.32373991131296453
3.507771287049734,-0.2564393542469208
3.5109144512854416,-0.48100520166639193
3.5140576155211494,-0.398746885439088
3.5172007797568567,-0.3202936562814212
3.5203439439925646,-0.4521345597065812
3.5234871082282724,-0.301631110500986
3.5266302724639798,-0.28879576849507665
3.5297734366996876,-0.36960774219102877
3.532916600935395,-0.37374715538152053
3.5360597651711028,-0.5459664229728715
3.5392029294068106,-0.6135515566529535
3.542346093642518,-0.30635954782773067
3.5454892578782258,-0.2484225533885113
3.548632422113933,-0.588311487530366
3.551775586349641,-0.18764799511720753
3.554918750585349,-0.37540506890731107
3.558061914821056,-0.483737813591487
3.561205079056764,-0.5161156150219955
3.564348243292472,-0.3446721379390026
3.567491407528179,-0.4424093168247761
3.570634571763887,-0.2585534134696279
3.5737777359995944,-0.4408850409205368
3.576920900235302,-0.47379734182159244
3.58006406447101,-0.2959527256064331
3.5832072287067174,-0.4105903199214866
3.586350392942425,-0.3471546274515936
3.5894935571781326,-0.34437625793526283
3.5926367214138404,-0.5933289870007317
3.595779885649548,-0.7150662792284573
3.5989230498852556,-0.4026536508143848
3.6020662141209634,-0.4581905910052633
3.605209378356671,-0.39096718722206714
3.6083525425923786,-0.6585445838180933
3.6114957068280864,-0.43939685869359324
3.614638871063794,-0.42071529236242017
3.6177820352995016,-0.45635541403488805
3.6209251995352094,-0.41891080315980894
3.624068363770917,-0.49499732670275737
3.6272115280066246,-0.25265227984813765
3.630354692242332,-0.5622989110433652
3.63349785647804,-0.5732289004354989
3.6366410207137476,-0.48190939376518827
3.639784184949455,-0.5168839782551106
3.642927349185163,-0.38266140102115204
3.6460705134208706,-0.6197077989313332
3.649213677656578,-0.7049482819750333
3.652356841892286,-0.43637333820001084
3.655500006127993,-0.34834379258373727
3.658643170363701,-0.5627708321306122
3.661786334599409,-0.34808030124689016
3.664929498835116,-0.735385396426686
3.668072663070824,-0.668345762201529
3.6712158273065314,-0.6128777543863128
3.674358991542239,-0.43021228577115656
3.677502155777947,-0.4997299728444224
3.6806453200136544,-0.5308596298494651
3.6837884842493622,-0.6608023659576168
3.68693164848507,-0.4862749853054238
3.6900748127207774,-0.3887397935143584
3.6932179769564852,-0.6776511895848252
3.6963611411921926,-0.6693117919703265
3.6995043054279004,-0.5912954412359295
3.7026474696636082,-0.6326405070386643
3.7057906338993156,-0.6260517551516276
3.7089337981350234,-0.5440959661370735
3.712076962370731,-0.4649534026400387
3.7152201266064386,-0.6120676348597478
3.7183632908421465,-0.5895783998236652
3.721506455077854,-0.5778304848939751
3.7246496193135616,-0.6503038070827106
3.7277927835492695,-0.5873238420888921
3.730935947784977,-0.6383404966634808
3.7340791120206847,-0.44583580100137316
3.737222276256392,-0.4465933128680946
3.7403654404921,-0.5175044382248775
3.7435086047278077,-0.5464882050077081
3.746651768963515,-0.5663593895159085
3.749794933199223,-0.35819398716226497
3.7529380974349302,-0.647008169073525
3.756081261670638,-0.4837684457732814
3.759224425906346,-0.5119363725035737
3.7623675901420532,-0.6286264800504124
3.765510754377761,-0.41176243513898025
3.7686539186134684,-0.3436550714702119
3.7717970828491763,-0.6454966527634414
3.774940247084884,-0.6422537977980227
3.7780834113205914,-0.7808238278275043
3.7812265755562993,-0.6626413916976206
3.784369739792007,-0.5871103136155437
3.7875129040277145,-0.7976332043796176
3.7906560682634223,-0.779518390687527
3.7937992324991296,-0.6536721502071243
3.7969423967348375,-0.6184052692557043
3.8000855609705453,-0.7794277086356043
3.8032287252062527,-0.7932520590109677
3.8063718894419605,-0.5594755822689719
3.809515053677668,-0.6128837295842312
3.8126582179133757,-0.6407504664500798
3.8158013821490835,-0.6951437607104345
3.818944546384791,-0.6805584571811916
3.8220877106204987,-0.7615678253855844
3.8252308748562065,-0.6126933516860509
3.828374039091914,-0.5328544930278694
3.8315172033276217,-0.8303886236087046
3.834660367563329,-0.5718704072058711
3.837803531799037,-0.646435501280648
3.8409466960347447,-0.5661948351366136
3.844089860270452,-0.7278110528400488
3.84723302450616,-0.4866146472760835
3.8503761887418673,-0.750282214552942
3.853519352977575,-0.7047605862215551
3.856662517213283,-0.6155161382525997
3.8598056814489903,-0.6419671427709497
3.862948845684698,-0.7701439308051929
3.866092009920406,-0.7092489328281646
3.8692351741561133,-0.74764792519338
3.872378338391821,-0.5717259253863387
3.8755215026275285,-0.6096315375406098
3.8786646668632363,-0.4928702994811369
3.881807831098944,-0.6568861694906332
3.8849509953346515,-0.8515573838829316
3.8880941595703593,-0.5966174923817585
3.8912373238060667,-0.6093183642370029
3.8943804880417745,-0.7944248566968554
3.8975236522774823,-0.8007477854737337
3.9006668165131897,-0.5422071757564539
3.9038099807488975,-0.7009088098837504
3.9069531449846053,-0.6028678314417739
3.9100963092203127,-0.802547778452572
3.9132394734560205,-0.7736866542061702
3.916382637691728,-0.5842957459196781
3.9195258019274357,-0.6722433411541047
3.9226689661631435,-0.5636398274127421
3.925812130398851,-0.9233421459767011
3.9289552946345587,-0.6518621614277288
3.932098458870266,-0.5918288916971586
3.935241623105974,-0.5760973023516817
3.9383847873416817,-0.7142433307287239
3.941527951577389,-0.831852452324634
3.944671115813097,-0.6352239027771822
3.9478142800488047,-0.6495915317296451
3.950957444284512,-0.9382959038379416
3.95410060852022,-0.6813606033758753
3.9572437727559273,-0.9540639260357578
3.960386936991635,-0.5678156770293759
3.963530101227343,-0.526943310132983
3.9666732654630503,-0.7151516168106222
3.969816429698758,-0.5860086526179802
3.9729595939344655,-0.7197155970597283
3.9761027581701733,-0.8418086535799845
3.979245922405881,-0.8417304744045708
3.9823890866415885,-0.7530866918226762
3.9855322508772963,-0.7030025078522494
3.9886754151130037,-0.764740909154719
3.9918185793487115,-0.7501208744405354
3.9949617435844194,-0.690748445393577
3.9981049078201267,-0.6806450684938095
4.0012480720558345,-0.7231045808714622
4.004391236291542,-0.7413349663654044
4.00753440052725,-0.754057796275212
4.010677564762958,-0.6849638805106406
4.013820728998665,-0.8244982853467048
4.016963893234373,-0.8479965422211917
4.020107057470081,-0.7119379665679286
4.023250221705788,-0.5816635623930815
4.026393385941495,-0.8536385310042865
4.029536550177204,-0.6655890495834885
4.032679714412911,-0.5912315600909474
4.035822878648618,-0.843525877141972
4.038966042884327,-0.6817752918970952
4.042109207120034,-0.7573937958491951
4.045252371355741,-0.8844420013972373
4.04839553559145,-0.5719910646720944
4.051538699827157,-0.7720243457232839
4.054681864062864,-0.6848634558042601
4.057825028298573,-0.6781302453581955
4.06096819253428,-1.037697252025425
4.064111356769987,-0.8762804669629782
4.067254521005695,-0.8969704977515696
4.070397685241403,-0.6950885139133682
4.07354084947711,-0.895302367397604
4.076684013712818,-0.7248074430577259
4.079827177948526,-0.8368084370554689
4.082970342184233,-0.8735707211990591
4.086113506419941,-0.9162945713171542
4.089256670655649,-0.8221901736363257
4.092399834891356,-0.7458714891713271
4.095542999127064,-0.8889031219737793
4.098686163362771,-0.9180561735372601
4.101829327598479,-0.9144541276033948
4.104972491834187,-0.8729690971576063
4.108115656069894,-0.8067038476590012
4.111258820305602,-0.9546575634735138
4.11440198454131,-0.9498662421362389
4.117545148777017,-0.800638129482022
4.120688313012725,-0.7034594853530023
4.123831477248433,-0.8810599113387227
4.12697464148414,-0.8672771191192951
4.130117805719848,-0.6388639921363528
4.133260969955556,-0.8257279014779482
4.136404134191263,-0.9898235772090994
4.139547298426971,-0.8630822203499471
4.142690462662679,-0.7461243740930592
4.145833626898386,-0.8525494036816545
4.148976791134094,-0.7506385755283218
4.152119955369802,-0.7248519419300203
4.155263119605509,-0.9762420975392568
4.158406283841217,-0.7378162645579716
4.161549448076925,-0.7346398276818257
4.164692612312632,-1.1939452221347384
4.16783577654834,-1.001875810278965
4.170978940784048,-0.8519955518542144
4.174122105019755,-0.927676848448798
4.177265269255463,-0.9986809524585814
4.18040843349117,-0.8884960862755537
4.183551597726878,-0.6614567988957825
4.186694761962586,-0.7543081490176797
4.189837926198293,-0.8536893072597953
4.192981090434001,-0.9402473392127438
4.196124254669709,-0.9537755581481908
4.199267418905416,-0.9261410073733648
4.202410583141124,-0.9585464168848153
4.205553747376832,-0.769577702575864
4.208696911612539,-0.9518286231804458
4.211840075848247,-0.7310643040847709
4.214983240083955,-0.8459642349256895
4.218126404319662,-0.9320339768431568
4.221269568555369,-1.034982132510804
4.224412732791078,-0.7944062678417654
4.227555897026785,-0.9814658397112787
4.230699061262492,-0.9848502068474148
4.233842225498201,-0.9148145645192952
4.236985389733908,-0.9336945984517454
4.240128553969615,-1.0737138241664845
4.243271718205324,-0.8116007352836172
4.246414882441031,-0.7539960986294597
4.249558046676738,-0.8821398263036384
4.252701210912447,-0.905432342908742
4.255844375148154,-0.9987340875582914
4.258987539383861,-0.7757568445918783
4.262130703619569,-1.0447721614839622
4.265273867855277,-0.9094957473400735
4.268417032090984,-0.833522378212918
4.271560196326692,-0.8763493636774085
4.2747033605624,-0.8626876340012255
4.2778465247981075,-0.9885753479957786
4.280989689033815,-1.1980127762991084
4.284132853269523,-0.8880523874398503
4.2872760175052305,-0.9791936473387284
4.290419181740938,-0.8428546315101775
4.293562345976646,-0.9406490139124034
4.2967055102123535,-1.0418374106790347
4.299848674448061,-0.9257569395976369
4.302991838683768,-0.9408617377745171
4.3061350029194765,-1.0062011978122745
4.309278167155184,-0.8815901418920304
4.312421331390891,-0.9603990176010219
4.3155644956265995,-1.0632235391343827
4.318707659862307,-0.9739327389544217
4.321850824098014,-0.8113214528041037
4.3249939883337225,-0.9981518883668311
4.32813715256943,-0.9180831188857125
4.331280316805137,-0.8240959195685308
4.3344234810408455,-0.8722340346021946
4.337566645276553,-0.8647238752620297
4.34070980951226,-1.0855313230650336
4.343852973747968,-0.8860914067774367
4.346996137983676,-0.9498138860638585
4.350139302219383,-0.9229533406864556
4.353282466455091,-0.9783052224616242
4.356425630690799,-0.8900849813809834
4.359568794926506,-1.0256155377038516
4.362711959162214,-0.8755870940109881
4.365855123397922,-1.0380845758136248
4.368998287633629,-0.875057435078447
4.372141451869337,-0.9516214846725318
4.375284616105045,-0.9888258966334258
4.378427780340752,-0.9491227929549354
4.38157094457646,-0.9874346412330289
4.384714108812167,-0.9981365732474373
4.387857273047875,-1.1116013256356538
4.391000437283583,-0.9160125783462943
4.39414360151929,-1.0126756313072183
4.397286765754998,-0.9961944830598578
4.400429929990706,-0.8452325099294891
4.403573094226413,-0.8906856681043609
4.406716258462121,-0.8985112826210561
4.409859422697829,-0.8843940878999607
4.413002586933536,-0.842840690881683
4.416145751169244,-1.2546126535575082
4.419288915404952,-0.9218736087143996
4.422432079640659,-1.0516078392135058
4.4255752438763665,-0.9569023666902591
4.428718408112075,-1.0345180265305967
4.431861572347782,-0.9950834418239434
4.4350047365834895,-1.0040507415099127
4.438147900819198,-0.9759744363380558
4.441291065054905,-1.1445250437377394
4.4444342292906125,-1.0030658544625115
4.447577393526321,-0.9887686901693873
4.450720557762028,-1.0584783656943968
4.4538637219977355,-0.8709584006780822
4.457006886233444,-0.9877232042554336
4.460150050469151,-0.9550333145984553
4.4632932147048585,-0.9914091172443082
4.466436378940566,-1.088225112567148
4.469579543176274,-0.9639675934331543
4.4727227074119815,-0.8545935081784198
4.475865871647689,-1.0423605938689402
4.479009035883397,-1.0363695554000452
4.4821522001191045,-0.8985070273076037
4.485295364354812,-0.9705238922391349
4.48843852859052,-0.8292947759734922
4.4915816928262275,-0.9762197801483958
4.494724857061935,-0.9316374351257843
4.497868021297643,-0.741126691520019
4.501011185533351,-0.8979718520824109
4.504154349769058,-0.9693130893873583
4.507297514004765,-1.0182082164282067
4.510440678240474,-0.8774397376767749
4.513583842476181,-0.9341695830021379
4.516727006711888,-1.1571817930958308
4.519870170947597,-0.9527807759938413
4.523013335183304,-1.0367834301306327
4.526156499419011,-1.0017717085258362
4.52929966365472,-0.9231129017103789
4.532442827890427,-0.999315990350883
4.535585992126134,-0.8746143598615755
4.538729156361842,-0.989218549133815
4.54187232059755,-1.000379362468304
4.545015484833257,-0.8963392756596144
4.548158649068965,-1.1240698087969938
4.551301813304673,-0.8455840789643003
4.55444497754038,-0.9855929807855782
4.557588141776088,-1.064389071878632
4.560731306011796,-1.0060458548125342
4.563874470247503,-1.1007123213797547
4.567017634483211,-1.0403151835707485
4.570160798718919,-0.917415524084968
4.573303962954626,-1.0120824300115094
4.576447127190334,-0.8951364866399658
4.579590291426041,-0.854941074675644
4.582733455661749,-0.9903062962281197
4.585876619897457,-1.0577999594882996
4.589019784133164,-0.9627450522137002
4.592162948368872,-0.9159119921497721
4.59530611260458,-1.0189088446614358
4.598449276840287,-0.9661868935179865
4.601592441075995,-0.9897826009086258
4.604735605311703,-1.223791100127081
4.60787876954741,-0.9926829542134926
4.611021933783118,-1.178112919650229
4.614165098018826,-0.9966123438264618
4.617308262254533,-1.0992698926081446
4.6204514264902405,-1.0756352899346957
4.623594590725949,-0.8673462445512956
4.626737754961656,-1.0122888784897324
4.6298809191973636,-0.9829694633731533
4.633024083433072,-0.931037496845524
4.636167247668779,-1.0353510108577797
4.639310411904487,-1.06875951341304
4.642453576140195,-1.0102086244610406
4.645596740375902,-0.9864144124957375
4.64873990461161,-1.0228282836993632
4.651883068847318,-1.0191937868207488
4.655026233083025,-1.0227457308123689
4.658169397318733,-1.084499879545348
4.66131256155444,-0.8440390412133927
4.664455725790148,-0.9803975251848708
4.667598890025856,-1.0354773310182508
4.670742054261563,-0.8268496758299484
4.673885218497271,-1.1491469040183975
4.677028382732979,-1.105579335884782
4.680171546968686,-0.9693746790444668
4.683314711204394,-0.8084561132347259
4.686457875440102,-0.9690269227538805
4.689601039675809,-1.0289171588980583
4.692744203911517,-0.8269397269667873
4.695887368147225,-1.097724585480042
4.699030532382932,-0.8864026475563792
4.702173696618639,-0.999246889182324
4.705316860854348,-1.1901060303394582
4.708460025090055,-0.983982246222518
4.711603189325762,-1.2217570468343149
4.714746353561471,-0.5219445126826656
4.717889517797178,-1.1659888749778662
4.721032682032885,-0.41091347630610453
4.724175846268594,-0.9143590559206917
4.727319010504301,-1.103521090198408
4.730462174740008,-0.9142009238970926
4.733605338975717,-1.2153756148746049
4.736748503211424,-1.7432055316207193
4.739891667447131,-1.0794122757208016
4.743034831682839,-0.9118642685511548
4.746177995918547,-0.5837372227488138
4.749321160154254,-1.3366196631547973
4.752464324389962,-1.2784960664351335
4.75560748862567,-0.7145003481752177
4.758750652861377,-1.1124866117198988
4.761893817097085,-0.6927545129423327
4.765036981332793,-0.39523535540713794
4.7681801455685004,-1.641080825812462
4.771323309804208,-0.45490156041408036
4.774466474039916,-0.5802426796519089
4.7776096382756235,-0.6090574991989358
4.780752802511331,-1.0333131355783196
4.783895966747038,-1.287819708812852
4.7870391309827465,-1.4588044739646782
4.790182295218454,-1.3117137837889856
4.793325459454161,-0.7793355880523973
4.7964686236898695,-0.9651328626461304
4.799611787925577,-0.5211012116395403
4.802754952161284,-1.4623849155208086
4.8058981163969925,-0.9741479617475177
4.8090412806327,-1.2259618917009658
4.812184444868407,-1.4819023479335227
4.8153276091041155,-0.9445464089827292
4.818470773339823,-0.7913338453931594
4.82161393757553,-1.0687705442536457
4.824757101811238,-1.2257582194583203
4.827900266046946,-0.6054080142072966
4.831043430282653,-1.0185692317316073
4.834186594518361,-1.0807335798343685
4.837329758754069,-1.1437880130443812
4.840472922989776,-0.6361724886501428
4.843616087225484,-1.28123901788473
4.846759251461192,-1.115407471751788
4.849902415696899,-1.0920890946123987
4.853045579932607,-0.7339963528231992
4.856188744168315,-1.890337259069681
4.859331908404022,-1.4193142370326983
4.86247507263973,-1.2197619978103333
4.865618236875437,-0.5096619849771997
4.868761401111145,-1.0772144038244549
4.871904565346853,-1.2316434560721201
4.87504772958256,-1.1963871029752826
4.878190893818268,-1.4405219023642684
4.881334058053976,-0.6353977843102231
4.884477222289683,-0.8083090852818489
4.887620386525391,-0.42641447692931567
4.890763550761099,-0.9812943255520598
4.893906714996806,-1.3133069276623786
4.897049879232514,-1.0116896225984089
4.900193043468222,-1.1310092606878495
4.903336207703929,-1.1384112968070825
4.9064793719396365,-1.1875976484165025
4.909622536175345,-0.9394145953162979
4.912765700411052,-0.8510227101884111
4.9159088646467595,-1.052461066292548
4.919052028882468,-0.7042056277927058
4.922195193118175,-1.3394723872535828
4.9253383573538825,-0.9670798333995801
4.928481521589591,-0.3378391566510902
4.931624685825298,-0.4247950314473772
4.9347678500610055,-1.0958836738605304
4.937911014296713,-0.3742040212679806
4.941054178532421,-0.9280211880695994
4.9441973427681285,-0.9354554729954498
4.947340507003836,-1.295800796708816
4.950483671239544,-1.2312149569305098
4.9536268354752515,-1.278403045650104
4.956769999710959,-1.259994660246163
4.959913163946667,-0.47420453372087046
4.9630563281823745,-0.7695199931101322
4.966199492418082,-1.0299190259794417
4.96934265665379,-0.7919049329052597
4.9724858208894975,-0.3628862450076501
4.975628985125205,-0.7594842644149572
4.978772149360912,-0.7617526528256139
4.9819153135966205,-1.1825556964619193
4.985058477832328,-0.9922262859426373
4.988201642068035,-1.142501565980278
4.9913448063037436,-1.1960456240336248
4.994487970539451,-0.6001367907747042
4.997631134775158,-1.3992779665265132
5.000774299010867,-0.6736108838003575
5.003917463246574,-0.7510064187196368
5.007060627482281,-0.5109457015862446
5.01020379171799,-0.6725591195274172
5.013346955953697,-0.8140799440858222
5.016490120189404,-0.7703300628235209
5.019633284425112,-1.0075344676953073
5.02277644866082,-1.1203444750466056
5.025919612896527,-1.0248385630927532
5.029062777132235,-1.5471259178894992
5.032205941367943,-1.2422200427659789
5.03534910560365,-0.5042160176457435
5.038492269839358,-1.0898814285073435
5.041635434075066,-1.198259635748604
5.044778598310773,-0.805662250818786
5.047921762546481,-0.7112149421386775
5.051064926782189,-1.510669386520255
5.054208091017896,-0.6287372144077241
5.057351255253604,-1.1921737712496165
5.060494419489311,-1.100989170344195
5.063637583725019,-0.1829694377674167
5.066780747960727,-1.0142164028783105
5.069923912196434,-0.6485457340313969
5.073067076432142,-1.1359283589973648
5.07621024066785,-1.2815326771652633
5.079353404903557,-1.351463367668448
5.082496569139265,-0.8374718279649996
5.085639733374973,-1.3807066865818134
5.08878289761068,-1.0674389201580825
5.091926061846388,-1.3525820340816173
5.095069226082096,-1.0834375425876843
5.098212390317803,-0.7459862352996097
5.1013555545535105,-1.2524320609912727
5.104498718789219,-1.259081788847392
5.107641883024926,-1.2666761965124218
5.1107850472606335,-0.5529388204444978
5.113928211496342,-1.151499172220541
5.117071375732049,-0.5625284753281999
5.1202145399677566,-1.2054749033155019
5.123357704203465,-0.533152671142707
5.126500868439172,-0.8403192749664837
5.12964403267488,-0.9661194695027215
5.132787196910588,-0.9164406187513355
5.135930361146295,-1.0546792434995953
5.139073525382003,-0.9693718712423082
5.14221668961771,-0.5947301379749352
5.145359853853418,-1.2430112889459644
5.148503018089126,-0.9741587661449898
5.151646182324833,-0.7172278468796488
5.154789346560541,-0.6349475463129193
5.157932510796249,-0.8175185450957199
5.161075675031956,-0.9709923888578014
5.164218839267664,-0.6061250875735629
5.167362003503372,-1.381921031180489
5.170505167739079,-0.9892805320589566
5.173648331974787,-0.956288255942055
5.176791496210495,-0.9273999084257922
5.179934660446202,-0.4500960697168426
5.183077824681909,-1.048738913797782
5.186220988917618,-0.2044731736900468
5.189364153153325,-0.9421132912933466
5.192507317389032,-1.3453668929157745
5.195650481624741,-1.1137552987915884
5.198793645860448,-1.053358117349552
5.201936810096155,-0.8125408222873939
5.205079974331864,-0.7103579389134279
5.208223138567571,-0.3104663625807722
5.211366302803278,-0.8664164006628271
5.214509467038987,-1.342568946067083
5.217652631274694,-1.5419394998081826
5.220795795510401,-0.7795211781634028
5.223938959746109,-1.0038646209574937
5.227082123981817,-0.9218242974204829
5.230225288217524,-0.8197459483178794
5.233368452453232,-0.8320646808479992
5.23651161668894,-0.8765982414060353
5.239654780924647,-1.054579040912201
5.242797945160355,-0.8396337680851989
5.245941109396063,-0.9146891182035228
5.24908427363177,-0.5508317582311472
5.252227437867478,-0.9624039022473252
5.255370602103186,-0.6408387280210246
5.2585137663388934,-0.6473646748402813
5.261656930574601,-0.9623283116133036
5.264800094810308,-1.325154512262338
5.2679432590460165,-0.47910861819982004
5.271086423281724,-1.48046103627448
5.274229587517431,-0.8546522831132463
5.2773727517531395,-0.9122807524753088
5.280515915988847,-1.1845685829132402
5.283659080224554,-0.8347486149479226
5.2868022444602625,-0.7747661961650395
5.28994540869597,-0.6675714959638483
5.293088572931677,-0.6280103996977607
5.2962317371673855,0.05954258907853016
5.299374901403093,-0.25174708668965173
5.3025180656388,-0.7371999255172013
5.305661229874508,-0.6863529298600058
5.308804394110216,-0.9348435562913829
5.311947558345923,-0.8108870160983919
5.315090722581631,-0.8602682539061522
5.318233886817339,-0.5693378791287997
5.321377051053046,-0.40357158865662285
5.324520215288754,-0.5701706157330473
5.327663379524462,-0.7595103426278044
5.330806543760169,-1.188530510096733
5.333949707995877,-1.0218300716797635
5.337092872231585,-0.9739661200000107
5.340236036467292,-0.4264433688612289
5.343379200703,-1.3646968071972414
5.346522364938707,-0.8525006315231531
5.349665529174415,-0.6828260863537774
5.352808693410123,-0.6788906817904794
5.35595185764583,-1.0986350133906888
5.359095021881538,-0.7970763832810226
5.362238186117246,-0.9192693349240374
5.365381350352953,-0.3614702137279171
5.368524514588661,-0.5147020424900467
5.371667678824369,-0.8418839613421656
5.374810843060076,-0.6358016560238529
5.377954007295783,-1.0051964604723915
5.381097171531492,-0.7209340887459295
5.384240335767199,-0.8558458876160995
5.3873835000029064,-0.5040003670384852
5.390526664238615,-1.0074320223396023
5.393669828474322,-0.8076693557314379
5.3968129927100295,-0.4879824460990293
5.399956156945738,-0.32938787070778625
5.403099321181445,-0.623971756551536
5.4062424854171525,-0.6138822804327041
5.409385649652861,-0.4338706345624747
5.412528813888568,-1.1078395056954489
5.4156719781242755,-0.5121421325226578
5.418815142359983,-0.8494311502783005
5.421958306595691,-0.41570483594460295
5.4251014708313985,-0.5450844455261925
5.428244635067106,-0.6788371193709866
5.431387799302814,-0.6739304963379685
5.4345309635385215,-1.3250338341731756
5.437674127774229,-1.2919473255677663
5.440817292009937,-0.5919561333552353
5.4439604562456445,-0.8270138843938175
5.447103620481352,-0.5073187715441284
5.45024678471706,-0.20114933038300875
5.4533899489527675,-0.42090667809906074
5.456533113188475,-0.37063746090287
5.459676277424182,-0.5248227430523235
5.4628194416598905,-0.6445444614693997
5.465962605895598,-0.910074288325838
5.469105770131305,-0.8031206201471065
5.4722489343670135,-0.8102466934436269
5.475392098602721,-1.0440855078140847
5.478535262838428,-0.4933221249294414
5.4816784270741366,-1.238292311603837
5.484821591309844,-0.9164711270948871
5.487964755545551,-0.8983333183037869
5.49110791978126,-0.36704401766945216
5.494251084016967,-0.8739728393796129
5.497394248252674,-0.4774316162632887
5.500537412488382,-0.32110369127374444
5.50368057672409,-0.535634743216052
5.506823740959797,-0.8071018902837487
5.509966905195505,-0.36299538567578504
5.513110069431213,-0.08815008752596831
5.51625323366692,-0.3898347634136012
5.519396397902628,-0.7260470512006154
5.522539562138336,-0.43964991008311227
5.525682726374043,-0.9819305016050435
5.528825890609751,-0.44671203385110314
5.531969054845459,-0.8266199664169054
5.535112219081166,-0.8444245767574718
5.538255383316874,-0.17427450076347073
5.541398547552581,-1.051066870987364
5.544541711788289,-0.505832858334556
5.547684876023997,-0.6671913677325471
5.550828040259704,-0.5085121506257244
5.553971204495412,-0.3560561182571946
5.55711436873112,-0.40061130046832966
5.560257532966827,-0.377602160816547
5.563400697202535,-1.0066742216931583
5.566543861438243,-0.7936725529479027
5.56968702567395,-0.6450059243538998
5.572830189909658,-0.12015074499226464
5.575973354145366,-0.7081176017573996
5.579116518381073,-0.3999080327805412
5.5822596826167805,-0.5658653314491016
5.585402846852489,-0.3975377251729519
5.588546011088196,-0.28055446912340914
5.5916891753239035,-1.2722826486173044
5.594832339559612,-0.5558565066826509
5.597975503795319,-0.14192363783458073
5.6011186680310265,-0.8409765464148863
5.604261832266735,-0.9330536724895222
5.607404996502442,-1.105632300187985
5.6105481607381495,-0.6282592870421562
5.613691324973858,-1.1662209953826546
5.616834489209565,-0.5580026377377242
5.619977653445273,-0.02856289353639163
5.62312081768098,-0.17853223726614303
5.626263981916688,-0.2481386196762953
5.629407146152396,-0.44429240832999534
5.632550310388103,-0.4224098863858289
5.635693474623811,-0.2896071826333368
5.638836638859519,-0.6416782952550208
5.641979803095226,-0.9258783003913262
5.645122967330934,-0.8162064419270139
5.648266131566642,-0.2564194975065805
5.651409295802349,0.2535082467621549
5.654552460038057,-0.4810835936168537
5.657695624273765,-0.20715326870545542
5.660838788509472,-1.009867753133123
5.663981952745179,-0.6830130392240037
5.667125116980888,-0.4742388880179855
5.670268281216595,0.028697769078480206
5.673411445452302,-0.6996431820756813
5.676554609688011,-0.567981125537106
5.679697773923718,-0.6105320923626336
5.682840938159425,-0.2807294012545428
5.685984102395134,-1.0317163235950364
5.689127266630841,-0.45906155191970327
5.692270430866548,-1.062955757033757
5.695413595102257,-0.3333159197746802
5.698556759337964,-0.5413436402549617
5.701699923573671,-0.6772963722951005
5.704843087809379,-1.1435866696041812
5.707986252045087,-0.37940025818112944
5.711129416280794,-0.22212471225847485
5.714272580516502,-0.5025503294488963
5.71741574475221,-0.7049656826001685
5.720558908987917,-0.46246815932416274
5.723702073223625,-0.7040176247138659
5.726845237459333,-0.3828057611447107
5.72998840169504,-0.7707641125203073
5.733131565930748,-0.4347873580948671
5.736274730166456,-0.28736179593340827
5.739417894402163,-0.759139805649452
5.742561058637871,-1.1405572019226238
5.745704222873578,-0.7624255897632909
5.7488473871092864,0.0035639398536472244
5.751990551344994,-0.2898433162283126
5.755133715580701,-0.8197695947661108
5.7582768798164095,-0.3823398775514712
5.761420044052117,-0.5771932729293047
5.764563208287824,-0.4180968275563533
5.7677063725235325,-0.3996669098597519
5.77084953675924,-0.6190078674234137
5.773992700994947,-0.043315994034961225
5.7771358652306555,-0.18416184710914724
5.780279029466363,-0.8679936576848333
5.78342219370207,-0.5297911644330715
5.786565357937778,-0.847499059330092
5.789708522173486,-0.8386323514475504
5.792851686409193,-0.6893814524809403
5.795994850644901,-0.8244285868751808
5.799138014880609,-0.49854164306968485
5.802281179116316,-0.15441645742760912
5.805424343352024,-0.8245567199339652
5.808567507587732,-0.25355280529226043
5.811710671823439,-0.4395882893696975
5.814853836059147,-0.24988372621638574
5.817997000294854,-0.6764756261977105
5.821140164530562,-0.4043598733345325
5.82428332876627,0.1386306950439285
5.827426493001977,-0.5985627802417536
5.830569657237685,-0.08477686608782498
5.833712821473393,-0.8254417640550955
5.8368559857091,-0.4107808817362854
5.839999149944808,0.08975753354493182
5.843142314180516,-0.5214159097779408
5.846285478416223,-0.5781629049630806
5.849428642651931,-0.43582413162229816
5.852571806887639,-0.41659038505979595
5.855714971123346,-0.4097675806612656
5.858858135359053,-0.4021275795669672
5.862001299594762,-0.6513993966229594
5.865144463830469,-0.25448837630029375
5.868287628066176,-0.05493992379224738
5.871430792301885,-0.19884066592236413
5.874573956537592,-0.2422623055293066
5.877717120773299,-0.3664134637355833
5.880860285009008,0.1345906050560331
5.884003449244715,-0.24820389589614208
5.8871466134804225,-0.4487461025679224
5.890289777716131,-0.8807554233491695
5.893432941951838,-0.2663910355718075
5.8965761061875455,-0.5611018409513262
5.899719270423253,-0.09674523715500122
5.902862434658961,-0.5006573241604474
5.9060055988946685,-0.15514877470889682
5.909148763130376,-0.39514297378807045
5.912291927366084,-0.4698146899158862
5.9154350916017915,-0.8786492803121809
5.918578255837499,-0.09700630533382204
5.921721420073207,-0.5290506864848901
5.9248645843089145,0.10459555838873424
5.928007748544622,-0.8388824262731102
5.93115091278033,-0.3794604728748634
5.9342940770160375,-0.23257050844558116
5.937437241251745,-0.3181103663436479
5.940580405487452,-0.14613558736390778
5.9437235697231605,-0.5219127838536894
5.946866733958868,-0.3483665539438327
5.950009898194575,-0.1022100532559416
5.9531530624302835,-0.02376565645697598
5.956296226665991,-0.7833063008583542
5.959439390901698,0.08450389393801161
5.9625825551374065,-0.18949827503768085
5.965725719373114,-0.31464885024263317
5.968868883608821,0.14714007137773794
5.9720120478445295,-0.6199033891513408
5.975155212080237,-0.12811080642277406
5.978298376315944,-0.16817611887288958
5.981441540551652,-0.4666899735602871
5.98458470478736,-0.6592537654630252
5.987727869023067,0.030410875969006934
5.990871033258775,-0.4792005757641222
5.994014197494483,0.4678363102388044
5.99715736173019,-0.21699813879138383
6.000300525965898,-0.29969339186926514
6.003443690201606,-0.6629023171709384
6.006586854437313,-0.6226038790995924
6.009730018673021,-0.06132164466198689
6.012873182908729,-0.4323984802907219
6.016016347144436,-0.6737607688996001
6.019159511380144,-0.23097914319439775
6.022302675615851,-0.5073626571454269
6.025445839851559,0.11759001488075044
6.028589004087267,-0.033937550619538404
6.031732168322974,-0.14666185741029686
6.034875332558682,-0.6704786417108436
6.03801849679439,-0.48020587774570106
6.041161661030097,-0.46525925167256277
6.044304825265805,-0.3945509898024457
6.047447989501513,-0.5964132066918115
6.05059115373722,-0.27413401013311733
6.053734317972928,-0.25459132819026137
6.056877482208636,-0.0904027244113362
6.060020646444343,-0.36837312582238346
6.0631638106800505,0.01649380040540238
6.066306974915759,-0.12212413055709097
6.069450139151466,-0.6306371602169057
6.0725933033871735,-0.2528635129879708
6.075736467622882,-0.004613936835094867
6.078879631858589,-0.0410230372391267
6.0820227960942965,-1.2776873873127312
6.085165960330005,-0.24793468777764177
6.088309124565712,0.19328776315643326
6.0914522888014195,-0.4142900361578492
6.094595453037128,0.3223008521924615
6.097738617272835,0.584464937830631
6.1008817815085425,-0.6263860729597945
6.10402494574425,-0.2881437524422201
6.107168109979958,-0.4528367719552301
6.1103112742156656,-0.21577699862265579
6.113454438451373,-0.030618849216310584
6.116597602687081,0.30132304952358235
6.119740766922789,-0.13254037086033926
6.122883931158496,0.34787926164873334
6.126027095394204,-0.35219612106146286
6.129170259629912,-0.5387376119115014
6.132313423865619,-0.42229721835517897
6.135456588101327,0.08460477309044423
6.138599752337035,-0.07435369701767881
6.141742916572742,-0.009408436189411062
6.144886080808449,-0.26723720918653254
6.148029245044158,-0.26715481262026264
6.151172409279865,0.209818662696275
6.154315573515572,-0.43439420727800143
6.157458737751281,-0.2768838910947653
6.160601901986988,-0.24564302513617536
6.163745066222695,-0.3934250343144701
6.166888230458404,-0.08321081421895464
6.170031394694111,-0.3449709675616004
6.173174558929818,-0.36035819162606564
6.176317723165527,-0.26002404267109136
6.179460887401234,-0.12312571184098223
6.182604051636941,-0.030339544639301774
6.185747215872649,-0.2559747103599847
6.188890380108357,0.3043769886367243
6.192033544344064,-0.5214272775152906
6.195176708579772,-0.5349266177764029
6.19831987281548,-0.32827133608568293
6.201463037051187,-0.28347481144480746
6.204606201286895,0.021360554994496045
6.207749365522603,-0.11149644536465057
6.21089252975831,-0.5691396949996128
6.214035693994018,-0.3997202436922332
6.217178858229726,-0.08832914788833383
6.220322022465433,-0.5368438339792191
6.223465186701141,-0.103621818973367
6.226608350936848,0.8699958349399709
6.229751515172556,-0.08822854349728863
6.232894679408264,-0.35840379231283753
6.236037843643971,0.5104993286178371
6.239181007879679,-0.26345203453573784
6.242324172115387,0.01813774241368598
6.245467336351094,0.21097980582028636
6.2486105005868025,-0.33482526088169784
6.25175366482251,-0.4039844066419741
6.254896829058217,-0.1020483816700739
6.258039993293925,-0.1596837321535353
6.261183157529633,0.13817395622119366
6.26432632176534,0.06625625979124787
6.267469486001048,0.7643297375862457
6.270612650236756,0.5683143824316457
6.273755814472463,-0.3479488796860329
6.276898978708171,-0.7283129358011537
6.280042142943879,0.017408310048831407
6.283185307179586,0.47524401505581354
